datetime_utc,log_RV_hat,sigma2_t
2024-01-01 01:00:00,,
2024-01-01 02:00:00,,
2024-01-01 03:00:00,,
2024-01-01 04:00:00,,
2024-01-01 05:00:00,,
2024-01-01 06:00:00,,
2024-01-01 07:00:00,,
2024-01-01 08:00:00,,
2024-01-01 09:00:00,,
2024-01-01 10:00:00,,
2024-01-01 11:00:00,,
2024-01-01 12:00:00,,
2024-01-01 13:00:00,,
2024-01-01 14:00:00,,
2024-01-01 15:00:00,,
2024-01-01 16:00:00,,
2024-01-01 17:00:00,,
2024-01-01 18:00:00,,
2024-01-01 19:00:00,,
2024-01-01 20:00:00,,
2024-01-01 21:00:00,,
2024-01-01 22:00:00,,
2024-01-01 23:00:00,,
2024-01-02 00:00:00,-11.1923827663317,1.23769671649773
2024-01-02 01:00:00,-10.6449017564867,1.29466282372973
2024-01-02 02:00:00,-10.8512140246359,1.29061176646144
2024-01-02 03:00:00,-11.1207710249688,1.27781676300682
2024-01-02 04:00:00,-10.9923571947332,1.26592433709633
2024-01-02 05:00:00,-11.0510178045441,1.25370959014067
2024-01-02 06:00:00,-11.3244354126986,1.23924581531797
2024-01-02 07:00:00,-11.6290554427818,1.22512323764327
2024-01-02 08:00:00,-11.1433468979931,1.21836819813871
2024-01-02 09:00:00,-10.9437630364459,1.21818902868939
2024-01-02 10:00:00,-11.1380027599002,1.20310924749499
2024-01-02 11:00:00,-11.1824208526978,1.19003496868223
2024-01-02 12:00:00,-10.8610443150585,1.18045658655712
2024-01-02 13:00:00,-10.5464523660038,1.16645800037986
2024-01-02 14:00:00,-11.2373621526969,1.17157037083441
2024-01-02 15:00:00,-10.2249275890167,1.2013030165362
2024-01-02 16:00:00,-10.2052000707101,1.20060063814622
2024-01-02 17:00:00,-10.6690844389023,1.19127142643823
2024-01-02 18:00:00,-10.968920171152,1.176702479007
2024-01-02 19:00:00,-10.6869468757117,1.1716247996247
2024-01-02 20:00:00,-10.6957747856946,1.16110338567465
2024-01-02 21:00:00,-10.9860618327829,1.14892345639237
2024-01-02 22:00:00,-10.6106450461608,1.1494853946521
2024-01-02 23:00:00,-10.8722814506025,1.13690645540797
2024-01-03 00:00:00,-9.78510591654457,1.12345643801366
2024-01-03 01:00:00,-10.2222580157093,1.11343464697799
2024-01-03 02:00:00,-10.7496771493874,1.14463821443096
2024-01-03 03:00:00,-10.6984223981892,1.14430836284408
2024-01-03 04:00:00,-10.4856173428171,1.14475064056284
2024-01-03 05:00:00,-10.6928611918344,1.16476828231131
2024-01-03 06:00:00,-11.0404192337101,1.19792579856895
2024-01-03 07:00:00,-10.8428642218326,1.19514448030235
2024-01-03 08:00:00,-10.1683293471488,1.18104161227712
2024-01-03 09:00:00,-10.3836829647951,1.17837839904448
2024-01-03 10:00:00,-10.0206384787768,1.16400743888491
2024-01-03 11:00:00,-9.96900194953018,1.1543461325268
2024-01-03 12:00:00,-9.25955908559088,1.16799677426063
2024-01-03 13:00:00,-8.43196283407392,1.21404545804526
2024-01-03 14:00:00,-9.62669068618549,1.22027423567418
2024-01-03 15:00:00,-9.41309784551743,1.20524939881467
2024-01-03 16:00:00,-9.22191037570276,1.19298058761142
2024-01-03 17:00:00,-9.54920863264118,1.17937841202077
2024-01-03 18:00:00,-9.60846969145195,1.16597761770235
2024-01-03 19:00:00,-9.38683429346961,1.15699768307221
2024-01-03 20:00:00,-9.51075461804948,1.14297493186243
2024-01-03 21:00:00,-9.93154448023486,1.1463762164599
2024-01-03 22:00:00,-9.85501001041887,1.13533464060458
2024-01-03 23:00:00,-10.1201171971751,1.13228173923158
2024-01-04 00:00:00,-9.61076750671482,1.13588773348609
2024-01-04 01:00:00,-10.1218764532424,1.1652275982022
2024-01-04 02:00:00,-9.68102842628586,1.15151915339324
2024-01-04 03:00:00,-9.84552188889561,1.15045925233801
2024-01-04 04:00:00,-9.75695749243148,1.15443288413999
2024-01-04 05:00:00,-9.89416075380735,1.16604168492678
2024-01-04 06:00:00,-10.0547938585155,1.17095661877178
2024-01-04 07:00:00,-10.2928364688181,1.19663613734772
2024-01-04 08:00:00,-9.56995698564448,1.18191972209716
2024-01-04 09:00:00,-9.70494129532127,1.17958791472136
2024-01-04 10:00:00,-10.061249955753,1.22725996878708
2024-01-04 11:00:00,-9.50196886262094,1.21638523028578
2024-01-04 12:00:00,-9.73652112243793,1.24657481911686
2024-01-04 13:00:00,-8.96035280917575,1.23267075377348
2024-01-04 14:00:00,-9.51776531491188,1.26117516163882
2024-01-04 15:00:00,-9.05973541811016,1.24953389501116
2024-01-04 16:00:00,-8.80635905383096,1.23405671224542
2024-01-04 17:00:00,-9.46452138073482,1.24110397992158
2024-01-04 18:00:00,-9.30592886480059,1.22703589251933
2024-01-04 19:00:00,-9.87882427180407,1.29744052352964
2024-01-04 20:00:00,-9.31261863959167,1.28207268690283
2024-01-04 21:00:00,-9.11591398554571,1.26747695207685
2024-01-04 22:00:00,-9.30517838857564,1.26693082765279
2024-01-04 23:00:00,-9.38637475603785,1.25748174878112
2024-01-05 00:00:00,-10.8368946461814,1.29303390838272
2024-01-05 01:00:00,-10.6398872710415,1.27752273341346
2024-01-05 02:00:00,-9.47037615631258,1.36489160497443
2024-01-05 03:00:00,-10.2179540332982,1.35017915440322
2024-01-05 04:00:00,-10.2941766260225,1.33665177765356
2024-01-05 05:00:00,-10.3416529269396,1.32101337653594
2024-01-05 06:00:00,-10.5354905338652,1.30563710701715
2024-01-05 07:00:00,-10.6241683339063,1.29110044383272
2024-01-05 08:00:00,-10.8464868102644,1.3081486047554
2024-01-05 09:00:00,-10.3689797171672,1.2921626328528
2024-01-05 10:00:00,-10.3818450607897,1.28061665434545
2024-01-05 11:00:00,-10.0432517910848,1.26448511485277
2024-01-05 12:00:00,-10.3353035176167,1.26865168602708
2024-01-05 13:00:00,-9.70335531872935,1.25285981592942
2024-01-05 14:00:00,-10.149395116548,1.25301457211665
2024-01-05 15:00:00,-9.66481205608924,1.23757396150544
2024-01-05 16:00:00,-9.74344292590275,1.22445293132083
2024-01-05 17:00:00,-9.97652053996669,1.2092742392272
2024-01-05 18:00:00,-9.87794764596371,1.19590034385793
2024-01-05 19:00:00,-10.2458513294218,1.20054553369024
2024-01-05 20:00:00,-10.0850807476193,1.18740874703204
2024-01-05 21:00:00,-9.75401433243214,1.17489920920049
2024-01-05 22:00:00,-10.0482293043664,1.16873778775479
2024-01-05 23:00:00,-10.4022194848035,1.17070055757888
2024-01-06 00:00:00,-9.88223983956956,1.15654033849669
2024-01-06 01:00:00,-10.6695710508422,1.19407097992297
2024-01-06 02:00:00,-10.76097737016,1.2155613775722
2024-01-06 03:00:00,-11.0569974989238,1.27041143529393
2024-01-06 04:00:00,-10.6169206600286,1.27689442959113
2024-01-06 05:00:00,-10.6999728591348,1.30029676522602
2024-01-06 06:00:00,-10.3468108757878,1.28390654282801
2024-01-06 07:00:00,-10.6398049705604,1.28990337075867
2024-01-06 08:00:00,-10.3375995612873,1.28076256435946
2024-01-06 09:00:00,-10.5386674174215,1.29321218829333
2024-01-06 10:00:00,-10.691047695928,1.33026537444459
2024-01-06 11:00:00,-10.467636645312,1.34784023595324
2024-01-06 12:00:00,-10.3909167274388,1.36573902227538
2024-01-06 13:00:00,-10.1493810077002,1.40271958215036
2024-01-06 14:00:00,-10.4579020108847,1.44965387775161
2024-01-06 15:00:00,-10.1905740103778,1.47239032599231
2024-01-06 16:00:00,-10.3367942815263,1.52310380959198
2024-01-06 17:00:00,-10.527114253489,1.54178400993591
2024-01-06 18:00:00,-10.4112710503222,1.54501334428929
2024-01-06 19:00:00,-10.1774932720408,1.54139098909329
2024-01-06 20:00:00,-10.2996937059909,1.56013563695584
2024-01-06 21:00:00,-10.0556255885874,1.55113042575265
2024-01-06 22:00:00,-10.2394637000204,1.56922079416196
2024-01-06 23:00:00,-10.4349073014326,1.58538280479269
2024-01-07 00:00:00,-12.2716148457078,1.5894206113717
2024-01-07 01:00:00,-11.5150418567726,1.59750249062862
2024-01-07 02:00:00,-11.7482090722259,1.57643248821501
2024-01-07 03:00:00,-11.5112839032887,1.56600920137566
2024-01-07 04:00:00,-11.7659857395896,1.55153175113668
2024-01-07 05:00:00,-11.9796794272535,1.53939166414473
2024-01-07 06:00:00,-12.0415893413702,1.51969570128438
2024-01-07 07:00:00,-11.7515793373999,1.5056233010943
2024-01-07 08:00:00,-11.8488091785789,1.48947016738169
2024-01-07 09:00:00,-11.9470278355573,1.47395553767155
2024-01-07 10:00:00,-11.5348003699535,1.45743000194884
2024-01-07 11:00:00,-12.0591355406422,1.4872985180377
2024-01-07 12:00:00,-11.7779483934886,1.47205853468135
2024-01-07 13:00:00,-11.2465846687939,1.45411117710386
2024-01-07 14:00:00,-11.163961578469,1.43664374182287
2024-01-07 15:00:00,-11.4167749117243,1.43521211903496
2024-01-07 16:00:00,-10.9114818705886,1.42458286339504
2024-01-07 17:00:00,-11.2268414367188,1.40754092934399
2024-01-07 18:00:00,-11.4390025769348,1.38948956197425
2024-01-07 19:00:00,-11.61830624155,1.38017293279218
2024-01-07 20:00:00,-11.4316477640897,1.36242202845811
2024-01-07 21:00:00,-11.6326737831864,1.35607960278894
2024-01-07 22:00:00,-11.509365841938,1.34007702578847
2024-01-07 23:00:00,-10.9852099494693,1.35370655034615
2024-01-08 00:00:00,-10.5777780987604,1.34344101449239
2024-01-08 01:00:00,-11.3956052741351,1.3375232533109
2024-01-08 02:00:00,-11.2066905079322,1.32130622558666
2024-01-08 03:00:00,-11.0354463783776,1.31111966407959
2024-01-08 04:00:00,-11.0240457400998,1.29449121558022
2024-01-08 05:00:00,-11.1611472139856,1.27858423068602
2024-01-08 06:00:00,-11.4498453079838,1.26435087562088
2024-01-08 07:00:00,-10.6623717804929,1.31538525912513
2024-01-08 08:00:00,-11.0202935337992,1.29942336855396
2024-01-08 09:00:00,-11.3503423095134,1.28917634111304
2024-01-08 10:00:00,-11.0425075277616,1.27384180337029
2024-01-08 11:00:00,-10.9347532637943,1.25811713565651
2024-01-08 12:00:00,-10.5051834541322,1.25550103843597
2024-01-08 13:00:00,-9.67695515572644,1.29120817871532
2024-01-08 14:00:00,-10.5709130878144,1.27878738883306
2024-01-08 15:00:00,-10.4258896036177,1.26292242015826
2024-01-08 16:00:00,-10.4352963559234,1.2473343687245
2024-01-08 17:00:00,-11.0161387643106,1.23605318697331
2024-01-08 18:00:00,-10.6884644251729,1.22973013104077
2024-01-08 19:00:00,-9.95862040686334,1.2835802651181
2024-01-08 20:00:00,-10.3937116866909,1.26834146822988
2024-01-08 21:00:00,-10.3495635789849,1.26028299232754
2024-01-08 22:00:00,-10.5644955821664,1.24467129150538
2024-01-08 23:00:00,-11.2685534111467,1.25215569557512
2024-01-09 00:00:00,-9.74447692450444,1.23739748120574
2024-01-09 01:00:00,-9.43477922673133,1.25375644185859
2024-01-09 02:00:00,-9.96716476065381,1.24202705325439
2024-01-09 03:00:00,-10.4570598151449,1.24947328776182
2024-01-09 04:00:00,-10.2939643293942,1.2456067343284
2024-01-09 05:00:00,-10.3223853972297,1.24136421563563
2024-01-09 06:00:00,-10.441179040501,1.23278310115835
2024-01-09 07:00:00,-10.5592523584849,1.22928747706725
2024-01-09 08:00:00,-10.591258932847,1.24584024716125
2024-01-09 09:00:00,-10.324729220964,1.23451319301867
2024-01-09 10:00:00,-10.130002342946,1.22320568332608
2024-01-09 11:00:00,-10.2751955596444,1.24197650520945
2024-01-09 12:00:00,-10.1154016516335,1.2396260187884
2024-01-09 13:00:00,-8.84880194099407,1.2558789768383
2024-01-09 14:00:00,-9.56059618200472,1.25024187914128
2024-01-09 15:00:00,-9.6252734878784,1.24788530785569
2024-01-09 16:00:00,-9.57261509879535,1.2371033973113
2024-01-09 17:00:00,-10.2177249419368,1.25394906781221
2024-01-09 18:00:00,-10.0198105464473,1.24134377305148
2024-01-09 19:00:00,-10.0861755766435,1.24636969984828
2024-01-09 20:00:00,-9.9393467125976,1.23797118778984
2024-01-09 21:00:00,-10.0157848377273,1.24093787908794
2024-01-09 22:00:00,-8.42629784153524,1.39884641957516
2024-01-09 23:00:00,-9.47625669955156,1.3866485268228
2024-01-10 00:00:00,-9.2232471473029,1.3937007217357
2024-01-10 01:00:00,-9.53516414486355,1.38930570291151
2024-01-10 02:00:00,-9.74894928295392,1.40267037876826
2024-01-10 03:00:00,-9.84170184949742,1.41264347041686
2024-01-10 04:00:00,-9.71841311143902,1.42838866133549
2024-01-10 05:00:00,-9.71093761193067,1.43724396895432
2024-01-10 06:00:00,-10.6538874959325,1.60058256989976
2024-01-10 07:00:00,-10.0418068425651,1.59074462872503
2024-01-10 08:00:00,-9.89161557616533,1.60982152908601
2024-01-10 09:00:00,-9.34278120565924,1.58831025179403
2024-01-10 10:00:00,-9.67498907548062,1.61704377184953
2024-01-10 11:00:00,-9.53597425053236,1.62990403391035
2024-01-10 12:00:00,-9.19765946844393,1.61582054226729
2024-01-10 13:00:00,-8.69997569925697,1.60022016334321
2024-01-10 14:00:00,-8.77416289311135,1.58125630846197
2024-01-10 15:00:00,-8.6768745469888,1.56724095108184
2024-01-10 16:00:00,-8.61246060066945,1.54917102876806
2024-01-10 17:00:00,-9.27341881067421,1.55769828094105
2024-01-10 18:00:00,-8.78173104871867,1.53991448693035
2024-01-10 19:00:00,-8.55611046315929,1.52044673000893
2024-01-10 20:00:00,-8.98357156824216,1.51946573776308
2024-01-10 21:00:00,-8.2790146408792,1.51975080846909
2024-01-10 22:00:00,-8.54474129744599,1.50030473709287
2024-01-10 23:00:00,-8.76645676416153,1.480952311681
2024-01-11 00:00:00,-8.79119493959949,1.46729642764787
2024-01-11 01:00:00,-9.55746099703808,1.46534481266417
2024-01-11 02:00:00,-9.54356423924746,1.44986669113407
2024-01-11 03:00:00,-10.1358825228019,1.49266653277664
2024-01-11 04:00:00,-9.51892910292968,1.47450470711929
2024-01-11 05:00:00,-10.2346727231833,1.55997456861819
2024-01-11 06:00:00,-9.91106583978573,1.544021745077
2024-01-11 07:00:00,-9.73473795025899,1.52568754111375
2024-01-11 08:00:00,-9.84021123337575,1.53649547011235
2024-01-11 09:00:00,-9.92078242674549,1.5457109241372
2024-01-11 10:00:00,-10.2583542145557,1.62198229787645
2024-01-11 11:00:00,-9.35247155931634,1.60025217574057
2024-01-11 12:00:00,-9.18769811059769,1.5828178855201
2024-01-11 13:00:00,-8.95928828028118,1.57714060501567
2024-01-11 14:00:00,-9.17741148177761,1.56902486948302
2024-01-11 15:00:00,-8.38785057150124,1.55880309284698
2024-01-11 16:00:00,-8.34840707619544,1.54004420141547
2024-01-11 17:00:00,-8.81216751914911,1.51954259049443
2024-01-11 18:00:00,-9.01813215843384,1.50068389497561
2024-01-11 19:00:00,-9.17758165827443,1.49255114886467
2024-01-11 20:00:00,-9.24320328131331,1.48516008933766
2024-01-11 21:00:00,-8.9027799240637,1.46560106763201
2024-01-11 22:00:00,-9.3395886954669,1.47904398832532
2024-01-11 23:00:00,-9.56617076557902,1.48443018431401
2024-01-12 00:00:00,-9.95012172979001,1.48662170249999
2024-01-12 01:00:00,-9.70022562337393,1.46742677202535
2024-01-12 02:00:00,-9.82193985114435,1.45366600566436
2024-01-12 03:00:00,-9.95032872642435,1.44235746513202
2024-01-12 04:00:00,-9.67383080061956,1.42586131113609
2024-01-12 05:00:00,-10.0848748282344,1.4433141839059
2024-01-12 06:00:00,-10.1312982792116,1.43389559006451
2024-01-12 07:00:00,-10.2261087032711,1.43044509608965
2024-01-12 08:00:00,-9.84836788985345,1.41499488661629
2024-01-12 09:00:00,-9.82555078338904,1.40205795790639
2024-01-12 10:00:00,-9.66285889706351,1.38690163926733
2024-01-12 11:00:00,-9.94520412047548,1.41669394482367
2024-01-12 12:00:00,-9.5864054934104,1.40251437144631
2024-01-12 13:00:00,-9.16577945895504,1.39126353796415
2024-01-12 14:00:00,-9.63616244371287,1.40597296115968
2024-01-12 15:00:00,-8.88570534909172,1.39055687520406
2024-01-12 16:00:00,-8.86664266689371,1.37262842314366
2024-01-12 17:00:00,-8.69806012401026,1.3813872103668
2024-01-12 18:00:00,-9.44502517742,1.3803144680245
2024-01-12 19:00:00,-9.52607125724727,1.3749923062163
2024-01-12 20:00:00,-9.48214000930492,1.36474242047907
2024-01-12 21:00:00,-9.14541257288082,1.34741720243077
2024-01-12 22:00:00,-9.3134782962184,1.33633458645993
2024-01-12 23:00:00,-8.88222242126997,1.33795397684941
2024-01-13 00:00:00,-9.38401991820549,1.33311495646461
2024-01-13 01:00:00,-9.87186218928531,1.33340664187785
2024-01-13 02:00:00,-9.56372514684395,1.31642227470951
2024-01-13 03:00:00,-9.8425862334591,1.31153844979588
2024-01-13 04:00:00,-10.1661896608732,1.36034570455111
2024-01-13 05:00:00,-9.80443296662621,1.34701044355665
2024-01-13 06:00:00,-10.2235179190205,1.36535959867696
2024-01-13 07:00:00,-10.0708257516235,1.35542921966187
2024-01-13 08:00:00,-10.0152141916746,1.36325823511722
2024-01-13 09:00:00,-10.1241648002005,1.3793057350742
2024-01-13 10:00:00,-9.72986355085501,1.36644001504372
2024-01-13 11:00:00,-9.60317223243804,1.36367683542901
2024-01-13 12:00:00,-9.42374479946187,1.35210105590371
2024-01-13 13:00:00,-9.2257598314554,1.35726656380211
2024-01-13 14:00:00,-9.89488010880694,1.42342643998741
2024-01-13 15:00:00,-9.19143838123613,1.40717520966178
2024-01-13 16:00:00,-9.2124595878197,1.402528730954
2024-01-13 17:00:00,-9.55924886824259,1.39803189298781
2024-01-13 18:00:00,-9.95000654097063,1.4318209009464
2024-01-13 19:00:00,-9.86107715430231,1.45076359424706
2024-01-13 20:00:00,-9.66789248753857,1.4507485595996
2024-01-13 21:00:00,-9.82431068921492,1.48074781723662
2024-01-13 22:00:00,-9.66104131984537,1.48219371966256
2024-01-13 23:00:00,-10.0295044284251,1.52022693109415
2024-01-14 00:00:00,-11.6792298354564,1.58642560669118
2024-01-14 01:00:00,-11.1432094197767,1.56514081582775
2024-01-14 02:00:00,-11.2774911964661,1.56200633727935
2024-01-14 03:00:00,-11.2495059039248,1.54968101571933
2024-01-14 04:00:00,-10.9373209699443,1.53252145707609
2024-01-14 05:00:00,-11.0863062173412,1.52549672961998
2024-01-14 06:00:00,-11.6148173875132,1.55250683704422
2024-01-14 07:00:00,-11.2049036587062,1.53204477262298
2024-01-14 08:00:00,-11.0173205587124,1.51693849620453
2024-01-14 09:00:00,-11.1048829824947,1.50787133981918
2024-01-14 10:00:00,-10.6657425957586,1.48833517655266
2024-01-14 11:00:00,-10.767301668692,1.48162222476873
2024-01-14 12:00:00,-10.9505990013505,1.4895697889863
2024-01-14 13:00:00,-10.3952918198811,1.47550527724862
2024-01-14 14:00:00,-10.7035627300653,1.47376907424148
2024-01-14 15:00:00,-10.2414132782602,1.4546324175379
2024-01-14 16:00:00,-10.8849437821725,1.50743383187884
2024-01-14 17:00:00,-10.8158763084407,1.49043239409847
2024-01-14 18:00:00,-10.7813295778309,1.47555210431167
2024-01-14 19:00:00,-10.7394273722888,1.46633700638553
2024-01-14 20:00:00,-10.5790458927359,1.44962290504432
2024-01-14 21:00:00,-10.1634037891733,1.43476228472182
2024-01-14 22:00:00,-10.05576538777,1.4190651168583
2024-01-14 23:00:00,-10.333393279876,1.40060677905987
2024-01-15 00:00:00,-10.2084841717056,1.39859551803782
2024-01-15 01:00:00,-10.6503567958036,1.38090071329113
2024-01-15 02:00:00,-10.8364148105398,1.36330157691951
2024-01-15 03:00:00,-11.059898172352,1.34863076718936
2024-01-15 04:00:00,-10.7831623423801,1.33136012980038
2024-01-15 05:00:00,-11.1160162157132,1.32818956488858
2024-01-15 06:00:00,-11.3505773840217,1.32086580472889
2024-01-15 07:00:00,-11.2950808382748,1.30668539657729
2024-01-15 08:00:00,-10.8375366178732,1.29074808628917
2024-01-15 09:00:00,-10.9681145001859,1.27730883629273
2024-01-15 10:00:00,-11.1507332991084,1.27919808966276
2024-01-15 11:00:00,-10.996814786003,1.27494911645165
2024-01-15 12:00:00,-10.9012790968906,1.26813791328817
2024-01-15 13:00:00,-10.5727927886131,1.26537928298487
2024-01-15 14:00:00,-10.6615367256067,1.25466457303839
2024-01-15 15:00:00,-10.0271044457559,1.24508287100108
2024-01-15 16:00:00,-10.285523032522,1.23355497083115
2024-01-15 17:00:00,-11.2392285556109,1.27683898468991
2024-01-15 18:00:00,-10.7600170978323,1.26095512373319
2024-01-15 19:00:00,-10.0611785828752,1.26859662307212
2024-01-15 20:00:00,-10.4899841026472,1.25804322341227
2024-01-15 21:00:00,-10.4939707683036,1.24334344557846
2024-01-15 22:00:00,-10.6898041431171,1.23699224101098
2024-01-15 23:00:00,-10.5074568298194,1.22306023651165
2024-01-16 00:00:00,-10.8308915347859,1.21787500634544
2024-01-16 01:00:00,-10.9742003545003,1.20377335060513
2024-01-16 02:00:00,-11.2837454540828,1.20956734636927
2024-01-16 03:00:00,-10.9534363183739,1.19505236682774
2024-01-16 04:00:00,-10.660122739582,1.18050597997326
2024-01-16 05:00:00,-11.0842067638454,1.18444791475229
2024-01-16 06:00:00,-11.366218124294,1.18471194929794
2024-01-16 07:00:00,-11.3885546960759,1.17935785392561
2024-01-16 08:00:00,-10.9820377814785,1.1656871342397
2024-01-16 09:00:00,-10.8570316532309,1.15167026413884
2024-01-16 10:00:00,-10.5676936699981,1.13905264994311
2024-01-16 11:00:00,-11.1647712353945,1.18709576661223
2024-01-16 12:00:00,-10.7011229974793,1.17306369191059
2024-01-16 13:00:00,-10.4131651486793,1.16841764697312
2024-01-16 14:00:00,-10.5726370854755,1.15976592502431
2024-01-16 15:00:00,-9.43865414535272,1.20982696411654
2024-01-16 16:00:00,-9.62274119488432,1.20108401636757
2024-01-16 17:00:00,-10.3868270041103,1.18825871701782
2024-01-16 18:00:00,-10.8138918880285,1.18778611024484
2024-01-16 19:00:00,-10.4539886520643,1.17334815670247
2024-01-16 20:00:00,-10.6982141897387,1.17172458592344
2024-01-16 21:00:00,-10.2655258896419,1.16045439095411
2024-01-16 22:00:00,-10.4240296978208,1.14851155181791
2024-01-16 23:00:00,-10.8565148355611,1.15045032881462
2024-01-17 00:00:00,-10.8872874505622,1.18646736099134
2024-01-17 01:00:00,-11.2677777781295,1.22240210795393
2024-01-17 02:00:00,-10.8073797035649,1.20953050744374
2024-01-17 03:00:00,-11.0039516307072,1.21788204052132
2024-01-17 04:00:00,-10.8920341008873,1.22878819337966
2024-01-17 05:00:00,-10.6652373619402,1.21794078638782
2024-01-17 06:00:00,-11.2620097210942,1.25826516721587
2024-01-17 07:00:00,-11.2337599502564,1.26671427743583
2024-01-17 08:00:00,-10.665014075876,1.2522693105223
2024-01-17 09:00:00,-10.7754386906287,1.25173737425499
2024-01-17 10:00:00,-10.8130431446858,1.26060493228436
2024-01-17 11:00:00,-10.2575805231606,1.24495132496742
2024-01-17 12:00:00,-10.3468523526967,1.24125010276253
2024-01-17 13:00:00,-9.93310692819087,1.23169258986138
2024-01-17 14:00:00,-10.4840996501179,1.25680377883656
2024-01-17 15:00:00,-9.41094465240166,1.26419918233181
2024-01-17 16:00:00,-10.131111641075,1.28737871362644
2024-01-17 17:00:00,-10.2799366494139,1.273527021747
2024-01-17 18:00:00,-10.6637071580795,1.29009344307514
2024-01-17 19:00:00,-10.3678593200241,1.27975260739202
2024-01-17 20:00:00,-10.6380346462669,1.30468223102762
2024-01-17 21:00:00,-10.1455791018183,1.28827707287057
2024-01-17 22:00:00,-10.3724922359022,1.29255513397864
2024-01-17 23:00:00,-10.2698058141817,1.27729729370936
2024-01-18 00:00:00,-11.5969255140463,1.31944238607188
2024-01-18 01:00:00,-11.7451752863534,1.32424112911429
2024-01-18 02:00:00,-11.2562435012122,1.3075314777918
2024-01-18 03:00:00,-11.6757886027891,1.32031576460716
2024-01-18 04:00:00,-11.2770294441875,1.30669987873283
2024-01-18 05:00:00,-11.7079037265936,1.33795075126779
2024-01-18 06:00:00,-11.5324993449454,1.32319439621606
2024-01-18 07:00:00,-11.5890450008809,1.3140211121786
2024-01-18 08:00:00,-11.5205629472019,1.31429509008606
2024-01-18 09:00:00,-11.4106974569227,1.30428960113015
2024-01-18 10:00:00,-11.1838878659935,1.2903882793315
2024-01-18 11:00:00,-10.8859521530014,1.27471752549663
2024-01-18 12:00:00,-10.9036504952487,1.26323849283652
2024-01-18 13:00:00,-10.7611412361245,1.26593350025183
2024-01-18 14:00:00,-10.7364924431966,1.25113671158667
2024-01-18 15:00:00,-10.4400919349784,1.23562361723007
2024-01-18 16:00:00,-10.7961138616403,1.24163832509899
2024-01-18 17:00:00,-10.3163964903686,1.25624905730623
2024-01-18 18:00:00,-10.3131681887538,1.25052594938757
2024-01-18 19:00:00,-10.5785744926728,1.23596270121013
2024-01-18 20:00:00,-10.1254893093992,1.24408372869542
2024-01-18 21:00:00,-9.98302534914847,1.2484318743355
2024-01-18 22:00:00,-10.4740086782399,1.23441738868253
2024-01-18 23:00:00,-10.9049281947976,1.22541188655915
2024-01-19 00:00:00,-10.4751968625186,1.212922059789
2024-01-19 01:00:00,-10.725008257893,1.20062869800952
2024-01-19 02:00:00,-10.8787721986999,1.19564485880614
2024-01-19 03:00:00,-10.9862960833736,1.1913170250075
2024-01-19 04:00:00,-10.266132747082,1.18406243414885
2024-01-19 05:00:00,-10.9227381338938,1.20589622934814
2024-01-19 06:00:00,-11.2818906024458,1.22187237655232
2024-01-19 07:00:00,-10.9891928699361,1.2078674948108
2024-01-19 08:00:00,-10.7592612208413,1.1968431051047
2024-01-19 09:00:00,-10.5802302228513,1.18220707021008
2024-01-19 10:00:00,-10.8100128255128,1.18787638721832
2024-01-19 11:00:00,-10.7627360327186,1.19507018679309
2024-01-19 12:00:00,-10.6702019466269,1.19556668547435
2024-01-19 13:00:00,-10.5904336100438,1.23198537054345
2024-01-19 14:00:00,-10.2818602678333,1.21703795692131
2024-01-19 15:00:00,-9.95691383740407,1.20240426980997
2024-01-19 16:00:00,-9.67454065649592,1.19092713390191
2024-01-19 17:00:00,-10.0319368899671,1.17664527466458
2024-01-19 18:00:00,-9.87234351375103,1.17145815321803
2024-01-19 19:00:00,-9.77096797733155,1.16201978819597
2024-01-19 20:00:00,-10.3299473418916,1.16510202568223
2024-01-19 21:00:00,-9.72582520412319,1.16821808769232
2024-01-19 22:00:00,-10.4488959571729,1.18706737799787
2024-01-19 23:00:00,-10.7127834559563,1.19155755622667
2024-01-20 00:00:00,-11.3317177678052,1.29670390160094
2024-01-20 01:00:00,-10.7950907739031,1.28031939415597
2024-01-20 02:00:00,-10.8664497654943,1.27748615216711
2024-01-20 03:00:00,-11.3639689086746,1.32916809608766
2024-01-20 04:00:00,-10.9907518168856,1.33322718639724
2024-01-20 05:00:00,-10.9540884033499,1.33732534980656
2024-01-20 06:00:00,-11.3252473286152,1.36662939203974
2024-01-20 07:00:00,-11.2987811636248,1.37547112675316
2024-01-20 08:00:00,-10.9956944380217,1.3760113851898
2024-01-20 09:00:00,-11.2129601871478,1.40903195356217
2024-01-20 10:00:00,-10.8492642357885,1.40284317786229
2024-01-20 11:00:00,-10.6686456598741,1.40415014920703
2024-01-20 12:00:00,-10.7374174059082,1.42043746020263
2024-01-20 13:00:00,-10.3917644464013,1.43413357562138
2024-01-20 14:00:00,-10.6386086452775,1.45237159804228
2024-01-20 15:00:00,-10.390202004983,1.45734855891264
2024-01-20 16:00:00,-10.6498839859819,1.50161781586643
2024-01-20 17:00:00,-10.8360474622407,1.51052338586563
2024-01-20 18:00:00,-11.0484071379373,1.54741838630364
2024-01-20 19:00:00,-10.7657661861227,1.55229358786947
2024-01-20 20:00:00,-11.244965338747,1.6573577432109
2024-01-20 21:00:00,-10.62325848835,1.64394729251514
2024-01-20 22:00:00,-10.6027257724595,1.64666460803234
2024-01-20 23:00:00,-10.9951375495837,1.68422741198382
2024-01-21 00:00:00,-12.7439724376317,1.68687330495009
2024-01-21 01:00:00,-12.5230844458123,1.66433648531022
2024-01-21 02:00:00,-12.7913556197264,1.66797240544538
2024-01-21 03:00:00,-12.4606076009278,1.64531829572968
2024-01-21 04:00:00,-12.5830507018061,1.64624474526691
2024-01-21 05:00:00,-12.932290978509,1.67500464130839
2024-01-21 06:00:00,-12.9637016866211,1.6705821741736
2024-01-21 07:00:00,-12.2660205794397,1.65906507363678
2024-01-21 08:00:00,-12.817540618503,1.69209980599995
2024-01-21 09:00:00,-12.5287379417217,1.67194922338504
2024-01-21 10:00:00,-12.5828741406406,1.66877884268942
2024-01-21 11:00:00,-12.0315049132328,1.64613351348109
2024-01-21 12:00:00,-12.0216761788747,1.62713015287613
2024-01-21 13:00:00,-11.6967659492864,1.60967863981226
2024-01-21 14:00:00,-11.9233112376471,1.59300706009464
2024-01-21 15:00:00,-11.7601582369668,1.57580750529843
2024-01-21 16:00:00,-11.5051110526252,1.55524195339662
2024-01-21 17:00:00,-12.2311470342832,1.55356985634265
2024-01-21 18:00:00,-12.3749404201746,1.54741682004989
2024-01-21 19:00:00,-12.159804550685,1.53209566934593
2024-01-21 20:00:00,-12.2200236025444,1.52553844209989
2024-01-21 21:00:00,-11.9145692695425,1.50548974180254
2024-01-21 22:00:00,-12.0808895748897,1.49635961946677
2024-01-21 23:00:00,-12.1646434827125,1.48066277487607
2024-01-22 00:00:00,-12.5037748424398,1.46116258359069
2024-01-22 01:00:00,-12.1432314953072,1.47435744320903
2024-01-22 02:00:00,-11.8329074167894,1.50304680259587
2024-01-22 03:00:00,-12.0851753432659,1.49594399425867
2024-01-22 04:00:00,-12.2906238151207,1.47619225008407
2024-01-22 05:00:00,-11.9284989982029,1.48949927755561
2024-01-22 06:00:00,-12.2592922884321,1.47733932149094
2024-01-22 07:00:00,-12.1595081186374,1.48336269387312
2024-01-22 08:00:00,-12.199520940499,1.46763461196881
2024-01-22 09:00:00,-11.8058054218347,1.49648621545743
2024-01-22 10:00:00,-11.8611601980872,1.49132949363987
2024-01-22 11:00:00,-11.3241428058023,1.53994967694469
2024-01-22 12:00:00,-11.4569875561671,1.54250192734665
2024-01-22 13:00:00,-11.5833846940838,1.52198349178655
2024-01-22 14:00:00,-11.5204615241954,1.52513554774111
2024-01-22 15:00:00,-11.0852623382874,1.55215491305541
2024-01-22 16:00:00,-11.261345609499,1.54762422272679
2024-01-22 17:00:00,-11.5893125066294,1.54991273902324
2024-01-22 18:00:00,-11.8544365943667,1.53581618303542
2024-01-22 19:00:00,-11.2693148655111,1.58768050528827
2024-01-22 20:00:00,-11.1439250402016,1.62594140461448
2024-01-22 21:00:00,-11.4730066392619,1.61603124311369
2024-01-22 22:00:00,-11.4615956990759,1.61824271658627
2024-01-22 23:00:00,-11.7816911167062,1.60523874890254
2024-01-23 00:00:00,-9.16569615339888,1.62139778967509
2024-01-23 01:00:00,-10.4637568805405,1.63610147416015
2024-01-23 02:00:00,-10.6668792652901,1.63157164112098
2024-01-23 03:00:00,-10.6373678927396,1.61643908668117
2024-01-23 04:00:00,-10.7672078792104,1.6347710810453
2024-01-23 05:00:00,-10.7490272070963,1.63463364982625
2024-01-23 06:00:00,-11.1632254516415,1.66577546075662
2024-01-23 07:00:00,-10.8910000733274,1.65113695963643
2024-01-23 08:00:00,-10.2597855603477,1.62919415180941
2024-01-23 09:00:00,-10.1914177033199,1.60729874158161
2024-01-23 10:00:00,-9.67260141879696,1.60105158627941
2024-01-23 11:00:00,-10.066570668856,1.59366373055876
2024-01-23 12:00:00,-9.92577956086897,1.57296872804487
2024-01-23 13:00:00,-9.50445779996501,1.5522750300443
2024-01-23 14:00:00,-10.1350665663601,1.56088144324801
2024-01-23 15:00:00,-9.29372042836022,1.5526640758005
2024-01-23 16:00:00,-9.52566753091336,1.53390363171701
2024-01-23 17:00:00,-10.012857470909,1.51807461198517
2024-01-23 18:00:00,-9.95890093754327,1.49805902579769
2024-01-23 19:00:00,-9.98997572970402,1.48313059797599
2024-01-23 20:00:00,-10.1189754531074,1.47548086315732
2024-01-23 21:00:00,-9.75732374116521,1.45650766949396
2024-01-23 22:00:00,-10.2542628616247,1.47245917188948
2024-01-23 23:00:00,-10.1021052092805,1.45389698166607
2024-01-24 00:00:00,-10.2087669314233,1.43571081293262
2024-01-24 01:00:00,-10.4385655890127,1.41826414937891
2024-01-24 02:00:00,-10.6078640944472,1.40804188986132
2024-01-24 03:00:00,-10.6449520224008,1.39436086925485
2024-01-24 04:00:00,-10.3480753674847,1.37734679796712
2024-01-24 05:00:00,-10.4788817234726,1.36607140617739
2024-01-24 06:00:00,-10.9801248311326,1.37921509420361
2024-01-24 07:00:00,-10.8155507851439,1.36505657680605
2024-01-24 08:00:00,-10.3438620787326,1.34756898061779
2024-01-24 09:00:00,-10.5741332473805,1.34154237718106
2024-01-24 10:00:00,-10.3094966092598,1.32490609084769
2024-01-24 11:00:00,-9.88480642839241,1.30979438257419
2024-01-24 12:00:00,-10.5947811379193,1.35591123747077
2024-01-24 13:00:00,-9.88236603318448,1.34049885217094
2024-01-24 14:00:00,-10.3656914351285,1.35599083935082
2024-01-24 15:00:00,-9.7451088844278,1.3387038491592
2024-01-24 16:00:00,-9.95584204030713,1.33433719899705
2024-01-24 17:00:00,-10.4231351371146,1.33472086747064
2024-01-24 18:00:00,-10.3139003732691,1.32113488873659
2024-01-24 19:00:00,-9.78159304622637,1.30885071612856
2024-01-24 20:00:00,-10.2694759257261,1.31776120355835
2024-01-24 21:00:00,-9.79823937410643,1.30345652187278
2024-01-24 22:00:00,-10.3672779715389,1.32536761676043
2024-01-24 23:00:00,-10.5007738719974,1.32431145329969
2024-01-25 00:00:00,-10.9678493960014,1.31938174991684
2024-01-25 01:00:00,-11.134180770276,1.31050038843725
2024-01-25 02:00:00,-10.916609831307,1.2942449687425
2024-01-25 03:00:00,-11.588831012847,1.34426380504205
2024-01-25 04:00:00,-11.2881506978498,1.34852872143233
2024-01-25 05:00:00,-11.2863737685897,1.35383578197452
2024-01-25 06:00:00,-11.5885695821392,1.37365627279499
2024-01-25 07:00:00,-11.2147986338557,1.35685760281993
2024-01-25 08:00:00,-11.1952403139167,1.35892029918144
2024-01-25 09:00:00,-11.2761509076739,1.36404139548463
2024-01-25 10:00:00,-11.1691772641022,1.36558842341395
2024-01-25 11:00:00,-11.0246340452483,1.37053211179512
2024-01-25 12:00:00,-10.776879839853,1.35999940210113
2024-01-25 13:00:00,-9.99867664863197,1.34355412720495
2024-01-25 14:00:00,-10.4020375577252,1.33350766369633
2024-01-25 15:00:00,-10.2217195180496,1.3191964437147
2024-01-25 16:00:00,-10.1351231591288,1.30295526913114
2024-01-25 17:00:00,-10.8042236927615,1.30766991638125
2024-01-25 18:00:00,-10.6891704625904,1.29328578772958
2024-01-25 19:00:00,-10.3856801036267,1.27694011815956
2024-01-25 20:00:00,-10.6826184717734,1.27901682585057
2024-01-25 21:00:00,-10.392469171994,1.26299705956368
2024-01-25 22:00:00,-10.7758940082167,1.27626950620464
2024-01-25 23:00:00,-11.2783763828202,1.32145460951401
2024-01-26 00:00:00,-11.9454613695287,1.33477510712743
2024-01-26 01:00:00,-11.782910348024,1.31987993169241
2024-01-26 02:00:00,-11.4946028516599,1.30316030016732
2024-01-26 03:00:00,-11.4642968194352,1.28664869198554
2024-01-26 04:00:00,-11.5022405316706,1.27764262431473
2024-01-26 05:00:00,-11.8623805337814,1.29121739271332
2024-01-26 06:00:00,-12.094394631323,1.29700207114609
2024-01-26 07:00:00,-11.9498730900886,1.28576943684705
2024-01-26 08:00:00,-11.6026069502252,1.27142816834756
2024-01-26 09:00:00,-11.5074415582657,1.25650347631118
2024-01-26 10:00:00,-10.8976838994071,1.2576616708445
2024-01-26 11:00:00,-10.5754184619424,1.25625157952083
2024-01-26 12:00:00,-10.6511546180609,1.24352307168708
2024-01-26 13:00:00,-10.2829046694142,1.23285284166294
2024-01-26 14:00:00,-11.0378889439715,1.23159498155268
2024-01-26 15:00:00,-10.4095293438264,1.22777428113585
2024-01-26 16:00:00,-10.5666435725374,1.21253275008596
2024-01-26 17:00:00,-10.7598730669679,1.202253781366
2024-01-26 18:00:00,-10.9223238710269,1.18774590558186
2024-01-26 19:00:00,-10.6782689776921,1.17916007865758
2024-01-26 20:00:00,-10.9996187221705,1.16827201594462
2024-01-26 21:00:00,-10.6103434448417,1.1645435482834
2024-01-26 22:00:00,-11.2272979804368,1.17279402413247
2024-01-26 23:00:00,-11.1187296507324,1.15854747836938
2024-01-27 00:00:00,-10.9742559810134,1.16999630269216
2024-01-27 01:00:00,-11.2071972504553,1.16745651711261
2024-01-27 02:00:00,-11.1258236409797,1.15922348545203
2024-01-27 03:00:00,-11.4312613780814,1.17575636049673
2024-01-27 04:00:00,-11.2163956531658,1.17985220719806
2024-01-27 05:00:00,-11.1801821290863,1.17931789416496
2024-01-27 06:00:00,-11.3718240703171,1.18099852641299
2024-01-27 07:00:00,-11.7086577908329,1.21429056772346
2024-01-27 08:00:00,-11.1777601836363,1.20435513234741
2024-01-27 09:00:00,-10.6843456707963,1.19237059460859
2024-01-27 10:00:00,-10.9389098279929,1.19318771138989
2024-01-27 11:00:00,-10.8273008809719,1.1895930037516
2024-01-27 12:00:00,-11.251817397998,1.24475915669947
2024-01-27 13:00:00,-10.6519813590862,1.24609198493307
2024-01-27 14:00:00,-11.156620384301,1.29813711350369
2024-01-27 15:00:00,-11.1288595686185,1.35329373738687
2024-01-27 16:00:00,-10.9213937387199,1.36828097319018
2024-01-27 17:00:00,-11.497693078672,1.43180312816079
2024-01-27 18:00:00,-11.4853320096607,1.46687417179003
2024-01-27 19:00:00,-11.2745727438103,1.48908786831882
2024-01-27 20:00:00,-10.8199506440327,1.47475366180768
2024-01-27 21:00:00,-10.8842797133103,1.47959006359762
2024-01-27 22:00:00,-11.2389239185005,1.53077879399779
2024-01-27 23:00:00,-10.8842427203945,1.51343067395238
2024-01-28 00:00:00,-12.8300289836284,1.5607221207057
2024-01-28 01:00:00,-12.1557566761661,1.55047349647851
2024-01-28 02:00:00,-11.8518806312562,1.54050775286579
2024-01-28 03:00:00,-12.5224807778698,1.54077411854475
2024-01-28 04:00:00,-12.2705886027963,1.52273725405821
2024-01-28 05:00:00,-11.4865921321982,1.55003779818463
2024-01-28 06:00:00,-11.767905876403,1.53767223171841
2024-01-28 07:00:00,-11.9932640028817,1.51950254107976
2024-01-28 08:00:00,-12.0057672625985,1.49935065492501
2024-01-28 09:00:00,-11.7634077456622,1.48960887817577
2024-01-28 10:00:00,-11.697425117167,1.47364938745861
2024-01-28 11:00:00,-11.7293479981334,1.45430305604471
2024-01-28 12:00:00,-11.6243971783721,1.43623478286849
2024-01-28 13:00:00,-11.2292313549604,1.41866058844462
2024-01-28 14:00:00,-11.6836020936803,1.40320311163648
2024-01-28 15:00:00,-11.2371875669819,1.39048902690924
2024-01-28 16:00:00,-11.4327218044435,1.37308526570982
2024-01-28 17:00:00,-11.6326423169018,1.35750086174591
2024-01-28 18:00:00,-11.8536747334949,1.34066735135679
2024-01-28 19:00:00,-11.4109070838076,1.33559695448566
2024-01-28 20:00:00,-11.5494642916157,1.31868160518385
2024-01-28 21:00:00,-11.4732510320836,1.30404472228547
2024-01-28 22:00:00,-11.4846021126901,1.28883684514232
2024-01-28 23:00:00,-11.4387805152142,1.28303845029057
2024-01-29 00:00:00,-10.8273111892173,1.26692018374446
2024-01-29 01:00:00,-11.64405367843,1.28056458014309
2024-01-29 02:00:00,-11.345960853017,1.26443345422425
2024-01-29 03:00:00,-11.441846264271,1.25115760897193
2024-01-29 04:00:00,-11.0589464327428,1.23595838717427
2024-01-29 05:00:00,-11.50180685975,1.24118692319862
2024-01-29 06:00:00,-11.7436086215415,1.23863622085262
2024-01-29 07:00:00,-11.7438291195348,1.23043591775275
2024-01-29 08:00:00,-11.2716393908949,1.21515765931758
2024-01-29 09:00:00,-11.4895034682032,1.2116022326852
2024-01-29 10:00:00,-10.8829210479716,1.20487000101565
2024-01-29 11:00:00,-11.1594398461376,1.20503671735517
2024-01-29 12:00:00,-11.2572069137192,1.20583556702424
2024-01-29 13:00:00,-10.5139945031095,1.19135141463457
2024-01-29 14:00:00,-10.9782548776466,1.18959611162723
2024-01-29 15:00:00,-10.4530327986352,1.1768739406588
2024-01-29 16:00:00,-10.1162923982235,1.1761441545929
2024-01-29 17:00:00,-10.4743047738285,1.16680518978719
2024-01-29 18:00:00,-10.8392157435954,1.15347675016409
2024-01-29 19:00:00,-10.9697807239023,1.14489392119716
2024-01-29 20:00:00,-10.9329557316136,1.13306007351421
2024-01-29 21:00:00,-11.0400666171921,1.12813800170145
2024-01-29 22:00:00,-11.0370746385705,1.12050673062445
2024-01-29 23:00:00,-11.1133494117985,1.11000735228164
2024-01-30 00:00:00,-10.8019688436938,1.09675134690147
2024-01-30 01:00:00,-11.440841677875,1.10814449633546
2024-01-30 02:00:00,-10.7813584584778,1.108954493308
2024-01-30 03:00:00,-10.7963231752741,1.09842790608873
2024-01-30 04:00:00,-11.0469813348713,1.09555253980646
2024-01-30 05:00:00,-11.4939813218746,1.1197092317265
2024-01-30 06:00:00,-11.6362189847838,1.12281986351233
2024-01-30 07:00:00,-11.5089402025492,1.1140003742855
2024-01-30 08:00:00,-11.4481925769909,1.11889243991167
2024-01-30 09:00:00,-11.1517501851272,1.10597857535394
2024-01-30 10:00:00,-11.4402645964535,1.12835915700458
2024-01-30 11:00:00,-11.1296246494192,1.12436417340603
2024-01-30 12:00:00,-11.285760420831,1.14651741191468
2024-01-30 13:00:00,-9.7412917413244,1.18793332294233
2024-01-30 14:00:00,-10.4898050492131,1.18114586190963
2024-01-30 15:00:00,-10.2707533092009,1.16669466587686
2024-01-30 16:00:00,-10.6409433798811,1.17023400653284
2024-01-30 17:00:00,-10.8839906123044,1.15926791861032
2024-01-30 18:00:00,-10.7859046732324,1.14538470663497
2024-01-30 19:00:00,-10.5792983278187,1.13153685632747
2024-01-30 20:00:00,-10.8825647867424,1.13325264642716
2024-01-30 21:00:00,-10.5463691646293,1.1199268680859
2024-01-30 22:00:00,-10.9150579255427,1.1271579233949
2024-01-30 23:00:00,-11.0429256085315,1.1226360027213
2024-01-31 00:00:00,-10.2931586765385,1.13208157123377
2024-01-31 01:00:00,-10.6870739267365,1.11868233147145
2024-01-31 02:00:00,-11.0020867233615,1.1101562064736
2024-01-31 03:00:00,-11.1268139679505,1.10046015790043
2024-01-31 04:00:00,-11.1792461005551,1.10492875758492
2024-01-31 05:00:00,-11.2556989526601,1.10654993750135
2024-01-31 06:00:00,-11.4635078284001,1.10847274158407
2024-01-31 07:00:00,-11.4341045909607,1.10302371997425
2024-01-31 08:00:00,-11.5131864599447,1.12638645842286
2024-01-31 09:00:00,-11.3574018069154,1.12490208905697
2024-01-31 10:00:00,-10.5898008667311,1.12123108086592
2024-01-31 11:00:00,-10.5274985437804,1.10810139950132
2024-01-31 12:00:00,-10.7912589166889,1.10841504884096
2024-01-31 13:00:00,-10.9041461671297,1.15426618455181
2024-01-31 14:00:00,-10.4892960989252,1.14076991783571
2024-01-31 15:00:00,-10.1594153327466,1.12709855589172
2024-01-31 16:00:00,-9.88653187256231,1.12075740131998
2024-01-31 17:00:00,-10.678119538645,1.11750274665608
2024-01-31 18:00:00,-10.7598032544947,1.10711486534508
2024-01-31 19:00:00,-10.6139798295323,1.09532383780114
2024-01-31 20:00:00,-10.2290219610503,1.08825099432834
2024-01-31 21:00:00,-10.0302944996048,1.08378270971971
2024-01-31 22:00:00,-10.1640491392084,1.0716411064202
2024-01-31 23:00:00,-10.6318107791052,1.06369021010191
2024-02-01 00:00:00,-10.9968900499168,1.09191887432871
2024-02-01 01:00:00,-10.6522249438227,1.08224381642774
2024-02-01 02:00:00,-10.4404521257891,1.07367711194188
2024-02-01 03:00:00,-10.7552030878347,1.06363111659356
2024-02-01 04:00:00,-10.7923934153137,1.06045623363482
2024-02-01 05:00:00,-10.6473573472584,1.04817873251308
2024-02-01 06:00:00,-11.1083110055038,1.05166071413172
2024-02-01 07:00:00,-11.383378597526,1.06642701200319
2024-02-01 08:00:00,-11.010852304679,1.06002506752029
2024-02-01 09:00:00,-11.162112059445,1.07134047584181
2024-02-01 10:00:00,-10.945535190816,1.06804464395234
2024-02-01 11:00:00,-10.7809133360203,1.06856900875707
2024-02-01 12:00:00,-10.6659891601315,1.0652556169894
2024-02-01 13:00:00,-9.8186367945998,1.05626030357635
2024-02-01 14:00:00,-10.6467838137144,1.08790948373856
2024-02-01 15:00:00,-10.0624862945381,1.07511634713446
2024-02-01 16:00:00,-9.98983271160217,1.06262945588812
2024-02-01 17:00:00,-10.4816663668749,1.05565476242164
2024-02-01 18:00:00,-10.3806729567851,1.04331373929247
2024-02-01 19:00:00,-10.3140427390335,1.03220266121279
2024-02-01 20:00:00,-10.252394586958,1.02057637348592
2024-02-01 21:00:00,-10.3635029225894,1.01382465320492
2024-02-01 22:00:00,-10.576221339281,1.01835722902366
2024-02-01 23:00:00,-10.9429715833084,1.03826977196747
2024-02-02 00:00:00,-11.1747403495376,1.03869728410902
2024-02-02 01:00:00,-10.7529306438081,1.03681364929096
2024-02-02 02:00:00,-11.1661676402056,1.03751858577128
2024-02-02 03:00:00,-11.1947486674928,1.02890891088988
2024-02-02 04:00:00,-11.5167720369827,1.07187605338595
2024-02-02 05:00:00,-11.3453234092631,1.07083323012639
2024-02-02 06:00:00,-11.3879167847271,1.06491534576469
2024-02-02 07:00:00,-11.4115524204805,1.05952398657037
2024-02-02 08:00:00,-11.0673474204204,1.04849284720167
2024-02-02 09:00:00,-11.2249343643389,1.04875823227755
2024-02-02 10:00:00,-11.1631651095611,1.04778036939532
2024-02-02 11:00:00,-11.051607052477,1.05091301741209
2024-02-02 12:00:00,-11.0271529146711,1.0556082150115
2024-02-02 13:00:00,-10.4909432917417,1.04816800483627
2024-02-02 14:00:00,-10.2285262572325,1.04057135767882
2024-02-02 15:00:00,-10.4314243858344,1.04005791139241
2024-02-02 16:00:00,-10.1557185886846,1.02889456035977
2024-02-02 17:00:00,-10.7507208571501,1.02493563235601
2024-02-02 18:00:00,-10.5174990828719,1.01480698690863
2024-02-02 19:00:00,-10.7893545127574,1.01766682472115
2024-02-02 20:00:00,-11.2777193018574,1.07036183976604
2024-02-02 21:00:00,-10.7588527045538,1.05856967651679
2024-02-02 22:00:00,-11.2488719904702,1.10994376424807
2024-02-02 23:00:00,-10.9906062322369,1.10009757987357
2024-02-03 00:00:00,-11.7595939720374,1.13229858241924
2024-02-03 01:00:00,-11.4689732456716,1.11869975351481
2024-02-03 02:00:00,-11.6751351245715,1.12020801988453
2024-02-03 03:00:00,-11.8899024731499,1.13089331824195
2024-02-03 04:00:00,-11.5569033210494,1.12478700715576
2024-02-03 05:00:00,-12.1574902123143,1.20059602838128
2024-02-03 06:00:00,-11.9485411378913,1.19528859125455
2024-02-03 07:00:00,-12.0854818668124,1.20875294455705
2024-02-03 08:00:00,-11.8355472059947,1.21326379029943
2024-02-03 09:00:00,-11.8796155410007,1.22531398321046
2024-02-03 10:00:00,-11.9144144384726,1.25207761665441
2024-02-03 11:00:00,-11.7674601584673,1.27616622595928
2024-02-03 12:00:00,-11.8049214125821,1.31341563830217
2024-02-03 13:00:00,-11.1801879830782,1.31451329074735
2024-02-03 14:00:00,-11.7041898801622,1.37232913865744
2024-02-03 15:00:00,-11.5035131077444,1.40283913456414
2024-02-03 16:00:00,-10.8204559412503,1.38473921669289
2024-02-03 17:00:00,-11.578347186224,1.41206735777489
2024-02-03 18:00:00,-11.3405714284957,1.39754240072443
2024-02-03 19:00:00,-11.0310088953149,1.38013718263535
2024-02-03 20:00:00,-11.6571189669747,1.43764297165465
2024-02-03 21:00:00,-11.5047478020061,1.44362940921933
2024-02-03 22:00:00,-11.9365453390283,1.52654538371181
2024-02-03 23:00:00,-11.879658145787,1.54633751834089
2024-02-04 00:00:00,-13.038705541088,1.53737588648765
2024-02-04 01:00:00,-12.4045168184624,1.53966275205664
2024-02-04 02:00:00,-12.9369859131276,1.53559704422271
2024-02-04 03:00:00,-13.2212829298271,1.53674010793586
2024-02-04 04:00:00,-13.398530470421,1.57557823921596
2024-02-04 05:00:00,-12.8970650670347,1.55494157597471
2024-02-04 06:00:00,-12.8272137142443,1.53420125188099
2024-02-04 07:00:00,-12.6263148739743,1.51795651196624
2024-02-04 08:00:00,-12.7593586337388,1.50370687554193
2024-02-04 09:00:00,-12.9015046102921,1.49197904505533
2024-02-04 10:00:00,-12.0499888763864,1.5053775399801
2024-02-04 11:00:00,-12.3413839083448,1.4896924657585
2024-02-04 12:00:00,-12.3673069340911,1.4717577946184
2024-02-04 13:00:00,-11.9283895579531,1.45247548377793
2024-02-04 14:00:00,-12.655342123531,1.47160854665446
2024-02-04 15:00:00,-11.8778216659724,1.45831865525117
2024-02-04 16:00:00,-11.9531663438112,1.43951988027891
2024-02-04 17:00:00,-12.8671215485137,1.46266528149923
2024-02-04 18:00:00,-12.2570566014722,1.45169595597124
2024-02-04 19:00:00,-12.257485479375,1.43319531639061
2024-02-04 20:00:00,-11.9023428266268,1.42428526080881
2024-02-04 21:00:00,-11.6659893829834,1.42261969078152
2024-02-04 22:00:00,-12.1056861466139,1.40604972151967
2024-02-04 23:00:00,-11.5224267745275,1.45255455136398
2024-02-05 00:00:00,-11.6657156106195,1.44714932362404
2024-02-05 01:00:00,-11.5371956159267,1.4399457364698
2024-02-05 02:00:00,-11.6492887223056,1.42210450527125
2024-02-05 03:00:00,-12.037518843892,1.40875165097825
2024-02-05 04:00:00,-11.7807885063124,1.39053798706345
2024-02-05 05:00:00,-12.1298501374491,1.38860595398975
2024-02-05 06:00:00,-12.1997839114659,1.37308859798181
2024-02-05 07:00:00,-12.0018505211605,1.35610371971287
2024-02-05 08:00:00,-11.5927600869717,1.34359217289537
2024-02-05 09:00:00,-11.8894604358318,1.32994500940309
2024-02-05 10:00:00,-11.9961594612285,1.32198138195383
2024-02-05 11:00:00,-11.7004389317319,1.30607654164328
2024-02-05 12:00:00,-11.7755649816389,1.29800146393692
2024-02-05 13:00:00,-11.3318090888328,1.28424837019878
2024-02-05 14:00:00,-11.2073335904549,1.27057362391486
2024-02-05 15:00:00,-10.9724430634646,1.25617333274903
2024-02-05 16:00:00,-10.7517753362341,1.25201654390647
2024-02-05 17:00:00,-11.4205054039446,1.23729048069225
2024-02-05 18:00:00,-11.5178119274952,1.2219030190002
2024-02-05 19:00:00,-11.2846884473129,1.20875664445091
2024-02-05 20:00:00,-11.5089130528739,1.19717886156363
2024-02-05 21:00:00,-10.9017027270768,1.21029775621391
2024-02-05 22:00:00,-11.2946590057181,1.19655713365757
2024-02-05 23:00:00,-11.7125033862207,1.18852099765811
2024-02-06 00:00:00,-11.139890512257,1.17470845780521
2024-02-06 01:00:00,-11.5090209236833,1.16640343301
2024-02-06 02:00:00,-11.4808261915613,1.15459780971503
2024-02-06 03:00:00,-11.1939836365301,1.14429824341276
2024-02-06 04:00:00,-11.5656741250262,1.15885490632175
2024-02-06 05:00:00,-11.5176461571837,1.15085775817813
2024-02-06 06:00:00,-12.2061053694745,1.20307750304166
2024-02-06 07:00:00,-12.0141735531752,1.200594204479
2024-02-06 08:00:00,-11.4644072966366,1.18617909647875
2024-02-06 09:00:00,-11.2009018881906,1.17227442282036
2024-02-06 10:00:00,-11.3291027483345,1.16482788098978
2024-02-06 11:00:00,-10.6963583413298,1.16038333223996
2024-02-06 12:00:00,-11.0209333277792,1.15387609202695
2024-02-06 13:00:00,-10.4145363010976,1.14129758406064
2024-02-06 14:00:00,-11.0145965746408,1.1433067041739
2024-02-06 15:00:00,-10.6712408024286,1.1297080700043
2024-02-06 16:00:00,-10.5368470280276,1.11624329227536
2024-02-06 17:00:00,-10.8778557314966,1.1029088994241
2024-02-06 18:00:00,-11.1310115709767,1.0946771625826
2024-02-06 19:00:00,-11.1520717897129,1.08971457177092
2024-02-06 20:00:00,-11.0577432990418,1.07973803688228
2024-02-06 21:00:00,-11.0650840503011,1.07270213265677
2024-02-06 22:00:00,-11.2160989514106,1.07524723573397
2024-02-06 23:00:00,-11.5327084406611,1.08948056626984
2024-02-07 00:00:00,-11.4534765392341,1.07835797827694
2024-02-07 01:00:00,-11.6700411184903,1.07023173371246
2024-02-07 02:00:00,-11.6180079755235,1.06002642607807
2024-02-07 03:00:00,-11.8976075983826,1.06561285163753
2024-02-07 04:00:00,-11.4615542076936,1.05362813102004
2024-02-07 05:00:00,-11.7293282800648,1.0592975011794
2024-02-07 06:00:00,-11.9245528105962,1.05873155570719
2024-02-07 07:00:00,-12.2029194722057,1.07877717409502
2024-02-07 08:00:00,-11.7237818479751,1.06932805029145
2024-02-07 09:00:00,-11.8623970192118,1.07670911134521
2024-02-07 10:00:00,-11.304610612597,1.06496020124926
2024-02-07 11:00:00,-11.0203015697217,1.05265065345742
2024-02-07 12:00:00,-11.4740405040675,1.07108955293659
2024-02-07 13:00:00,-11.15074277329,1.0758025152421
2024-02-07 14:00:00,-11.2855679083562,1.07388490938218
2024-02-07 15:00:00,-10.4263815886522,1.07763200912338
2024-02-07 16:00:00,-10.9253268271095,1.07966507683327
2024-02-07 17:00:00,-11.1893191267494,1.06834552237502
2024-02-07 18:00:00,-10.5395009367141,1.09396144566407
2024-02-07 19:00:00,-11.0759974294515,1.09197131500362
2024-02-07 20:00:00,-11.1221329238617,1.0822623038041
2024-02-07 21:00:00,-10.3881958693401,1.10557205429955
2024-02-07 22:00:00,-10.7951520620069,1.09336096597925
2024-02-07 23:00:00,-11.2532376560526,1.08852029256678
2024-02-08 00:00:00,-11.3392169158446,1.09684443023995
2024-02-08 01:00:00,-11.1527413498013,1.08485666328917
2024-02-08 02:00:00,-11.0802860644048,1.07214918627541
2024-02-08 03:00:00,-11.1844314251182,1.0598146520389
2024-02-08 04:00:00,-11.2687955283187,1.0580067838311
2024-02-08 05:00:00,-11.3777977224993,1.05550585176797
2024-02-08 06:00:00,-11.6094520671522,1.0542014736062
2024-02-08 07:00:00,-11.7460948859826,1.05724493285191
2024-02-08 08:00:00,-11.6098373217692,1.06288574421209
2024-02-08 09:00:00,-11.33603037173,1.05186282714801
2024-02-08 10:00:00,-11.0730933909006,1.03978932423002
2024-02-08 11:00:00,-10.9702155850034,1.031142725693
2024-02-08 12:00:00,-11.1662456737773,1.03848506492754
2024-02-08 13:00:00,-10.6225567530641,1.02896382484674
2024-02-08 14:00:00,-10.854449061835,1.02366582499202
2024-02-08 15:00:00,-10.3128893648475,1.01477788190929
2024-02-08 16:00:00,-10.3376314530826,1.00313270358142
2024-02-08 17:00:00,-10.8282797609776,0.993791580784236
2024-02-08 18:00:00,-10.6617055608282,0.984933012638647
2024-02-08 19:00:00,-10.8832931546549,0.981417508259736
2024-02-08 20:00:00,-10.7469134421206,0.970529283639922
2024-02-08 21:00:00,-10.3239036745249,0.9708050975776
2024-02-08 22:00:00,-10.947926578135,0.983263496006145
2024-02-08 23:00:00,-10.9713237864692,0.973648916526058
2024-02-09 00:00:00,-11.2834079868523,0.980838949059493
2024-02-09 01:00:00,-11.4501533682388,0.976201616782495
2024-02-09 02:00:00,-11.381914628717,0.96899107750863
2024-02-09 03:00:00,-10.7093881896797,0.988641199412923
2024-02-09 04:00:00,-10.7903864727287,0.977429697828857
2024-02-09 05:00:00,-10.7693866817008,0.96856176430371
2024-02-09 06:00:00,-11.3343500038932,0.965374841604558
2024-02-09 07:00:00,-11.6093800732229,0.967702454064772
2024-02-09 08:00:00,-11.143684091225,0.956853150904954
2024-02-09 09:00:00,-10.8929330538873,0.948998557922612
2024-02-09 10:00:00,-11.2239932232871,0.953432248860516
2024-02-09 11:00:00,-10.8011318342119,0.942945164872694
2024-02-09 12:00:00,-10.5295257698662,0.935286412422988
2024-02-09 13:00:00,-10.0174556561463,0.930734117411794
2024-02-09 14:00:00,-10.5152798963554,0.922234215789555
2024-02-09 15:00:00,-9.66100189261139,0.965434646995566
2024-02-09 16:00:00,-10.1987975653425,0.955590003918676
2024-02-09 17:00:00,-10.7685673550941,0.947140960956929
2024-02-09 18:00:00,-10.7639675951531,0.936634812978573
2024-02-09 19:00:00,-10.2553627598519,0.943964515006881
2024-02-09 20:00:00,-10.5272730134894,0.933828478669773
2024-02-09 21:00:00,-10.7372008574178,0.927818874534398
2024-02-09 22:00:00,-10.660721133677,0.917776600741457
2024-02-09 23:00:00,-11.0028945441658,0.915529292136185
2024-02-10 00:00:00,-10.3203263564435,0.909387180848686
2024-02-10 01:00:00,-10.903906390444,0.931311745003406
2024-02-10 02:00:00,-10.8411565326626,0.933792650371037
2024-02-10 03:00:00,-11.4509703793026,1.02063117032887
2024-02-10 04:00:00,-10.7507806826631,1.01407137072265
2024-02-10 05:00:00,-10.9309967583593,1.03640446912744
2024-02-10 06:00:00,-11.2717015028404,1.07222055598308
2024-02-10 07:00:00,-11.2787287269479,1.09229321804864
2024-02-10 08:00:00,-10.9315121785162,1.09743018871454
2024-02-10 09:00:00,-11.0881082223707,1.12814417949098
2024-02-10 10:00:00,-10.8245352682836,1.13281538927474
2024-02-10 11:00:00,-10.3699867141411,1.12275563906774
2024-02-10 12:00:00,-10.4713734412261,1.13149570989079
2024-02-10 13:00:00,-10.2530724953153,1.15105960549815
2024-02-10 14:00:00,-10.449788670467,1.16371008343183
2024-02-10 15:00:00,-10.5991998413773,1.22074729944879
2024-02-10 16:00:00,-10.732968988374,1.28091712445034
2024-02-10 17:00:00,-10.9659837657364,1.31444915254682
2024-02-10 18:00:00,-10.833843556387,1.32639728349989
2024-02-10 19:00:00,-10.7899575064182,1.35435343627433
2024-02-10 20:00:00,-10.4383021282714,1.346291294991
2024-02-10 21:00:00,-9.93266484872658,1.32974916280854
2024-02-10 22:00:00,-9.93455734779739,1.31371522644557
2024-02-10 23:00:00,-10.4427512858038,1.32068349589243
2024-02-11 00:00:00,-11.9012093469132,1.32066701588615
2024-02-11 01:00:00,-11.7114950774329,1.30444406106598
2024-02-11 02:00:00,-11.612709946726,1.28804472720237
2024-02-11 03:00:00,-11.9790236658125,1.28359810549693
2024-02-11 04:00:00,-11.0634583057323,1.29827491772993
2024-02-11 05:00:00,-11.329414138786,1.28192757699898
2024-02-11 06:00:00,-11.5998270083622,1.26584712092267
2024-02-11 07:00:00,-11.8826416666089,1.2530343692521
2024-02-11 08:00:00,-11.4741320192277,1.23929529374557
2024-02-11 09:00:00,-11.5419599050255,1.22391884642335
2024-02-11 10:00:00,-11.8767788359517,1.23044299760571
2024-02-11 11:00:00,-11.2943754970305,1.21685454836519
2024-02-11 12:00:00,-11.1064871093288,1.20304964392063
2024-02-11 13:00:00,-10.9302285450959,1.19032174270708
2024-02-11 14:00:00,-11.1366413021707,1.17634147040507
2024-02-11 15:00:00,-10.9677016919431,1.16234752565015
2024-02-11 16:00:00,-11.2809920001396,1.16390562244464
2024-02-11 17:00:00,-11.2695058520766,1.15065777343495
2024-02-11 18:00:00,-11.2082123854071,1.1376926050929
2024-02-11 19:00:00,-11.0740638126213,1.12473452950621
2024-02-11 20:00:00,-11.5479368404931,1.13316672504615
2024-02-11 21:00:00,-11.1458150813228,1.12081807137179
2024-02-11 22:00:00,-11.500718667104,1.12393686780278
2024-02-11 23:00:00,-11.6969732353511,1.12142926010382
2024-02-12 00:00:00,-11.2184842817141,1.10799332031262
2024-02-12 01:00:00,-11.0215571859245,1.10880344302806
2024-02-12 02:00:00,-11.275761896626,1.09578822016547
2024-02-12 03:00:00,-11.2378464407359,1.08465437769999
2024-02-12 04:00:00,-11.5847867930305,1.09387949947743
2024-02-12 05:00:00,-11.6505195652194,1.09080594037743
2024-02-12 06:00:00,-11.9127751772554,1.09243088389213
2024-02-12 07:00:00,-11.1973157557768,1.10306273178932
2024-02-12 08:00:00,-11.2689776781928,1.09064307171724
2024-02-12 09:00:00,-11.2781065007482,1.07771789340145
2024-02-12 10:00:00,-11.2097892673031,1.06514605365553
2024-02-12 11:00:00,-10.8850865403694,1.05440525920355
2024-02-12 12:00:00,-11.3500738111611,1.06630345587517
2024-02-12 13:00:00,-10.7739739990662,1.05439160972014
2024-02-12 14:00:00,-11.5057782771592,1.09462789259402
2024-02-12 15:00:00,-10.3306978709791,1.11389523292637
2024-02-12 16:00:00,-9.95301776787202,1.1371160201
2024-02-12 17:00:00,-10.8707327874354,1.12587514759484
2024-02-12 18:00:00,-10.5397589173302,1.13527672025273
2024-02-12 19:00:00,-10.7009851851521,1.1218476077171
2024-02-12 20:00:00,-10.7514730031311,1.1087341898956
2024-02-12 21:00:00,-10.8077499283524,1.09550445842648
2024-02-12 22:00:00,-10.7078616478104,1.0841590383486
2024-02-12 23:00:00,-10.9757059843192,1.07149934306617
2024-02-13 00:00:00,-10.3905664500168,1.06307093425827
2024-02-13 01:00:00,-10.5734125087063,1.05104450292579
2024-02-13 02:00:00,-10.6926396436987,1.04289168396428
2024-02-13 03:00:00,-10.6619497716544,1.03134252527751
2024-02-13 04:00:00,-10.7519543151555,1.03573998099832
2024-02-13 05:00:00,-11.2261203469668,1.08506442922963
2024-02-13 06:00:00,-11.131635747352,1.08218874257259
2024-02-13 07:00:00,-11.1301655819547,1.08146871858202
2024-02-13 08:00:00,-10.8655574952611,1.07727281284177
2024-02-13 09:00:00,-11.0505642670315,1.09255775291936
2024-02-13 10:00:00,-10.6362975840188,1.08108580937109
2024-02-13 11:00:00,-10.5227163599113,1.07770800887777
2024-02-13 12:00:00,-10.4044199831882,1.07012370674138
2024-02-13 13:00:00,-10.405419466707,1.09953441711767
2024-02-13 14:00:00,-9.96188437355351,1.08974094315807
2024-02-13 15:00:00,-9.16585873745956,1.11686961270076
2024-02-13 16:00:00,-9.7861248057891,1.11042133421359
2024-02-13 17:00:00,-10.2608097363314,1.10040460736578
2024-02-13 18:00:00,-10.5820931055987,1.10401483923316
2024-02-13 19:00:00,-10.0143548261341,1.09436290606572
2024-02-13 20:00:00,-10.2127969694465,1.08679122724343
2024-02-13 21:00:00,-10.2184196389102,1.0775508749419
2024-02-13 22:00:00,-10.1557045689031,1.06609272544312
2024-02-13 23:00:00,-10.7852489884003,1.09665167506335
2024-02-14 00:00:00,-10.5618724486914,1.08814751335698
2024-02-14 01:00:00,-11.0199289218558,1.10371006250688
2024-02-14 02:00:00,-10.8250059555652,1.0958738803516
2024-02-14 03:00:00,-11.0905625266855,1.11181874865051
2024-02-14 04:00:00,-10.8923587855637,1.1185238380697
2024-02-14 05:00:00,-10.6911125073631,1.10939895684591
2024-02-14 06:00:00,-11.025603907075,1.1163800642087
2024-02-14 07:00:00,-11.1172653810074,1.12092278800216
2024-02-14 08:00:00,-10.608107131415,1.10799233602742
2024-02-14 09:00:00,-9.77339682866673,1.14347525807872
2024-02-14 10:00:00,-9.99583294043482,1.12984663233866
2024-02-14 11:00:00,-10.1083427792752,1.1184509853892
2024-02-14 12:00:00,-10.1866317215945,1.10889085391565
2024-02-14 13:00:00,-9.73040656965065,1.09593876765436
2024-02-14 14:00:00,-10.452567809244,1.12462498866372
2024-02-14 15:00:00,-10.0087269643151,1.113143705966
2024-02-14 16:00:00,-9.65707189891737,1.10169368362319
2024-02-14 17:00:00,-10.3306864787327,1.10106908511749
2024-02-14 18:00:00,-10.3328995902858,1.09070410317777
2024-02-14 19:00:00,-10.2885079411911,1.08401841553536
2024-02-14 20:00:00,-10.0749580888179,1.07131390428404
2024-02-14 21:00:00,-10.4245049096623,1.08505404787389
2024-02-14 22:00:00,-10.4278004380223,1.08655662980107
2024-02-14 23:00:00,-10.5318846024212,1.08485048428109
2024-02-15 00:00:00,-10.8595079428295,1.09475911489916
2024-02-15 01:00:00,-10.2721374405534,1.10299576735126
2024-02-15 02:00:00,-10.5815085378979,1.09255942698842
2024-02-15 03:00:00,-10.804051485508,1.08533416507793
2024-02-15 04:00:00,-10.6173365239782,1.0756158878573
2024-02-15 05:00:00,-10.6498173330062,1.06629862089228
2024-02-15 06:00:00,-10.852301102614,1.05770180899906
2024-02-15 07:00:00,-10.9889900276906,1.05254352411867
2024-02-15 08:00:00,-10.5228520977049,1.04053965771574
2024-02-15 09:00:00,-10.8141321206181,1.04224368640535
2024-02-15 10:00:00,-10.4727150673145,1.03012920966063
2024-02-15 11:00:00,-10.8127865720233,1.06026266972571
2024-02-15 12:00:00,-10.2814297761819,1.04802865084607
2024-02-15 13:00:00,-9.85978914477247,1.03640684062415
2024-02-15 14:00:00,-10.6354659658272,1.07535455428827
2024-02-15 15:00:00,-9.60457324577621,1.08207109587788
2024-02-15 16:00:00,-9.65573344038335,1.06976348657573
2024-02-15 17:00:00,-10.1948249975722,1.05880374796446
2024-02-15 18:00:00,-10.3137221179023,1.04771981007874
2024-02-15 19:00:00,-10.3983236833142,1.04417650757607
2024-02-15 20:00:00,-10.4115716734127,1.03956023267734
2024-02-15 21:00:00,-10.2931533284103,1.03028236752962
2024-02-15 22:00:00,-10.1724240189446,1.01888776344064
2024-02-15 23:00:00,-10.4216857723086,1.01242070524071
2024-02-16 00:00:00,-10.9568006470453,1.04458380559022
2024-02-16 01:00:00,-10.9829141327318,1.03946486143522
2024-02-16 02:00:00,-10.7334363591102,1.02779702850971
2024-02-16 03:00:00,-10.6966005060774,1.01636226009035
2024-02-16 04:00:00,-10.4993666287003,1.00545417541778
2024-02-16 05:00:00,-10.8660710712244,1.01488780987058
2024-02-16 06:00:00,-11.2328219555943,1.03083104095033
2024-02-16 07:00:00,-11.0320255888499,1.02188470659094
2024-02-16 08:00:00,-10.8253739666504,1.01656262325675
2024-02-16 09:00:00,-10.752969753222,1.00856895543262
2024-02-16 10:00:00,-10.365119505426,0.997855950655916
2024-02-16 11:00:00,-10.4421955835825,0.994787659237898
2024-02-16 12:00:00,-10.7170401244035,1.01484975821146
2024-02-16 13:00:00,-10.1756746084494,1.00962972299708
2024-02-16 14:00:00,-10.1177075386218,0.998215624335236
2024-02-16 15:00:00,-9.64356101180169,0.991210513921614
2024-02-16 16:00:00,-10.0376081375248,0.990513839715578
2024-02-16 17:00:00,-10.4262409145865,0.984703139346441
2024-02-16 18:00:00,-10.4705084211842,0.977386569444698
2024-02-16 19:00:00,-10.5293966288671,0.98046312658315
2024-02-16 20:00:00,-10.3704016575424,0.972627491294145
2024-02-16 21:00:00,-10.8841412013225,1.02820842485332
2024-02-16 22:00:00,-10.8129208599507,1.0455203443609
2024-02-16 23:00:00,-11.0565232796323,1.07865316642687
2024-02-17 00:00:00,-11.3856921423196,1.08067089369285
2024-02-17 01:00:00,-11.5967646866113,1.08683895377433
2024-02-17 02:00:00,-11.499666479226,1.08477006333099
2024-02-17 03:00:00,-11.468034462696,1.07981864327765
2024-02-17 04:00:00,-11.5414692936541,1.10204256003027
2024-02-17 05:00:00,-11.6641318108115,1.12477406666306
2024-02-17 06:00:00,-11.7160925322367,1.12878085771401
2024-02-17 07:00:00,-11.7094186356425,1.13046251169627
2024-02-17 08:00:00,-12.1729326745242,1.2424178952761
2024-02-17 09:00:00,-11.4343885892429,1.2278351807259
2024-02-17 10:00:00,-11.0955471838719,1.21381206762115
2024-02-17 11:00:00,-10.8753816261486,1.20112757379744
2024-02-17 12:00:00,-11.2493484686452,1.2273952576898
2024-02-17 13:00:00,-10.5509404006558,1.21382088814433
2024-02-17 14:00:00,-10.4184955954873,1.19997597789493
2024-02-17 15:00:00,-10.0406806581914,1.19025413267902
2024-02-17 16:00:00,-10.4695715717315,1.18531983642128
2024-02-17 17:00:00,-10.8103135036801,1.17319141869895
2024-02-17 18:00:00,-10.8143213074611,1.15971334693672
2024-02-17 19:00:00,-11.2600477494375,1.19493798936276
2024-02-17 20:00:00,-11.0446263267145,1.18944417547305
2024-02-17 21:00:00,-11.0832928381553,1.19502402024905
2024-02-17 22:00:00,-10.1792483029446,1.21011076989889
2024-02-17 23:00:00,-10.7814170016722,1.20301034100584
2024-02-18 00:00:00,-11.6052446745861,1.23180608944228
2024-02-18 01:00:00,-11.5979423241259,1.2205457989301
2024-02-18 02:00:00,-11.5476887370986,1.21052188208001
2024-02-18 03:00:00,-11.0416303291854,1.20776998360037
2024-02-18 04:00:00,-11.3767200367009,1.21032083504789
2024-02-18 05:00:00,-11.4871380080683,1.20532091951332
2024-02-18 06:00:00,-11.8967182991823,1.21790962387741
2024-02-18 07:00:00,-11.4253328988982,1.20466856025754
2024-02-18 08:00:00,-11.1643337200581,1.18983129059045
2024-02-18 09:00:00,-11.662026046409,1.20640480299614
2024-02-18 10:00:00,-11.2722788245239,1.19191054836336
2024-02-18 11:00:00,-11.31648157177,1.19384776457493
2024-02-18 12:00:00,-11.6075497586167,1.22941380613655
2024-02-18 13:00:00,-10.599626115273,1.21524895996375
2024-02-18 14:00:00,-11.2066160023124,1.23238431487313
2024-02-18 15:00:00,-10.737570873132,1.21768888099933
2024-02-18 16:00:00,-11.0973464526106,1.23559484854796
2024-02-18 17:00:00,-11.4497930809733,1.24103126559954
2024-02-18 18:00:00,-11.5386637983865,1.24861342473014
2024-02-18 19:00:00,-11.1576481873212,1.23593234305881
2024-02-18 20:00:00,-11.0085515562708,1.22275081079642
2024-02-18 21:00:00,-11.0701621356015,1.21625836009648
2024-02-18 22:00:00,-11.3348161336995,1.23113035322527
2024-02-18 23:00:00,-10.4879665550188,1.25379604987068
2024-02-19 00:00:00,-11.1722945172068,1.23953422959147
2024-02-19 01:00:00,-11.1598680746061,1.23213779116648
2024-02-19 02:00:00,-11.7082185747209,1.23172833680967
2024-02-19 03:00:00,-11.7564455703528,1.21986489553439
2024-02-19 04:00:00,-11.6897075809635,1.21474974009412
2024-02-19 05:00:00,-11.7492307031431,1.20918037553389
2024-02-19 06:00:00,-11.6454177922738,1.19428013633723
2024-02-19 07:00:00,-11.3971499525871,1.18569928714931
2024-02-19 08:00:00,-11.5805480236597,1.178522567399
2024-02-19 09:00:00,-11.5149109128458,1.16463626653312
2024-02-19 10:00:00,-11.5557611200757,1.156572295673
2024-02-19 11:00:00,-11.0794062883714,1.1441266872525
2024-02-19 12:00:00,-11.4420663106396,1.15005297358021
2024-02-19 13:00:00,-10.725778576568,1.13679979080886
2024-02-19 14:00:00,-11.250024011791,1.13855203729903
2024-02-19 15:00:00,-10.7512172007608,1.12574157563012
2024-02-19 16:00:00,-10.9302667397935,1.11687030027329
2024-02-19 17:00:00,-10.9496317767163,1.10724535094975
2024-02-19 18:00:00,-11.0509899235302,1.09414488095912
2024-02-19 19:00:00,-11.0329072381506,1.08133721530031
2024-02-19 20:00:00,-11.3116818346925,1.08054164578109
2024-02-19 21:00:00,-11.2195949893256,1.07063635289844
2024-02-19 22:00:00,-11.2692891147751,1.06416184888813
2024-02-19 23:00:00,-11.2994829567443,1.05280391889031
2024-02-20 00:00:00,-11.3849254223966,1.04632675680428
2024-02-20 01:00:00,-11.2143790336337,1.03973647674634
2024-02-20 02:00:00,-10.9219978355498,1.04463073289669
2024-02-20 03:00:00,-11.5242817864447,1.04109410782429
2024-02-20 04:00:00,-11.4117823697484,1.03189679247972
2024-02-20 05:00:00,-11.5258766196186,1.0255793573152
2024-02-20 06:00:00,-11.7510920982999,1.01980606895933
2024-02-20 07:00:00,-11.7330547466607,1.01008748736624
2024-02-20 08:00:00,-11.3992609638428,0.998551286273209
2024-02-20 09:00:00,-11.2454112544621,0.987862169581547
2024-02-20 10:00:00,-10.9744153058671,0.981109997459532
2024-02-20 11:00:00,-11.2120355799016,0.978902731889286
2024-02-20 12:00:00,-11.2428656550339,0.974029794934364
2024-02-20 13:00:00,-10.8811632806964,0.968135402038504
2024-02-20 14:00:00,-10.3263835932521,0.99204751321894
2024-02-20 15:00:00,-9.97855625495656,1.00765895032184
2024-02-20 16:00:00,-10.3307123039296,0.996706594621578
2024-02-20 17:00:00,-10.9233330014373,0.985802512962126
2024-02-20 18:00:00,-10.4364549254692,1.01269554182875
2024-02-20 19:00:00,-11.1327513227266,1.02079914037415
2024-02-20 20:00:00,-10.6880720703532,1.01768206320598
2024-02-20 21:00:00,-10.890230497298,1.00724446799865
2024-02-20 22:00:00,-11.0768022814943,1.00097348643275
2024-02-20 23:00:00,-11.2665422483816,0.993918128621037
2024-02-21 00:00:00,-10.2631300263617,0.982625059969451
2024-02-21 01:00:00,-10.8642056965945,0.992258046827453
2024-02-21 02:00:00,-11.0758731708701,1.00979216872304
2024-02-21 03:00:00,-11.156656386638,1.02278593731726
2024-02-21 04:00:00,-11.2381502757662,1.07081175394898
2024-02-21 05:00:00,-10.9344913377301,1.06843371343743
2024-02-21 06:00:00,-11.096514537343,1.07310953395061
2024-02-21 07:00:00,-10.7688415322852,1.06047396562497
2024-02-21 08:00:00,-10.6479288651807,1.0529813791676
2024-02-21 09:00:00,-10.6619939786795,1.0455862982211
2024-02-21 10:00:00,-10.2964630165809,1.03390459931901
2024-02-21 11:00:00,-10.1731303599896,1.02266622918712
2024-02-21 12:00:00,-10.3911151978149,1.02463204827408
2024-02-21 13:00:00,-9.71527705546783,1.01316347824833
2024-02-21 14:00:00,-10.0262631350704,1.00450713837601
2024-02-21 15:00:00,-10.0119643049535,1.00099234182946
2024-02-21 16:00:00,-9.88347701881578,0.990290471250223
2024-02-21 17:00:00,-10.5459403369299,1.00211028095472
2024-02-21 18:00:00,-10.246576779691,0.99074727516315
2024-02-21 19:00:00,-10.2273480086972,0.983307680421438
2024-02-21 20:00:00,-10.3971366542382,0.986763546677996
2024-02-21 21:00:00,-10.3870436396439,0.986676641345493
2024-02-21 22:00:00,-10.1693163238889,0.976376965283719
2024-02-21 23:00:00,-10.7595207824372,1.00803539724049
2024-02-22 00:00:00,-10.8261255992508,0.996634236971713
2024-02-22 01:00:00,-11.2612530016413,0.997441498551041
2024-02-22 02:00:00,-10.6837803032951,0.998816217798406
2024-02-22 03:00:00,-11.2029575599291,1.00072795734359
2024-02-22 04:00:00,-10.902775363447,0.989806244518885
2024-02-22 05:00:00,-10.8655795303408,0.978767231810822
2024-02-22 06:00:00,-11.0198173654425,0.967827474002237
2024-02-22 07:00:00,-11.3404856262374,0.967122438110189
2024-02-22 08:00:00,-11.0457540477463,0.957546418695236
2024-02-22 09:00:00,-10.954200306016,0.947253813673322
2024-02-22 10:00:00,-10.7582821130535,0.93674410028769
2024-02-22 11:00:00,-11.001649130826,0.949453204285447
2024-02-22 12:00:00,-10.8372018003711,0.943681116582541
2024-02-22 13:00:00,-10.4431762478585,0.938642590906797
2024-02-22 14:00:00,-10.2574014252505,0.931290561978184
2024-02-22 15:00:00,-10.3708735391762,0.927649111078459
2024-02-22 16:00:00,-10.3014843116327,0.918040000884385
2024-02-22 17:00:00,-10.806506170953,0.915872274869472
2024-02-22 18:00:00,-10.9280590774841,0.913890983748805
2024-02-22 19:00:00,-10.7412446887126,0.90683276014636
2024-02-22 20:00:00,-10.8699689746181,0.911029354888067
2024-02-22 21:00:00,-10.1819788912143,0.916141925204233
2024-02-22 22:00:00,-10.49971597314,0.910112976301458
2024-02-22 23:00:00,-10.1781664750931,0.917795990781842
2024-02-23 00:00:00,-10.9660012690445,0.948511741095585
2024-02-23 01:00:00,-11.428770142358,0.970324061464164
2024-02-23 02:00:00,-11.1971191344025,0.964469070804401
2024-02-23 03:00:00,-10.7251994740656,0.959747570528948
2024-02-23 04:00:00,-10.8837475800222,0.959140884585427
2024-02-23 05:00:00,-10.9506075963448,0.953906109280339
2024-02-23 06:00:00,-11.4386866756395,0.972774605394978
2024-02-23 07:00:00,-11.5721342249136,0.98730052226214
2024-02-23 08:00:00,-10.803344622303,0.978111508719114
2024-02-23 09:00:00,-10.7798629224889,0.967399907194054
2024-02-23 10:00:00,-10.5729942514647,0.956797250414947
2024-02-23 11:00:00,-10.7327522645351,0.958463006385871
2024-02-23 12:00:00,-11.0988603381933,0.995495837867458
2024-02-23 13:00:00,-10.5446219682672,0.995515739313283
2024-02-23 14:00:00,-10.8393954455355,1.00979409069087
2024-02-23 15:00:00,-9.89341684726693,1.01261387271604
2024-02-23 16:00:00,-10.2143528527973,1.00726490567511
2024-02-23 17:00:00,-10.5964750352399,0.998925021939393
2024-02-23 18:00:00,-10.794843280046,0.997094363539705
2024-02-23 19:00:00,-10.7945849612041,0.999313485339066
2024-02-23 20:00:00,-10.9165042958534,1.01258696568947
2024-02-23 21:00:00,-10.6366596312412,1.00405780832641
2024-02-23 22:00:00,-11.1504092517261,1.06017694951054
2024-02-23 23:00:00,-10.9442080354886,1.05428548893893
2024-02-24 00:00:00,-11.4685206648678,1.05469848251315
2024-02-24 01:00:00,-11.4449699158933,1.04299187319777
2024-02-24 02:00:00,-11.3768717647089,1.03167375897245
2024-02-24 03:00:00,-11.6530127439733,1.03285318043373
2024-02-24 04:00:00,-11.4105071507132,1.02571847964332
2024-02-24 05:00:00,-11.6752598469095,1.03852447757141
2024-02-24 06:00:00,-11.8329567947635,1.04070435346535
2024-02-24 07:00:00,-11.9239020615208,1.04585481375379
2024-02-24 08:00:00,-11.8257565275868,1.05923104524388
2024-02-24 09:00:00,-11.693749656895,1.05835242083118
2024-02-24 10:00:00,-11.8697333739168,1.09274382769735
2024-02-24 11:00:00,-11.5047147013929,1.09422105533207
2024-02-24 12:00:00,-11.6439379493651,1.12607621779063
2024-02-24 13:00:00,-11.359138510994,1.1600182788754
2024-02-24 14:00:00,-11.6665759223896,1.20555308839925
2024-02-24 15:00:00,-11.3758545186228,1.22507097945885
2024-02-24 16:00:00,-11.5598409417276,1.27824284381411
2024-02-24 17:00:00,-12.2565318400994,1.39294394306436
2024-02-24 18:00:00,-10.8837462669184,1.40305121861703
2024-02-24 19:00:00,-11.0299763441792,1.39196725207987
2024-02-24 20:00:00,-11.1115390457371,1.38280402788449
2024-02-24 21:00:00,-11.446199555492,1.40742885785023
2024-02-24 22:00:00,-11.2654505512841,1.39971333854525
2024-02-24 23:00:00,-11.6545150689504,1.42440357546234
2024-02-25 00:00:00,-12.7012925160372,1.42207193989799
2024-02-25 01:00:00,-12.7986179702777,1.4125740362625
2024-02-25 02:00:00,-12.1269084776443,1.40878600254239
2024-02-25 03:00:00,-11.8647897783643,1.41211719813659
2024-02-25 04:00:00,-12.1688233782047,1.39695783208494
2024-02-25 05:00:00,-12.4174829444392,1.38444490035189
2024-02-25 06:00:00,-12.4124857792684,1.36683107577056
2024-02-25 07:00:00,-12.3837603988429,1.34992427039617
2024-02-25 08:00:00,-12.5423606273505,1.34338309125586
2024-02-25 09:00:00,-12.4263587312586,1.32690404485431
2024-02-25 10:00:00,-12.2398663249195,1.31010272204975
2024-02-25 11:00:00,-12.4567932322414,1.31736276281954
2024-02-25 12:00:00,-12.2904003543604,1.30613348136921
2024-02-25 13:00:00,-11.9331840476376,1.2979446870185
2024-02-25 14:00:00,-12.0176495582144,1.28407214671078
2024-02-25 15:00:00,-12.0119163529204,1.28102458203201
2024-02-25 16:00:00,-11.5185561604326,1.27018389679309
2024-02-25 17:00:00,-11.8260690473067,1.25489021027926
2024-02-25 18:00:00,-12.0916672882778,1.24141054861893
2024-02-25 19:00:00,-12.5660169905199,1.27403417232098
2024-02-25 20:00:00,-11.774968324926,1.26921610482524
2024-02-25 21:00:00,-11.7114231202137,1.25401505008254
2024-02-25 22:00:00,-11.952598496854,1.24185110192804
2024-02-25 23:00:00,-11.8509098375764,1.22912869497927
2024-02-26 00:00:00,-12.1076983762241,1.22961712815905
2024-02-26 01:00:00,-12.1084164738018,1.21441718905786
2024-02-26 02:00:00,-11.9727225267271,1.20034778993736
2024-02-26 03:00:00,-12.2473155039313,1.18949282699683
2024-02-26 04:00:00,-11.95009112315,1.17489644658868
2024-02-26 05:00:00,-12.5099537622651,1.19793704770674
2024-02-26 06:00:00,-12.3301775392267,1.18324031104475
2024-02-26 07:00:00,-12.6415093979385,1.18639700593365
2024-02-26 08:00:00,-12.0645180911737,1.17258518216028
2024-02-26 09:00:00,-12.2834762414799,1.16741674551326
2024-02-26 10:00:00,-11.5378599317883,1.17558146445478
2024-02-26 11:00:00,-11.5283586927813,1.16151686725728
2024-02-26 12:00:00,-11.8101514695801,1.15399229472919
2024-02-26 13:00:00,-11.3567646618435,1.14017321615896
2024-02-26 14:00:00,-11.4582900457469,1.12651857216118
2024-02-26 15:00:00,-11.2175290320096,1.11378304995917
2024-02-26 16:00:00,-10.6323396310365,1.14863453374165
2024-02-26 17:00:00,-10.7950564688694,1.17921468122162
2024-02-26 18:00:00,-11.3281015764914,1.16570625289203
2024-02-26 19:00:00,-11.358346716005,1.15312807609438
2024-02-26 20:00:00,-10.7021834350387,1.21078899902254
2024-02-26 21:00:00,-10.715390193719,1.2277613650366
2024-02-26 22:00:00,-11.2911433686698,1.21267764346827
2024-02-26 23:00:00,-11.4602156494319,1.19983590383228
2024-02-27 00:00:00,-10.5420789094798,1.20662049623292
2024-02-27 01:00:00,-10.7428334913057,1.19591502013084
2024-02-27 02:00:00,-10.0522085399984,1.20994686353721
2024-02-27 03:00:00,-9.65158831449081,1.25295602761905
2024-02-27 04:00:00,-9.92223483373838,1.23833750545007
2024-02-27 05:00:00,-10.4379998043828,1.22940181039511
2024-02-27 06:00:00,-10.5823497539661,1.21421300721454
2024-02-27 07:00:00,-10.7739973974238,1.20242249976498
2024-02-27 08:00:00,-10.4021763397821,1.18798563029068
2024-02-27 09:00:00,-10.7055508056242,1.1850728229086
2024-02-27 10:00:00,-10.4130059896553,1.17059689623576
2024-02-27 11:00:00,-10.3399980921903,1.16050386187696
2024-02-27 12:00:00,-10.4062978140355,1.1558806724791
2024-02-27 13:00:00,-9.31882437206887,1.16769486113985
2024-02-27 14:00:00,-9.90250293550797,1.15629513873315
2024-02-27 15:00:00,-9.42489027626694,1.15252958923074
2024-02-27 16:00:00,-9.65747369777107,1.13872527569844
2024-02-27 17:00:00,-9.83581646695228,1.12969206121182
2024-02-27 18:00:00,-10.0423266632377,1.11610327205812
2024-02-27 19:00:00,-10.2132963585085,1.10840564698333
2024-02-27 20:00:00,-9.99892301620046,1.09551687535323
2024-02-27 21:00:00,-9.97695980188046,1.0825515490333
2024-02-27 22:00:00,-10.5239098954875,1.1068209569331
2024-02-27 23:00:00,-10.6206801494497,1.10625256983624
2024-02-28 00:00:00,-9.92750152764339,1.10459602330967
2024-02-28 01:00:00,-10.477015066867,1.13755873884659
2024-02-28 02:00:00,-10.3390079502806,1.14013546299077
2024-02-28 03:00:00,-10.6071738408388,1.17441330941756
2024-02-28 04:00:00,-10.5990888522945,1.22494300999251
2024-02-28 05:00:00,-10.3476284873728,1.22918782218995
2024-02-28 06:00:00,-10.6631839493559,1.26044345453479
2024-02-28 07:00:00,-10.6543611111614,1.27539657003141
2024-02-28 08:00:00,-9.59237056191868,1.27189682249847
2024-02-28 09:00:00,-9.64409958604825,1.25602161243575
2024-02-28 10:00:00,-9.74297269380056,1.24545634991836
2024-02-28 11:00:00,-10.0708142061945,1.27838325369193
2024-02-28 12:00:00,-9.62752674983972,1.26336723045296
2024-02-28 13:00:00,-9.77308112845007,1.31165983744538
2024-02-28 14:00:00,-9.11812352759262,1.30455995546929
2024-02-28 15:00:00,-8.87755830372963,1.2887562739408
2024-02-28 16:00:00,-9.25305182187946,1.28419328747863
2024-02-28 17:00:00,-9.33061577838758,1.26859540946377
2024-02-28 18:00:00,-8.56978917895028,1.32746271956688
2024-02-28 19:00:00,-8.90028949679282,1.3114579510463
2024-02-28 20:00:00,-9.27604784613691,1.29815647842811
2024-02-28 21:00:00,-8.92898342339661,1.29096363187505
2024-02-28 22:00:00,-9.38218606776521,1.28379572975556
2024-02-28 23:00:00,-9.44786521279913,1.26786131323836
2024-02-29 00:00:00,-8.84697909777449,1.25238005428614
2024-02-29 01:00:00,-9.02308027535139,1.23752196752851
2024-02-29 02:00:00,-9.29978349408499,1.22690118801581
2024-02-29 03:00:00,-9.5404108775091,1.2222622213835
2024-02-29 04:00:00,-9.58170099024431,1.23220679557074
2024-02-29 05:00:00,-9.29716670097724,1.21757251275765
2024-02-29 06:00:00,-9.4614200464533,1.2055091726491
2024-02-29 07:00:00,-9.39615719594475,1.19081076165746
2024-02-29 08:00:00,-9.43363895947024,1.18740044115031
2024-02-29 09:00:00,-9.2210488580472,1.17294140844785
2024-02-29 10:00:00,-9.3700560304731,1.17286073873771
2024-02-29 11:00:00,-9.36664853615289,1.18082292025162
2024-02-29 12:00:00,-9.18027477079514,1.17410881644245
2024-02-29 13:00:00,-8.94512545504927,1.18196340268079
2024-02-29 14:00:00,-8.89886083918654,1.16992324564535
2024-02-29 15:00:00,-8.70674764797018,1.15992678998261
2024-02-29 16:00:00,-8.89152868074383,1.16276536172355
2024-02-29 17:00:00,-9.08479821320048,1.15211723915912
2024-02-29 18:00:00,-8.90431850568634,1.13818889717526
2024-02-29 19:00:00,-8.70301932196901,1.12458976835938
2024-02-29 20:00:00,-9.09473754172534,1.13187060806646
2024-02-29 21:00:00,-8.91732227821682,1.12035760266956
2024-02-29 22:00:00,-8.71288360822242,1.10695738167493
2024-02-29 23:00:00,-8.90730936864189,1.09499021892217
2024-03-01 00:00:00,-9.82654408941829,1.12041699212706
2024-03-01 01:00:00,-9.60703954330161,1.10733966386393
2024-03-01 02:00:00,-9.69124458856108,1.09765200588658
2024-03-01 03:00:00,-9.76503586404916,1.08806957220122
2024-03-01 04:00:00,-9.81365291107389,1.09377801725791
2024-03-01 05:00:00,-10.0268498799821,1.1105082065652
2024-03-01 06:00:00,-10.3684396490654,1.13853838381008
2024-03-01 07:00:00,-9.83171401123454,1.12518305181814
2024-03-01 08:00:00,-9.89050274985985,1.130064207197
2024-03-01 09:00:00,-9.59129844727367,1.11653210243055
2024-03-01 10:00:00,-10.0984085651408,1.16514860833881
2024-03-01 11:00:00,-9.7132991625496,1.16248793283952
2024-03-01 12:00:00,-9.86158202353525,1.19011433370639
2024-03-01 13:00:00,-9.1232929998273,1.17856569661934
2024-03-01 14:00:00,-9.84105431688314,1.23925549914558
2024-03-01 15:00:00,-9.07592893910528,1.22385737214954
2024-03-01 16:00:00,-9.06199149474849,1.21362610390807
2024-03-01 17:00:00,-9.56659661574071,1.21509374776079
2024-03-01 18:00:00,-9.44531467863966,1.20224671280046
2024-03-01 19:00:00,-9.4970270791967,1.20194599825432
2024-03-01 20:00:00,-9.61801202046568,1.21104661177208
2024-03-01 21:00:00,-9.3688860118212,1.20014075106785
2024-03-01 22:00:00,-9.30896443138649,1.19020207047363
2024-03-01 23:00:00,-9.43179671479325,1.1803795981993
2024-03-02 00:00:00,-10.560670942468,1.1884821495903
2024-03-02 01:00:00,-11.0525300782654,1.2168880747065
2024-03-02 02:00:00,-10.5450926131302,1.2018312934761
2024-03-02 03:00:00,-11.0494274165686,1.23382923139893
2024-03-02 04:00:00,-10.3463563809121,1.21862699099152
2024-03-02 05:00:00,-10.5314024876158,1.21401002839125
2024-03-02 06:00:00,-10.6337899730076,1.2020426571655
2024-03-02 07:00:00,-10.6610823288865,1.18993717302847
2024-03-02 08:00:00,-10.730955818132,1.19637976963074
2024-03-02 09:00:00,-10.4993456629328,1.18319510622252
2024-03-02 10:00:00,-10.5627637143759,1.18344517422995
2024-03-02 11:00:00,-10.442006430312,1.18370503576762
2024-03-02 12:00:00,-10.5238464466442,1.19643889349081
2024-03-02 13:00:00,-10.2528423760431,1.21503944094754
2024-03-02 14:00:00,-10.5306766479064,1.23889077524293
2024-03-02 15:00:00,-9.96384891702908,1.22576846043677
2024-03-02 16:00:00,-10.244788688379,1.24638448997366
2024-03-02 17:00:00,-10.6984148867907,1.26905907497246
2024-03-02 18:00:00,-10.6648493286761,1.27551791784194
2024-03-02 19:00:00,-10.6674924438588,1.29807964374065
2024-03-02 20:00:00,-10.6038193780329,1.31179853594899
2024-03-02 21:00:00,-10.2435110939444,1.29955790774542
2024-03-02 22:00:00,-10.6154999039111,1.33698202722474
2024-03-02 23:00:00,-10.7156583033624,1.35003191288269
2024-03-03 00:00:00,-11.9798086092743,1.35980906897415
2024-03-03 01:00:00,-11.7725636980605,1.34259767419545
2024-03-03 02:00:00,-11.7821976300683,1.32997041245342
2024-03-03 03:00:00,-12.018454171119,1.33013692557008
2024-03-03 04:00:00,-11.4964621596524,1.31319014398391
2024-03-03 05:00:00,-11.706753803261,1.30594724005746
2024-03-03 06:00:00,-12.1322189856095,1.31398427629989
2024-03-03 07:00:00,-11.7706354352922,1.29755271697966
2024-03-03 08:00:00,-11.2155886343469,1.28925189122949
2024-03-03 09:00:00,-11.3040575269954,1.27317832507367
2024-03-03 10:00:00,-11.5787178300732,1.26765920259643
2024-03-03 11:00:00,-11.5470421102404,1.2634237127775
2024-03-03 12:00:00,-11.4860287789325,1.25616870965697
2024-03-03 13:00:00,-10.3696901107886,1.26618373181989
2024-03-03 14:00:00,-10.7716647445641,1.25031768065182
2024-03-03 15:00:00,-11.0104099411716,1.24577969218156
2024-03-03 16:00:00,-11.0811549305804,1.2367937716708
2024-03-03 17:00:00,-11.1348770400929,1.2219806989823
2024-03-03 18:00:00,-11.1253002131595,1.20706453445757
2024-03-03 19:00:00,-10.9648106470918,1.19287460860618
2024-03-03 20:00:00,-11.3742442408806,1.19523805636628
2024-03-03 21:00:00,-11.2352726826312,1.18241447718771
2024-03-03 22:00:00,-11.3008343928544,1.17416265619879
2024-03-03 23:00:00,-11.0131018912787,1.16554657080062
2024-03-04 00:00:00,-11.1795861415346,1.15533355423102
2024-03-04 01:00:00,-9.85614442030518,1.39132924695368
2024-03-04 02:00:00,-10.8400022822991,1.37349724829703
2024-03-04 03:00:00,-10.9748245728325,1.36097395800338
2024-03-04 04:00:00,-10.9496765222212,1.34419701483993
2024-03-04 05:00:00,-11.172648040727,1.32744669379784
2024-03-04 06:00:00,-11.4561414308738,1.31150165663255
2024-03-04 07:00:00,-11.57265062082,1.29623593760024
2024-03-04 08:00:00,-10.8575143745641,1.30140945386048
2024-03-04 09:00:00,-10.4268086690226,1.33728140566558
2024-03-04 10:00:00,-10.6515206058347,1.32487587149685
2024-03-04 11:00:00,-10.5148357364124,1.31657597708169
2024-03-04 12:00:00,-10.9609098407577,1.30570116766427
2024-03-04 13:00:00,-10.7685723908801,1.29527079794803
2024-03-04 14:00:00,-10.5298428710488,1.28732222691551
2024-03-04 15:00:00,-10.0628054002517,1.29260149234471
2024-03-04 16:00:00,-10.3115208745648,1.27705538396141
2024-03-04 17:00:00,-10.6873299275225,1.26296385361842
2024-03-04 18:00:00,-10.1875728722942,1.30459516737317
2024-03-04 19:00:00,-10.30341520468,1.29805097311285
2024-03-04 20:00:00,-10.495981102587,1.28402251153576
2024-03-04 21:00:00,-10.3768879180608,1.27866644473535
2024-03-04 22:00:00,-10.5377545574463,1.26403829006328
2024-03-04 23:00:00,-10.5826143555516,1.25646957700941
2024-03-05 00:00:00,-8.42976842672309,1.25704176475449
2024-03-05 01:00:00,-9.47536606462631,1.26730827139976
2024-03-05 02:00:00,-9.50468413426434,1.25673734374582
2024-03-05 03:00:00,-9.33213365048852,1.24102949905641
2024-03-05 04:00:00,-9.3138002244169,1.23176880769276
2024-03-05 05:00:00,-9.2365688737924,1.21703058795797
2024-03-05 06:00:00,-9.31048786804363,1.20197472938278
2024-03-05 07:00:00,-9.75169784877015,1.20635430995847
2024-03-05 08:00:00,-9.24948211947986,1.19159771885287
2024-03-05 09:00:00,-8.76132563417718,1.19587317161276
2024-03-05 10:00:00,-9.39139142138651,1.20917333694497
2024-03-05 11:00:00,-9.40825156837661,1.21614377082792
2024-03-05 12:00:00,-9.4123130898747,1.22330809494809
2024-03-05 13:00:00,-9.00750906709469,1.22507862518522
2024-03-05 14:00:00,-9.15467770814828,1.22334285704178
2024-03-05 15:00:00,-8.45026159259948,1.21235075828698
2024-03-05 16:00:00,-8.30307464433347,1.20015643743636
2024-03-05 17:00:00,-8.64214228169804,1.18663792425787
2024-03-05 18:00:00,-8.48746206345826,1.18399638340036
2024-03-05 19:00:00,-8.78106862659675,1.17206663665468
2024-03-05 20:00:00,-8.1933691889959,1.1916909002377
2024-03-05 21:00:00,-8.49785567323442,1.17707458431265
2024-03-05 22:00:00,-8.39316428691205,1.16880545314126
2024-03-05 23:00:00,-8.63935182461511,1.15554552372274
2024-03-06 00:00:00,-8.42971936681903,1.14598271713284
2024-03-06 01:00:00,-9.09644312905657,1.16187985674152
2024-03-06 02:00:00,-9.05018349958533,1.15833475233529
2024-03-06 03:00:00,-8.95706346609494,1.14797357262626
2024-03-06 04:00:00,-8.82664950010421,1.14349652230927
2024-03-06 05:00:00,-8.74639213020103,1.13261792172101
2024-03-06 06:00:00,-8.51954293289126,1.12442745652888
2024-03-06 07:00:00,-9.10340448822333,1.1336128566705
2024-03-06 08:00:00,-8.63097329182078,1.11998884389446
2024-03-06 09:00:00,-8.68852149718073,1.10906580524725
2024-03-06 10:00:00,-8.6118658452004,1.09842161667856
2024-03-06 11:00:00,-8.85135261266534,1.12138743897788
2024-03-06 12:00:00,-8.67258185135809,1.11848968949749
2024-03-06 13:00:00,-7.74481194805052,1.11035053740284
2024-03-06 14:00:00,-8.2352199351561,1.10538167567412
2024-03-06 15:00:00,-7.9091443061976,1.09220317700425
2024-03-06 16:00:00,-8.25644249679586,1.09735938094165
2024-03-06 17:00:00,-8.59559631949707,1.09318601758747
2024-03-06 18:00:00,-8.91334099851534,1.1130006202218
2024-03-06 19:00:00,-8.49956837758937,1.10175021289455
2024-03-06 20:00:00,-8.69098227302364,1.11354063898761
2024-03-06 21:00:00,-8.73217121051797,1.12497104115217
2024-03-06 22:00:00,-8.82053747244866,1.14374512594431
2024-03-06 23:00:00,-8.88445620999621,1.15007312070483
2024-03-07 00:00:00,-9.79931743583291,1.19627841936115
2024-03-07 01:00:00,-9.57536438458804,1.1844665301361
2024-03-07 02:00:00,-9.32759466444342,1.17034541905342
2024-03-07 03:00:00,-9.64605965895511,1.17601324140916
2024-03-07 04:00:00,-9.32655994868224,1.16587143373638
2024-03-07 05:00:00,-9.48833637078356,1.16768924791979
2024-03-07 06:00:00,-9.83433527270032,1.18065116117367
2024-03-07 07:00:00,-9.55271313744151,1.16700342315356
2024-03-07 08:00:00,-9.59839690146303,1.17505740853619
2024-03-07 09:00:00,-9.53066404250581,1.17106182436092
2024-03-07 10:00:00,-9.6340497527737,1.18864931546145
2024-03-07 11:00:00,-9.51561724026601,1.20459075926872
2024-03-07 12:00:00,-9.12015618046602,1.19285171228051
2024-03-07 13:00:00,-9.30436224630217,1.25870520374038
2024-03-07 14:00:00,-9.62027437818619,1.30958886539333
2024-03-07 15:00:00,-8.45636362462817,1.30263933975217
2024-03-07 16:00:00,-8.78906758380821,1.30309568215236
2024-03-07 17:00:00,-9.38088764595692,1.31805535151179
2024-03-07 18:00:00,-9.18999476712247,1.30512614724987
2024-03-07 19:00:00,-9.39133673642435,1.32647305083577
2024-03-07 20:00:00,-9.28261622039525,1.32733040785839
2024-03-07 21:00:00,-9.31016739445404,1.3370409202932
2024-03-07 22:00:00,-9.28805333423349,1.34233727841172
2024-03-07 23:00:00,-9.46454929948895,1.35174993515761
2024-03-08 00:00:00,-10.7759491398786,1.37660327447735
2024-03-08 01:00:00,-10.5492700221995,1.35972333093801
2024-03-08 02:00:00,-10.4423084363665,1.34415894372788
2024-03-08 03:00:00,-10.960756820571,1.37385210201622
2024-03-08 04:00:00,-10.5036021179561,1.36107952763991
2024-03-08 05:00:00,-10.7356925876563,1.37308258322227
2024-03-08 06:00:00,-10.7988338652241,1.36657111241389
2024-03-08 07:00:00,-10.5774199146704,1.34950183770023
2024-03-08 08:00:00,-10.52899813349,1.34314105573893
2024-03-08 09:00:00,-10.501069412815,1.33261589811925
2024-03-08 10:00:00,-10.2173629523237,1.31609862420903
2024-03-08 11:00:00,-10.5843297602208,1.35159260502194
2024-03-08 12:00:00,-10.2773955666186,1.34115144687453
2024-03-08 13:00:00,-9.93450255977169,1.33875357267041
2024-03-08 14:00:00,-9.95863408442636,1.32504038525195
2024-03-08 15:00:00,-9.50617525728173,1.30865811047979
2024-03-08 16:00:00,-8.83854139396228,1.33906476204677
2024-03-08 17:00:00,-9.27052432846324,1.33342294002096
2024-03-08 18:00:00,-9.78762413289667,1.31774507780988
2024-03-08 19:00:00,-9.75411996533209,1.30103429623412
2024-03-08 20:00:00,-9.86568881162092,1.28684345887209
2024-03-08 21:00:00,-9.76585896484327,1.27068154729906
2024-03-08 22:00:00,-9.52719959238184,1.25876108068884
2024-03-08 23:00:00,-10.1354825322767,1.25785263425001
2024-03-09 00:00:00,-9.55788372287342,1.24292134463572
2024-03-09 01:00:00,-10.3525068932345,1.27989680185271
2024-03-09 02:00:00,-10.1568685762745,1.27256398168609
2024-03-09 03:00:00,-10.361858104081,1.28564619388642
2024-03-09 04:00:00,-10.2997857439713,1.30748190692621
2024-03-09 05:00:00,-10.3850930265019,1.33111649473403
2024-03-09 06:00:00,-10.5880239701285,1.35381427176478
2024-03-09 07:00:00,-10.6442909893966,1.37413596986919
2024-03-09 08:00:00,-10.2173934581928,1.36965496389068
2024-03-09 09:00:00,-10.4879212160082,1.40852495461049
2024-03-09 10:00:00,-10.3738866837919,1.43066272386565
2024-03-09 11:00:00,-10.0412434670059,1.43445349553405
2024-03-09 12:00:00,-10.1442158610099,1.46650038286693
2024-03-09 13:00:00,-9.84687445542659,1.50078357582655
2024-03-09 14:00:00,-10.3545871610446,1.58803835070245
2024-03-09 15:00:00,-9.98582066077061,1.61449871183404
2024-03-09 16:00:00,-10.2970121528259,1.71311907655546
2024-03-09 17:00:00,-10.5038798003536,1.76035715279027
2024-03-09 18:00:00,-10.2619328386962,1.76780764369204
2024-03-09 19:00:00,-10.1410577407737,1.78637724736588
2024-03-09 20:00:00,-10.2857977874738,1.83437505773977
2024-03-09 21:00:00,-10.6664055636671,1.96087888998126
2024-03-09 22:00:00,-10.0959020103795,1.95537572896736
2024-03-09 23:00:00,-10.7055447166633,2.06725890967438
2024-03-10 00:00:00,-12.9062307463347,2.09255543387076
2024-03-10 01:00:00,-11.8340529516367,2.09669345509211
2024-03-10 02:00:00,-11.3852483547674,2.10199182894148
2024-03-10 03:00:00,-11.731761656928,2.07311451300613
2024-03-10 04:00:00,-11.627455130445,2.04518385076161
2024-03-10 05:00:00,-11.3508712546973,2.03928144596834
2024-03-10 06:00:00,-11.9654265246722,2.01119185286685
2024-03-10 07:00:00,-12.0043676288533,1.98366334135869
2024-03-10 08:00:00,-11.9882706481989,1.95672284743671
2024-03-10 09:00:00,-12.0797343630708,1.9313218649549
2024-03-10 10:00:00,-11.266440017418,1.94718062030646
2024-03-10 11:00:00,-11.5176063403778,1.92028150844321
2024-03-10 12:00:00,-11.342720364178,1.89766429733695
2024-03-10 13:00:00,-10.9096861558596,1.87647913869074
2024-03-10 14:00:00,-11.4403443140457,1.8524565324364
2024-03-10 15:00:00,-10.8069646030866,1.85068378210223
2024-03-10 16:00:00,-11.0905659861434,1.82496928246438
2024-03-10 17:00:00,-11.4213877298082,1.80132641847017
2024-03-10 18:00:00,-12.0406737599899,1.79878603267871
2024-03-10 19:00:00,-11.6860890680491,1.7739228086882
2024-03-10 20:00:00,-11.7569120094272,1.7534842380341
2024-03-10 21:00:00,-11.8287557302877,1.73700317157783
2024-03-10 22:00:00,-11.5091284487556,1.7142406463315
2024-03-10 23:00:00,-11.0260705605106,1.73427922523914
2024-03-11 00:00:00,-10.434083640741,1.71057190628942
2024-03-11 01:00:00,-10.6276273728333,1.69058184320663
2024-03-11 02:00:00,-10.3676672149691,1.68861884104799
2024-03-11 03:00:00,-11.1527443131879,1.68417450319289
2024-03-11 04:00:00,-10.9541037445518,1.66341509361803
2024-03-11 05:00:00,-11.2025304773407,1.6560812654597
2024-03-11 06:00:00,-11.2620475685351,1.63657536402764
2024-03-11 07:00:00,-10.6619860613113,1.63909688881514
2024-03-11 08:00:00,-9.95677266487986,1.68146639930558
2024-03-11 09:00:00,-10.5208242345009,1.65857943541143
2024-03-11 10:00:00,-10.7186301495155,1.6373695784203
2024-03-11 11:00:00,-10.8479345089169,1.62631066521004
2024-03-11 12:00:00,-9.98724703598602,1.64462227574934
2024-03-11 13:00:00,-9.98569580212924,1.62269721501151
2024-03-11 14:00:00,-10.1634697030457,1.6018454158153
2024-03-11 15:00:00,-9.91290640475843,1.58418224729747
2024-03-11 16:00:00,-9.99695784550699,1.56355515069387
2024-03-11 17:00:00,-10.5070616867748,1.54320753550566
2024-03-11 18:00:00,-10.6459341523861,1.52352896833388
2024-03-11 19:00:00,-10.4487494797091,1.50343645706657
2024-03-11 20:00:00,-10.2663845283107,1.48619321051874
2024-03-11 21:00:00,-10.7692030127666,1.48867947859968
2024-03-11 22:00:00,-10.5863802260136,1.4696598284883
2024-03-11 23:00:00,-11.1711051130054,1.48869531939013
2024-03-12 00:00:00,-10.0226164820748,1.46958343793789
2024-03-12 01:00:00,-10.4400007701102,1.46552769136645
2024-03-12 02:00:00,-10.5597094006439,1.46572294919775
2024-03-12 03:00:00,-10.8458865710041,1.48931217933955
2024-03-12 04:00:00,-9.92584317083234,1.47449684341712
2024-03-12 05:00:00,-10.0868859155727,1.45892884113874
2024-03-12 06:00:00,-10.7307495218183,1.48041600480379
2024-03-12 07:00:00,-10.163705438147,1.46538423966711
2024-03-12 08:00:00,-10.1518462572492,1.45074675209661
2024-03-12 09:00:00,-10.0593777711446,1.4320982690379
2024-03-12 10:00:00,-10.2215878581975,1.42742634875992
2024-03-12 11:00:00,-10.2825467455487,1.43726290669765
2024-03-12 12:00:00,-9.80957426436282,1.41849633977119
2024-03-12 13:00:00,-9.4343662005395,1.40247295206214
2024-03-12 14:00:00,-9.58761105742587,1.38542981605628
2024-03-12 15:00:00,-9.26015034863831,1.36790853008633
2024-03-12 16:00:00,-9.56438800223597,1.36066045271913
2024-03-12 17:00:00,-9.62570434511178,1.34396446960438
2024-03-12 18:00:00,-9.22528408847847,1.35009582673407
2024-03-12 19:00:00,-9.45855925264452,1.33302688422346
2024-03-12 20:00:00,-9.86609996819872,1.33179902113174
2024-03-12 21:00:00,-9.6515354585616,1.31497223084455
2024-03-12 22:00:00,-9.79898777746014,1.30553585185485
2024-03-12 23:00:00,-10.055202665477,1.30022595818211
2024-03-13 00:00:00,-10.2289718967195,1.30004519572502
2024-03-13 01:00:00,-10.2221730910639,1.28450779469373
2024-03-13 02:00:00,-10.1642075957492,1.26956605084613
2024-03-13 03:00:00,-10.7532064417787,1.30499053805726
2024-03-13 04:00:00,-10.3631068319464,1.29744662562062
2024-03-13 05:00:00,-10.5206063391865,1.30766210829697
2024-03-13 06:00:00,-10.9699935794794,1.34732260216049
2024-03-13 07:00:00,-10.3065523960192,1.33176926213755
2024-03-13 08:00:00,-10.2021423449573,1.32014236550863
2024-03-13 09:00:00,-9.91463839134275,1.3043265610467
2024-03-13 10:00:00,-10.1492380338355,1.30117322784509
2024-03-13 11:00:00,-10.0865558605174,1.29802652966659
2024-03-13 12:00:00,-10.3040820429362,1.32094290132317
2024-03-13 13:00:00,-9.34837011652099,1.30519947897683
2024-03-13 14:00:00,-9.58693448840078,1.29101386498435
2024-03-13 15:00:00,-9.59143771654232,1.2843488511993
2024-03-13 16:00:00,-9.57166840625395,1.27312488426171
2024-03-13 17:00:00,-9.97810775014071,1.26630587306903
2024-03-13 18:00:00,-10.1815769301351,1.26892295227259
2024-03-13 19:00:00,-10.0832528474193,1.26759961772105
2024-03-13 20:00:00,-9.74640187646345,1.25197436876953
2024-03-13 21:00:00,-9.79066128735247,1.24259851911976
2024-03-13 22:00:00,-9.98871746450358,1.24628643154266
2024-03-13 23:00:00,-10.3509345927644,1.26658234029189
2024-03-14 00:00:00,-11.0948749940399,1.27806175830312
2024-03-14 01:00:00,-11.0140823124232,1.2649370570164
2024-03-14 02:00:00,-10.8817958332951,1.25090972285446
2024-03-14 03:00:00,-10.9341958751341,1.23893012246652
2024-03-14 04:00:00,-11.1379732678936,1.2608074825892
2024-03-14 05:00:00,-10.5301770508665,1.24962834863982
2024-03-14 06:00:00,-10.8714601906546,1.23745894385744
2024-03-14 07:00:00,-10.7540737462461,1.22251932879124
2024-03-14 08:00:00,-10.5573520745281,1.20737050103743
2024-03-14 09:00:00,-10.9873563821317,1.2143184739306
2024-03-14 10:00:00,-10.9406150216586,1.21262116412025
2024-03-14 11:00:00,-10.6264895723051,1.20155494785372
2024-03-14 12:00:00,-10.4979254004763,1.19003248807976
2024-03-14 13:00:00,-9.94146957796622,1.17543167316949
2024-03-14 14:00:00,-9.79146836675391,1.17011165260422
2024-03-14 15:00:00,-9.65281079266911,1.15821673660374
2024-03-14 16:00:00,-9.3536096158415,1.16806902048554
2024-03-14 17:00:00,-9.86255740674475,1.15765851072281
2024-03-14 18:00:00,-10.1649217409573,1.14359787925764
2024-03-14 19:00:00,-9.61401919048874,1.1623695994295
2024-03-14 20:00:00,-9.62023197480437,1.16145433589447
2024-03-14 21:00:00,-9.80533830425671,1.14935197141831
2024-03-14 22:00:00,-9.78861142639857,1.14107600203885
2024-03-14 23:00:00,-10.2831585875904,1.12939040290188
2024-03-15 00:00:00,-9.54985815312811,1.11917282471676
2024-03-15 01:00:00,-9.58123603436726,1.10682302254953
2024-03-15 02:00:00,-10.0623380253633,1.11648548630896
2024-03-15 03:00:00,-8.96500859869858,1.18933635300696
2024-03-15 04:00:00,-8.77725109338293,1.20023829536449
2024-03-15 05:00:00,-9.14923439217688,1.18723201560045
2024-03-15 06:00:00,-9.71986175635616,1.17498002181612
2024-03-15 07:00:00,-9.68489732426315,1.16158790508494
2024-03-15 08:00:00,-9.71929745922078,1.15074563653954
2024-03-15 09:00:00,-9.39583441891385,1.14253820528234
2024-03-15 10:00:00,-8.8018360457502,1.17121448879872
2024-03-15 11:00:00,-9.33362965497793,1.16548155900548
2024-03-15 12:00:00,-8.99557503965344,1.1581556611988
2024-03-15 13:00:00,-9.11208740329529,1.15739758869195
2024-03-15 14:00:00,-9.14896239930824,1.14334962047016
2024-03-15 15:00:00,-9.04184638393026,1.13098215622578
2024-03-15 16:00:00,-9.14866056790029,1.12178974972894
2024-03-15 17:00:00,-9.40948344875181,1.10909215525792
2024-03-15 18:00:00,-9.86715932477956,1.12513757033606
2024-03-15 19:00:00,-8.88538689672643,1.14188466467275
2024-03-15 20:00:00,-8.9872848608143,1.1287433685955
2024-03-15 21:00:00,-8.84005988230461,1.12151421497949
2024-03-15 22:00:00,-9.55445571469348,1.13955866796589
2024-03-15 23:00:00,-9.52980499665839,1.12713789176838
2024-03-16 00:00:00,-8.74753999282392,1.11800402273342
2024-03-16 01:00:00,-9.2705415908678,1.12946950519822
2024-03-16 02:00:00,-9.32510218806573,1.13523048117677
2024-03-16 03:00:00,-9.53423049424855,1.15691318491094
2024-03-16 04:00:00,-9.4014127141545,1.17823815366185
2024-03-16 05:00:00,-9.25974710310369,1.17937663862244
2024-03-16 06:00:00,-9.39077605551932,1.18067840517081
2024-03-16 07:00:00,-9.72764595813128,1.2164521246914
2024-03-16 08:00:00,-9.62031380269065,1.25015602873307
2024-03-16 09:00:00,-9.67494177554289,1.28873228531818
2024-03-16 10:00:00,-9.82884142383254,1.37007600604101
2024-03-16 11:00:00,-9.36374572126892,1.3866236995818
2024-03-16 12:00:00,-8.95585186445445,1.37915855880955
2024-03-16 13:00:00,-8.66230451048554,1.39002277511843
2024-03-16 14:00:00,-9.06462358181658,1.42443142451358
2024-03-16 15:00:00,-8.69284539051023,1.4231619197127
2024-03-16 16:00:00,-9.03744272991081,1.47837689783986
2024-03-16 17:00:00,-9.32762207227599,1.50506791898977
2024-03-16 18:00:00,-8.86493250142213,1.48693598540165
2024-03-16 19:00:00,-8.72871673635133,1.4757899530469
2024-03-16 20:00:00,-8.69141935083891,1.46526369467364
2024-03-16 21:00:00,-8.73921302523732,1.46109020821854
2024-03-16 22:00:00,-8.53686363604292,1.44399177515889
2024-03-16 23:00:00,-9.06785707470953,1.46532024089622
2024-03-17 00:00:00,-9.59629803596748,1.45782918141557
2024-03-17 01:00:00,-9.72409981770812,1.4419966414836
2024-03-17 02:00:00,-10.0420470025095,1.42671698460546
2024-03-17 03:00:00,-10.0715607914393,1.40840886155984
2024-03-17 04:00:00,-10.196729772532,1.40589934543518
2024-03-17 05:00:00,-10.4077041281143,1.41073453966674
2024-03-17 06:00:00,-10.2292176179495,1.39244843400347
2024-03-17 07:00:00,-9.76356210935257,1.39175374131797
2024-03-17 08:00:00,-9.62980778811242,1.37626334906995
2024-03-17 09:00:00,-9.70057391379197,1.35939423132904
2024-03-17 10:00:00,-10.0159341211821,1.35254913446427
2024-03-17 11:00:00,-9.59511627917066,1.33600589229368
2024-03-17 12:00:00,-9.91238926466569,1.33591792067588
2024-03-17 13:00:00,-9.52475785422928,1.32535981430076
2024-03-17 14:00:00,-9.6337817382566,1.31113273402588
2024-03-17 15:00:00,-9.41715496374001,1.29617978853734
2024-03-17 16:00:00,-9.55708251472211,1.28854030573276
2024-03-17 17:00:00,-9.71068425613031,1.272479537229
2024-03-17 18:00:00,-9.83443816852675,1.25972976031437
2024-03-17 19:00:00,-9.92183618101747,1.25699845960142
2024-03-17 20:00:00,-9.86768639017276,1.24843882758212
2024-03-17 21:00:00,-10.0468494159981,1.25837368439273
2024-03-17 22:00:00,-9.8085109290559,1.24563930007903
2024-03-17 23:00:00,-9.70109204483746,1.23010382138101
2024-03-18 00:00:00,-9.88945786762889,1.21805742899854
2024-03-18 01:00:00,-9.81137678998976,1.2069566703109
2024-03-18 02:00:00,-9.73811422305174,1.19507598178547
2024-03-18 03:00:00,-9.88211817716314,1.18055657119456
2024-03-18 04:00:00,-10.119661640098,1.18060253348548
2024-03-18 05:00:00,-10.0829309917908,1.16859474624399
2024-03-18 06:00:00,-10.0413318304082,1.15478255230273
2024-03-18 07:00:00,-10.4102915816019,1.15264215924298
2024-03-18 08:00:00,-10.2798518870915,1.14751320959201
2024-03-18 09:00:00,-9.88312854659005,1.13561586895143
2024-03-18 10:00:00,-9.89167524737052,1.12339512503609
2024-03-18 11:00:00,-9.9141613395186,1.11864796685772
2024-03-18 12:00:00,-10.0490978490584,1.12438121898391
2024-03-18 13:00:00,-9.33315105893888,1.11088386530293
2024-03-18 14:00:00,-9.14548813926955,1.10628790145156
2024-03-18 15:00:00,-9.07786951769346,1.09342662958396
2024-03-18 16:00:00,-9.54995317754216,1.09724994042494
2024-03-18 17:00:00,-9.54402828772517,1.08602442116131
2024-03-18 18:00:00,-9.62951028598357,1.07320274050209
2024-03-18 19:00:00,-9.83361791841287,1.07202136947937
2024-03-18 20:00:00,-9.80411998853216,1.06462390770132
2024-03-18 21:00:00,-10.0567496722583,1.08082670865745
2024-03-18 22:00:00,-10.3038319142199,1.11690262698078
2024-03-18 23:00:00,-10.1325661581899,1.11072421871021
2024-03-19 00:00:00,-10.1098318374363,1.11085567267498
2024-03-19 01:00:00,-9.68746031675775,1.10940998914044
2024-03-19 02:00:00,-9.68314150979503,1.09752434660654
2024-03-19 03:00:00,-9.61410455850644,1.09019145589051
2024-03-19 04:00:00,-9.3321137883848,1.08606180865387
2024-03-19 05:00:00,-9.50803880288514,1.07421997207859
2024-03-19 06:00:00,-9.73300804777187,1.06288010558644
2024-03-19 07:00:00,-9.79479408587674,1.05218280129934
2024-03-19 08:00:00,-9.56420004989482,1.04293347862483
2024-03-19 09:00:00,-9.40518268771826,1.04106672172299
2024-03-19 10:00:00,-9.17949345824682,1.04477318894675
2024-03-19 11:00:00,-9.29870704610626,1.03272155624708
2024-03-19 12:00:00,-9.26991825311018,1.02181605978954
2024-03-19 13:00:00,-8.92599688567686,1.01076070975449
2024-03-19 14:00:00,-9.20587566432757,0.999183951711019
2024-03-19 15:00:00,-9.08494553116877,0.987794462391948
2024-03-19 16:00:00,-9.09371191457846,0.976613015244754
2024-03-19 17:00:00,-9.63873681797276,0.96983141202533
2024-03-19 18:00:00,-9.58905311770928,0.958945014903802
2024-03-19 19:00:00,-9.35498542100279,0.949058293770845
2024-03-19 20:00:00,-9.26587061670509,0.939574951068414
2024-03-19 21:00:00,-9.32026671192345,0.92920670505682
2024-03-19 22:00:00,-9.65693824000592,0.930955705637943
2024-03-19 23:00:00,-9.45644430454543,0.922944479148583
2024-03-20 00:00:00,-8.62153009098089,0.915047722965298
2024-03-20 01:00:00,-9.07560452764029,0.906525404371277
2024-03-20 02:00:00,-8.97748333576833,0.897288828732441
2024-03-20 03:00:00,-9.3771572843332,0.899112744670992
2024-03-20 04:00:00,-8.6895422820731,0.900132892001058
2024-03-20 05:00:00,-8.83002855480144,0.890451224425453
2024-03-20 06:00:00,-9.20937981232765,0.883000632288585
2024-03-20 07:00:00,-9.57181966655187,0.889013411261634
2024-03-20 08:00:00,-9.04085760495179,0.880154541860945
2024-03-20 09:00:00,-9.09384792572169,0.871991651122355
2024-03-20 10:00:00,-9.25938144428243,0.876840261457396
2024-03-20 11:00:00,-9.09340804622344,0.87588180469245
2024-03-20 12:00:00,-8.79177019548358,0.866669684680515
2024-03-20 13:00:00,-8.44164230889415,0.85957422135655
2024-03-20 14:00:00,-9.01649273309581,0.87951779851296
2024-03-20 15:00:00,-8.87810373844723,0.887568724254374
2024-03-20 16:00:00,-8.63634513242416,0.880135574070026
2024-03-20 17:00:00,-8.89867308709664,0.873042210996693
2024-03-20 18:00:00,-8.51490314961581,0.872742207420175
2024-03-20 19:00:00,-8.39328759895613,0.865900344881777
2024-03-20 20:00:00,-8.81630597476628,0.868394425598943
2024-03-20 21:00:00,-8.50955519058739,0.86064704551817
2024-03-20 22:00:00,-8.90316833639585,0.868183971654596
2024-03-20 23:00:00,-9.21028055562681,0.878070829968582
2024-03-21 00:00:00,-9.48662739338688,0.901923116744752
2024-03-21 01:00:00,-9.32432403517345,0.892671413339878
2024-03-21 02:00:00,-9.97905983228257,0.965896673970174
2024-03-21 03:00:00,-9.640786796069,0.961566645351321
2024-03-21 04:00:00,-9.01396117074231,0.951353724175843
2024-03-21 05:00:00,-9.14615400095192,0.944874803533079
2024-03-21 06:00:00,-9.28981337660013,0.935776712617182
2024-03-21 07:00:00,-9.76808463164659,0.958715256589818
2024-03-21 08:00:00,-9.41654969549307,0.954338514673077
2024-03-21 09:00:00,-9.22134953614598,0.944942256270663
2024-03-21 10:00:00,-9.37454648499109,0.955133299352019
2024-03-21 11:00:00,-9.21786565199003,0.959156348614206
2024-03-21 12:00:00,-9.23857396123959,0.970374204366494
2024-03-21 13:00:00,-9.09804082427015,1.00659193023994
2024-03-21 14:00:00,-8.85984828129501,0.996768265012433
2024-03-21 15:00:00,-8.85139237661356,1.00558666930646
2024-03-21 16:00:00,-8.84320337422687,1.00843450409871
2024-03-21 17:00:00,-9.34357388214586,1.02775348614764
2024-03-21 18:00:00,-9.09638800622441,1.01856076653288
2024-03-21 19:00:00,-8.69496680360619,1.00703389495404
2024-03-21 20:00:00,-9.04956794372684,1.01883060371773
2024-03-21 21:00:00,-8.51299977664251,1.01110532842834
2024-03-21 22:00:00,-8.98744715623462,1.02442867075446
2024-03-21 23:00:00,-9.29170933706352,1.03717197520294
2024-03-22 00:00:00,-10.5269212438146,1.10011605690386
2024-03-22 01:00:00,-9.89597261616448,1.09196542821842
2024-03-22 02:00:00,-9.85780179680925,1.0792196681306
2024-03-22 03:00:00,-10.0655499871456,1.07191898380441
2024-03-22 04:00:00,-9.7081706950988,1.05930893478701
2024-03-22 05:00:00,-9.91437820857996,1.05309427970762
2024-03-22 06:00:00,-10.3757723662696,1.06360726037897
2024-03-22 07:00:00,-10.1637437363519,1.05173665538297
2024-03-22 08:00:00,-10.3009412131001,1.06785908570596
2024-03-22 09:00:00,-10.0399884828749,1.05730993085938
2024-03-22 10:00:00,-9.97619299895744,1.05254645913688
2024-03-22 11:00:00,-9.61064839605442,1.04061593848302
2024-03-22 12:00:00,-9.50329745575711,1.02924564495869
2024-03-22 13:00:00,-9.14230784882118,1.01863138774099
2024-03-22 14:00:00,-9.32037460164862,1.00764643291101
2024-03-22 15:00:00,-9.084468722737,0.996117949143512
2024-03-22 16:00:00,-9.00567045946647,0.98509027948348
2024-03-22 17:00:00,-9.53457598740886,0.977099389215543
2024-03-22 18:00:00,-9.66202673186596,0.9692494896942
2024-03-22 19:00:00,-9.57345408024151,0.961206192120241
2024-03-22 20:00:00,-9.54814070782476,0.953387193299925
2024-03-22 21:00:00,-9.70933192286084,0.957102741737335
2024-03-22 22:00:00,-9.25042402768277,0.949776037318177
2024-03-22 23:00:00,-9.45164378686356,0.93944236969306
2024-03-23 00:00:00,-9.82745726288613,0.936380156831606
2024-03-23 01:00:00,-10.2163045695784,0.93774443156809
2024-03-23 02:00:00,-9.96836880852936,0.927395743473535
2024-03-23 03:00:00,-10.2302572150072,0.92817214736675
2024-03-23 04:00:00,-9.70077165349052,0.91929443978862
2024-03-23 05:00:00,-9.88479965670549,0.912539868513419
2024-03-23 06:00:00,-10.4087363062619,0.926191746795556
2024-03-23 07:00:00,-10.7247266575829,0.955737968869877
2024-03-23 08:00:00,-9.67610298238445,0.959838185112436
2024-03-23 09:00:00,-9.9383090691485,0.954152621461495
2024-03-23 10:00:00,-9.87915553529738,0.946435713214768
2024-03-23 11:00:00,-9.68264686585636,0.937750655633314
2024-03-23 12:00:00,-10.1018387597497,0.971355138807242
2024-03-23 13:00:00,-9.42787457352932,0.963016257044181
2024-03-23 14:00:00,-9.7621107656909,0.969582071564414
2024-03-23 15:00:00,-9.15764693250881,0.960046338597764
2024-03-23 16:00:00,-9.45510349952142,0.962410624190881
2024-03-23 17:00:00,-9.79621472824428,0.958123527025798
2024-03-23 18:00:00,-9.58631405344788,0.94757269363815
2024-03-23 19:00:00,-10.160303683662,0.999284415021616
2024-03-23 20:00:00,-9.82900197069989,0.992641358295059
2024-03-23 21:00:00,-9.77650672142729,0.99089078075395
2024-03-23 22:00:00,-9.96349007150214,1.00668041502234
2024-03-23 23:00:00,-10.2572067741409,1.03252966612329
2024-03-24 00:00:00,-10.2081488589963,1.02153092860881
2024-03-24 01:00:00,-10.6326588423278,1.02005344097334
2024-03-24 02:00:00,-10.6627079489137,1.01571425975541
2024-03-24 03:00:00,-10.7134483470079,1.01110828793698
2024-03-24 04:00:00,-10.0954752974255,1.00340042392108
2024-03-24 05:00:00,-10.2135043532137,0.992308560038815
2024-03-24 06:00:00,-11.0009852215408,1.02627556566618
2024-03-24 07:00:00,-10.8861144662702,1.02102121470169
2024-03-24 08:00:00,-10.1435015526003,1.0165277311966
2024-03-24 09:00:00,-10.212703083455,1.00488044856211
2024-03-24 10:00:00,-10.481040520803,1.00845917946114
2024-03-24 11:00:00,-10.2603589191169,1.00112510998178
2024-03-24 12:00:00,-10.1651049184167,0.993295802481183
2024-03-24 13:00:00,-9.50043295027666,0.983276302488422
2024-03-24 14:00:00,-10.1713104738579,0.997293622707122
2024-03-24 15:00:00,-9.83977689842096,0.987824414083534
2024-03-24 16:00:00,-9.97531937260125,0.988248019276781
2024-03-24 17:00:00,-10.1523953761013,0.978415668164572
2024-03-24 18:00:00,-10.1478914359112,0.968489044319798
2024-03-24 19:00:00,-9.60482703865215,0.969419990932231
2024-03-24 20:00:00,-10.081414522617,0.97194923489303
2024-03-24 21:00:00,-9.76647013257085,0.96254037776491
2024-03-24 22:00:00,-9.95741598565087,0.955344752696873
2024-03-24 23:00:00,-10.0302612722452,0.944866330095368
2024-03-25 00:00:00,-10.1713340949015,0.935174130570323
2024-03-25 01:00:00,-10.5297853820129,0.929029922800281
2024-03-25 02:00:00,-10.5806370930419,0.922910658108307
2024-03-25 03:00:00,-10.6604732351894,0.917622492783088
2024-03-25 04:00:00,-10.0065070180794,0.916178618445979
2024-03-25 05:00:00,-10.2361734507232,0.907153944798037
2024-03-25 06:00:00,-10.4468004973959,0.897554906135634
2024-03-25 07:00:00,-10.6969690261844,0.89356630548701
2024-03-25 08:00:00,-10.5058055026931,0.886846788294615
2024-03-25 09:00:00,-10.2922075251091,0.877593307622193
2024-03-25 10:00:00,-10.4630240723661,0.87847505190754
2024-03-25 11:00:00,-10.2472533452111,0.872292371099633
2024-03-25 12:00:00,-10.346913761374,0.876739173742924
2024-03-25 13:00:00,-9.91772546113175,0.873606126450412
2024-03-25 14:00:00,-9.68103991521588,0.868304342160783
2024-03-25 15:00:00,-9.41902639981537,0.861470217893953
2024-03-25 16:00:00,-9.62196760762452,0.853340212839025
2024-03-25 17:00:00,-9.92016148110666,0.844454299692488
2024-03-25 18:00:00,-9.85804818849461,0.837627810901349
2024-03-25 19:00:00,-10.1444367765069,0.839439948264439
2024-03-25 20:00:00,-10.221458535503,0.839610980136829
2024-03-25 21:00:00,-10.288437269335,0.844317379438181
2024-03-25 22:00:00,-9.73445784629118,0.842451678498885
2024-03-25 23:00:00,-10.1860509227073,0.841083744460083
2024-03-26 00:00:00,-10.1444358199382,0.835503326980786
2024-03-26 01:00:00,-10.4018374531503,0.830289822940889
2024-03-26 02:00:00,-10.6594556658951,0.841324871016557
2024-03-26 03:00:00,-10.4837643330533,0.833777989406312
2024-03-26 04:00:00,-10.6490995992353,0.857823544417369
2024-03-26 05:00:00,-10.7492546057371,0.875924765504105
2024-03-26 06:00:00,-10.8655456811976,0.884068401998328
2024-03-26 07:00:00,-10.5405329585629,0.874676043862496
2024-03-26 08:00:00,-9.74136680508852,0.888945637410691
2024-03-26 09:00:00,-10.2306185487391,0.886983985318922
2024-03-26 10:00:00,-10.1885439042408,0.879912672561252
2024-03-26 11:00:00,-10.4506044289479,0.907301039548886
2024-03-26 12:00:00,-10.2680573626502,0.907608185119628
2024-03-26 13:00:00,-9.56842236485862,0.897773304116107
2024-03-26 14:00:00,-9.5155986205929,0.890045403232204
2024-03-26 15:00:00,-9.31134291090562,0.881486736375327
2024-03-26 16:00:00,-9.45125470104622,0.872458924068749
2024-03-26 17:00:00,-9.96198361883379,0.866998305286954
2024-03-26 18:00:00,-10.0232924867259,0.859541208833163
2024-03-26 19:00:00,-10.0261809878721,0.856453829100347
2024-03-26 20:00:00,-9.79697639633836,0.847473119215851
2024-03-26 21:00:00,-10.2493727078895,0.873365509151922
2024-03-26 22:00:00,-9.97211080341039,0.865422545840115
2024-03-26 23:00:00,-10.4256028199856,0.886497931565714
2024-03-27 00:00:00,-10.6192948820566,0.896109544243991
2024-03-27 01:00:00,-10.5178965210323,0.886879537075801
2024-03-27 02:00:00,-10.5988011559368,0.884418365977382
2024-03-27 03:00:00,-10.7381913114077,0.886213344563352
2024-03-27 04:00:00,-10.5155542867384,0.883734901485147
2024-03-27 05:00:00,-10.621940403062,0.887540316211518
2024-03-27 06:00:00,-10.9285731348486,0.899505962455414
2024-03-27 07:00:00,-10.9725671419574,0.905467907677926
2024-03-27 08:00:00,-10.4028446636041,0.895658234280293
2024-03-27 09:00:00,-10.5562667708273,0.895723024288495
2024-03-27 10:00:00,-10.2831947747441,0.886540036456656
2024-03-27 11:00:00,-10.4142485871818,0.898500990355258
2024-03-27 12:00:00,-10.4631018089265,0.911127781430543
2024-03-27 13:00:00,-9.95724142346194,0.909491066070986
2024-03-27 14:00:00,-9.42633483910556,0.919725249324684
2024-03-27 15:00:00,-9.30974707190853,0.911565373608419
2024-03-27 16:00:00,-9.69625747354935,0.908219150153224
2024-03-27 17:00:00,-9.84726649355753,0.899139418074113
2024-03-27 18:00:00,-9.97868814129014,0.889747366302879
2024-03-27 19:00:00,-10.1159323928869,0.888477296513713
2024-03-27 20:00:00,-9.96139799456416,0.87941536867948
2024-03-27 21:00:00,-10.2053252438366,0.887022138593604
2024-03-27 22:00:00,-10.3267612793837,0.897184537054993
2024-03-27 23:00:00,-10.3068183548317,0.892434148937394
2024-03-28 00:00:00,-10.2705284163142,0.88362485193844
2024-03-28 01:00:00,-10.4133344603437,0.874394706558149
2024-03-28 02:00:00,-10.6684857593138,0.876898081491723
2024-03-28 03:00:00,-10.3150502325923,0.87082500349263
2024-03-28 04:00:00,-10.3928995115361,0.868039944428882
2024-03-28 05:00:00,-10.7521009857975,0.88525804761547
2024-03-28 06:00:00,-10.4459787496477,0.877711710110008
2024-03-28 07:00:00,-10.3582746646283,0.869842986749878
2024-03-28 08:00:00,-10.6667603196995,0.882896529186317
2024-03-28 09:00:00,-10.2935209585056,0.874540167845822
2024-03-28 10:00:00,-10.5251573426634,0.880442425570461
2024-03-28 11:00:00,-10.1880323018364,0.871961416021024
2024-03-28 12:00:00,-10.3774339617128,0.881079736211165
2024-03-28 13:00:00,-9.48216500984886,0.876821039744385
2024-03-28 14:00:00,-9.87838438962952,0.870640626499661
2024-03-28 15:00:00,-9.6036659137468,0.861474512792797
2024-03-28 16:00:00,-9.80881011513923,0.857846114987663
2024-03-28 17:00:00,-10.1595519844656,0.851743601022267
2024-03-28 18:00:00,-10.4356564097571,0.858535835456867
2024-03-28 19:00:00,-10.1929382314105,0.85227958041783
2024-03-28 20:00:00,-10.3315777116578,0.85952438176061
2024-03-28 21:00:00,-10.5588325611622,0.88890547485782
2024-03-28 22:00:00,-10.3897544414652,0.891286234694191
2024-03-28 23:00:00,-10.6483727086628,0.909827737983479
2024-03-29 00:00:00,-10.8040894210844,0.908020397861363
2024-03-29 01:00:00,-11.3893044142836,0.950101876338256
2024-03-29 02:00:00,-11.0743363309321,0.945387167756529
2024-03-29 03:00:00,-11.3122596665259,0.966725829277789
2024-03-29 04:00:00,-10.5933185212633,0.956465694729655
2024-03-29 05:00:00,-10.9498580767822,0.968366234762997
2024-03-29 06:00:00,-10.9333726278816,0.959313707420841
2024-03-29 07:00:00,-11.1166352786926,0.959907836029171
2024-03-29 08:00:00,-10.5730854002305,0.949921691024892
2024-03-29 09:00:00,-10.6383941126134,0.940909159319025
2024-03-29 10:00:00,-10.7330229779958,0.940022560322731
2024-03-29 11:00:00,-10.5608710628592,0.935485384366543
2024-03-29 12:00:00,-10.3877324998489,0.926723521028761
2024-03-29 13:00:00,-9.87170128599858,0.916566414081681
2024-03-29 14:00:00,-10.3094209082175,0.916780023073857
2024-03-29 15:00:00,-10.2827691788971,0.920422178685838
2024-03-29 16:00:00,-9.92104625070263,0.910909485702305
2024-03-29 17:00:00,-10.5856218528601,0.917791645762361
2024-03-29 18:00:00,-10.5173887300842,0.910007034578074
2024-03-29 19:00:00,-10.7318532481042,0.929065046826764
2024-03-29 20:00:00,-10.9486458247607,0.966310757155441
2024-03-29 21:00:00,-11.0154165445243,1.00522913348918
2024-03-29 22:00:00,-10.5537091991691,0.996816947576825
2024-03-29 23:00:00,-10.9374991457003,1.02184886558825
2024-03-30 00:00:00,-11.8017449537527,1.05292052185113
2024-03-30 01:00:00,-11.7452159664817,1.04864746475854
2024-03-30 02:00:00,-11.6034828325284,1.04160518178585
2024-03-30 03:00:00,-12.1962879898722,1.10472071722678
2024-03-30 04:00:00,-11.2307318687396,1.09441766669
2024-03-30 05:00:00,-11.5480477868502,1.10000743526805
2024-03-30 06:00:00,-11.2933605372045,1.08918778330025
2024-03-30 07:00:00,-11.4132038050484,1.07678059763969
2024-03-30 08:00:00,-11.4014792279257,1.06999585345738
2024-03-30 09:00:00,-11.4952167099341,1.06569579006412
2024-03-30 10:00:00,-11.372242719108,1.05836645799534
2024-03-30 11:00:00,-11.5974035502308,1.09065611878999
2024-03-30 12:00:00,-11.5686756920481,1.10903366290134
2024-03-30 13:00:00,-11.1633823002826,1.12194562508784
2024-03-30 14:00:00,-11.2083240926269,1.1212362457753
2024-03-30 15:00:00,-11.1743063752783,1.13738827710726
2024-03-30 16:00:00,-11.3028201553692,1.16336853908124
2024-03-30 17:00:00,-11.0323421343559,1.14973043096317
2024-03-30 18:00:00,-11.6101964342169,1.18585347696732
2024-03-30 19:00:00,-11.296060839184,1.17968659821334
2024-03-30 20:00:00,-11.4482702588885,1.19729011850909
2024-03-30 21:00:00,-11.5448152306232,1.22331064292074
2024-03-30 22:00:00,-11.3222629786689,1.22070979721787
2024-03-30 23:00:00,-11.3953370930653,1.21854065595518
2024-03-31 00:00:00,-12.2317156524502,1.20745019601414
2024-03-31 01:00:00,-12.1665347989367,1.19302107199806
2024-03-31 02:00:00,-12.228290440659,1.17931832613445
2024-03-31 03:00:00,-12.222174114454,1.16492701983647
2024-03-31 04:00:00,-12.1868753666744,1.15486076011316
2024-03-31 05:00:00,-12.4190181317352,1.15439928825693
2024-03-31 06:00:00,-11.8579445321097,1.16654852688398
2024-03-31 07:00:00,-12.2954430883415,1.15504263267526
2024-03-31 08:00:00,-12.2648850552025,1.14500074694796
2024-03-31 09:00:00,-12.1964870818004,1.13174204495825
2024-03-31 10:00:00,-12.0711971903381,1.11866493993556
2024-03-31 11:00:00,-12.0695629617011,1.11265162264005
2024-03-31 12:00:00,-11.7970296144765,1.09937270463459
2024-03-31 13:00:00,-11.3296368946891,1.08645490892698
2024-03-31 14:00:00,-11.6753644111408,1.07589755391102
2024-03-31 15:00:00,-11.4546526681959,1.06328773578655
2024-03-31 16:00:00,-11.8443067910499,1.07222113391832
2024-03-31 17:00:00,-11.8594184507885,1.05968438593139
2024-03-31 18:00:00,-12.2415344527294,1.06616604210997
2024-03-31 19:00:00,-11.0035240598204,1.13538491961324
2024-03-31 20:00:00,-11.3980990024966,1.12176549563171
2024-03-31 21:00:00,-11.561105605424,1.10839146525929
2024-03-31 22:00:00,-11.4643063727453,1.09725426482994
2024-03-31 23:00:00,-11.8394580734269,1.08614183025654
2024-04-01 00:00:00,-11.1812105328092,1.07531697396082
2024-04-01 01:00:00,-11.5470226419619,1.06295258635008
2024-04-01 02:00:00,-11.3638990188269,1.05450972898577
2024-04-01 03:00:00,-12.1552004676495,1.08677428336903
2024-04-01 04:00:00,-11.3817412105154,1.0794645268142
2024-04-01 05:00:00,-11.7346205062326,1.07773875830979
2024-04-01 06:00:00,-10.8658143508886,1.15020610751254
2024-04-01 07:00:00,-11.5832788025915,1.13907592262281
2024-04-01 08:00:00,-11.4629334301797,1.12532905877033
2024-04-01 09:00:00,-11.4868862866239,1.11182824829688
2024-04-01 10:00:00,-11.4115994976465,1.09862461940921
2024-04-01 11:00:00,-11.2891739000104,1.08617854954907
2024-04-01 12:00:00,-11.2944349565197,1.07513893689169
2024-04-01 13:00:00,-10.9596768629315,1.06471531237049
2024-04-01 14:00:00,-10.7392967822098,1.06218416997457
2024-04-01 15:00:00,-10.5433225290428,1.05392295695402
2024-04-01 16:00:00,-10.4084469974706,1.05330108456778
2024-04-01 17:00:00,-11.1287389947931,1.04239208436026
2024-04-01 18:00:00,-10.8255211149797,1.04752262805415
2024-04-01 19:00:00,-11.1853043458761,1.03999221764051
2024-04-01 20:00:00,-10.8057006135215,1.03864304093134
2024-04-01 21:00:00,-11.1471327856006,1.03076671614372
2024-04-01 22:00:00,-11.3811768361911,1.02913513088524
2024-04-01 23:00:00,-11.312033295758,1.01724259323848
2024-04-02 00:00:00,-10.6626277215468,1.00995379706712
2024-04-02 01:00:00,-10.7205585114025,0.998496271970498
2024-04-02 02:00:00,-11.0811429456497,1.00377775035103
2024-04-02 03:00:00,-9.54777800751233,1.19469938603248
2024-04-02 04:00:00,-10.3300323430821,1.18419503101935
2024-04-02 05:00:00,-10.464526928116,1.16982582102608
2024-04-02 06:00:00,-10.824744560173,1.15675637015179
2024-04-02 07:00:00,-10.8336909450716,1.14273530026852
2024-04-02 08:00:00,-10.7615763427831,1.13069345030156
2024-04-02 09:00:00,-10.5044943144206,1.12022463013503
2024-04-02 10:00:00,-10.2189539178351,1.11477121833679
2024-04-02 11:00:00,-10.2180393531017,1.10149361150577
2024-04-02 12:00:00,-9.91768811783063,1.10006338041214
2024-04-02 13:00:00,-9.94514240291406,1.0900509304224
2024-04-02 14:00:00,-9.95385501523075,1.08028691818828
2024-04-02 15:00:00,-9.76515091611198,1.06959101706401
2024-04-02 16:00:00,-9.63400213199354,1.0648235116719
2024-04-02 17:00:00,-9.89645241007352,1.06211857778971
2024-04-02 18:00:00,-10.2257098272736,1.04966863011231
2024-04-02 19:00:00,-10.1813062426471,1.03754279671807
2024-04-02 20:00:00,-10.4194385007931,1.03105269980704
2024-04-02 21:00:00,-10.3521228105517,1.02012611295344
2024-04-02 22:00:00,-10.029779919677,1.01369862179869
2024-04-02 23:00:00,-10.7726446540293,1.03031746729544
2024-04-03 00:00:00,-9.57405159180292,1.02628803259327
2024-04-03 01:00:00,-9.41577998420533,1.0164460658355
2024-04-03 02:00:00,-9.89524329316347,1.03056684846209
2024-04-03 03:00:00,-9.95122376954504,1.03029398660982
2024-04-03 04:00:00,-9.7525207288314,1.02907856318784
2024-04-03 05:00:00,-10.2528940219926,1.08790242900335
2024-04-03 06:00:00,-10.388768063248,1.11238597448884
2024-04-03 07:00:00,-10.3954680670284,1.1312113665774
2024-04-03 08:00:00,-9.8038242628065,1.12008736341565
2024-04-03 09:00:00,-9.85825996072681,1.12068040798853
2024-04-03 10:00:00,-10.1169561271131,1.16184757900393
2024-04-03 11:00:00,-9.7056595080247,1.16030234743478
2024-04-03 12:00:00,-9.12730639126264,1.1473999222988
2024-04-03 13:00:00,-9.28827334446389,1.17625064180151
2024-04-03 14:00:00,-9.49736557815237,1.18365323990402
2024-04-03 15:00:00,-9.07860873526415,1.17237794520087
2024-04-03 16:00:00,-9.02035898442457,1.16235281472044
2024-04-03 17:00:00,-9.68394136092744,1.18158232569595
2024-04-03 18:00:00,-9.69527673132577,1.18338420708093
2024-04-03 19:00:00,-9.41260307096317,1.17409784044615
2024-04-03 20:00:00,-9.51744936257171,1.17933128659938
2024-04-03 21:00:00,-9.79199356329955,1.21725488248213
2024-04-03 22:00:00,-9.89185622408129,1.25408874097498
2024-04-03 23:00:00,-10.0027807421297,1.28031864072847
2024-04-04 00:00:00,-11.0967456233841,1.30067911410949
2024-04-04 01:00:00,-10.6931875209303,1.28474107638322
2024-04-04 02:00:00,-11.0837453561354,1.30121315362385
2024-04-04 03:00:00,-10.65955689797,1.28534582320172
2024-04-04 04:00:00,-10.6604146309657,1.27809700935499
2024-04-04 05:00:00,-10.4912137714135,1.26204658680157
2024-04-04 06:00:00,-11.0127260013185,1.26666391434515
2024-04-04 07:00:00,-11.1096410506127,1.2638746234543
2024-04-04 08:00:00,-10.3955628830116,1.25250959900937
2024-04-04 09:00:00,-10.6630042990721,1.24463222364
2024-04-04 10:00:00,-10.8278646569621,1.25063039077329
2024-04-04 11:00:00,-10.4734625101075,1.23808534652415
2024-04-04 12:00:00,-10.6713296563799,1.25015765906646
2024-04-04 13:00:00,-10.0009566521138,1.23569554753477
2024-04-04 14:00:00,-10.1418850035652,1.22270091740359
2024-04-04 15:00:00,-9.70041200834666,1.20928771752825
2024-04-04 16:00:00,-10.1551952599438,1.21507032145933
2024-04-04 17:00:00,-10.3688631265909,1.20237702286636
2024-04-04 18:00:00,-9.99703930910796,1.19469890229396
2024-04-04 19:00:00,-9.95299832647527,1.18020992681832
2024-04-04 20:00:00,-10.0292422423343,1.16602985122825
2024-04-04 21:00:00,-9.64789342150874,1.16494112014824
2024-04-04 22:00:00,-9.99851372659102,1.1529043549642
2024-04-04 23:00:00,-10.5540207494879,1.15996277734888
2024-04-05 00:00:00,-10.5489305246082,1.15183686132262
2024-04-05 01:00:00,-10.6777077934837,1.13988356087773
2024-04-05 02:00:00,-10.432483069036,1.12699736113083
2024-04-05 03:00:00,-10.4631245252134,1.1134925364889
2024-04-05 04:00:00,-10.4559548797143,1.10346123020989
2024-04-05 05:00:00,-10.5592419113184,1.09421887886982
2024-04-05 06:00:00,-10.0909074677588,1.10981559996517
2024-04-05 07:00:00,-10.6595906836811,1.10270758464436
2024-04-05 08:00:00,-10.6572516894611,1.09657953652979
2024-04-05 09:00:00,-10.0475101141772,1.1038102215343
2024-04-05 10:00:00,-10.0340588120249,1.09241961201782
2024-04-05 11:00:00,-10.1845492080047,1.08296708403605
2024-04-05 12:00:00,-10.2167156266245,1.07310548170236
2024-04-05 13:00:00,-9.34207895513051,1.07675504435755
2024-04-05 14:00:00,-9.89402923751934,1.06662870968963
2024-04-05 15:00:00,-9.46288177407769,1.06121675977426
2024-04-05 16:00:00,-9.78045027290414,1.05164263010667
2024-04-05 17:00:00,-10.4221427290664,1.05361954575636
2024-04-05 18:00:00,-10.3755708949296,1.04353242051899
2024-04-05 19:00:00,-10.1832968471862,1.03224959685521
2024-04-05 20:00:00,-9.98149156935416,1.02061942926954
2024-04-05 21:00:00,-10.4186956379483,1.03517489821932
2024-04-05 22:00:00,-10.3784808780385,1.03212804709919
2024-04-05 23:00:00,-10.5981468874222,1.03576771251379
2024-04-06 00:00:00,-10.452345434464,1.04703613411672
2024-04-06 01:00:00,-10.6693693773223,1.05193581065794
2024-04-06 02:00:00,-10.6595526105563,1.05554351079865
2024-04-06 03:00:00,-10.5981716892865,1.05141155168495
2024-04-06 04:00:00,-10.4415392919931,1.05216512113895
2024-04-06 05:00:00,-10.4930426479549,1.05408039719097
2024-04-06 06:00:00,-10.6110228765017,1.05039337059345
2024-04-06 07:00:00,-10.7559673403201,1.0544932063197
2024-04-06 08:00:00,-10.4047770930539,1.04628329717197
2024-04-06 09:00:00,-10.7037539667351,1.06930972038684
2024-04-06 10:00:00,-10.6657974812844,1.08685172202225
2024-04-06 11:00:00,-10.7756551178452,1.14357707007718
2024-04-06 12:00:00,-10.6385898321502,1.17220183752544
2024-04-06 13:00:00,-10.4453290485328,1.23380567627596
2024-04-06 14:00:00,-10.5643612820246,1.27004663880676
2024-04-06 15:00:00,-10.1246710389083,1.27361784210726
2024-04-06 16:00:00,-9.82886449919835,1.26252022506682
2024-04-06 17:00:00,-10.5278978548573,1.29828592473202
2024-04-06 18:00:00,-10.2614729737418,1.28725349150712
2024-04-06 19:00:00,-10.5814013897899,1.33620340957451
2024-04-06 20:00:00,-10.515220583218,1.3569852393217
2024-04-06 21:00:00,-10.4851877032827,1.37953631186319
2024-04-06 22:00:00,-10.7182325725672,1.44001188146649
2024-04-06 23:00:00,-9.93527589563436,1.42511639066518
2024-04-07 00:00:00,-11.0658697002269,1.40695499061208
2024-04-07 01:00:00,-11.1472497744409,1.39149000358154
2024-04-07 02:00:00,-11.1035659845886,1.37632542503083
2024-04-07 03:00:00,-11.1524333999483,1.36081542412539
2024-04-07 04:00:00,-11.3165317843868,1.3485674901459
2024-04-07 05:00:00,-11.1754449559164,1.33194079894672
2024-04-07 06:00:00,-11.5064426993906,1.31680101216824
2024-04-07 07:00:00,-11.6675328696126,1.3035040122976
2024-04-07 09:00:00,-11.6264962796461,1.29731857365765
2024-04-07 10:00:00,-11.5094077995846,1.28699899716864
2024-04-07 11:00:00,-11.3231563109636,1.27668039274156
2024-04-07 12:00:00,-11.1133202553238,1.26145701277851
2024-04-07 13:00:00,-10.6630767379236,1.2460348340468
2024-04-07 14:00:00,-11.0375131763588,1.23824805865472
2024-04-07 15:00:00,-10.8032068397142,1.2244846465829
2024-04-07 16:00:00,-10.4424395963476,1.21492187354187
2024-04-07 17:00:00,-10.7394664809214,1.20210562042939
2024-04-07 18:00:00,-11.0861898395022,1.19028313033064
2024-04-07 19:00:00,-11.0006900953701,1.17640794109927
2024-04-07 20:00:00,-10.6127616650582,1.17118008894817
2024-04-07 21:00:00,-11.4552827492572,1.21634707283273
2024-04-07 22:00:00,-11.0119990902891,1.20136269048711
2024-04-07 23:00:00,-11.1541615209694,1.18840600069775
2024-04-08 00:00:00,-11.0817675360737,1.1813118128064
2024-04-08 01:00:00,-11.1414078104128,1.16693123079057
2024-04-08 02:00:00,-10.8085742725428,1.1603237039613
2024-04-08 03:00:00,-11.0092100115745,1.14623494633347
2024-04-08 04:00:00,-11.2936324321953,1.15394780394735
2024-04-08 05:00:00,-11.3080042678376,1.14765892078297
2024-04-08 06:00:00,-11.2926005299915,1.13418876628503
2024-04-08 07:00:00,-11.496984997866,1.12886163787333
2024-04-08 08:00:00,-10.3690897442855,1.1744996117641
2024-04-08 09:00:00,-10.321998806561,1.18167725758393
2024-04-08 10:00:00,-10.6088947820754,1.1673117369402
2024-04-08 11:00:00,-10.6197012343026,1.15316361713532
2024-04-08 12:00:00,-10.7386453389505,1.14162583158407
2024-04-08 13:00:00,-10.1556281102674,1.12971918756202
2024-04-08 14:00:00,-10.3227440322129,1.11702518602398
2024-04-08 15:00:00,-10.1947036813628,1.10393909917428
2024-04-08 16:00:00,-10.3181565595627,1.0911617583648
2024-04-08 17:00:00,-10.7201246474129,1.07892583998186
2024-04-08 18:00:00,-10.6645153967467,1.06662432994454
2024-04-08 19:00:00,-10.8275115518273,1.06100534391144
2024-04-08 20:00:00,-10.7550551542177,1.05005818756673
2024-04-08 21:00:00,-10.965959634709,1.05381754798493
2024-04-08 22:00:00,-10.9145993161621,1.04816092218331
2024-04-08 23:00:00,-10.9855824933214,1.03986211085508
2024-04-09 00:00:00,-10.7619383811024,1.04949624005973
2024-04-09 01:00:00,-10.7314488806071,1.03803021957356
2024-04-09 02:00:00,-10.5157679211703,1.02630871045376
2024-04-09 03:00:00,-10.9565359770285,1.03442010495127
2024-04-09 04:00:00,-10.5969501592032,1.0238181084403
2024-04-09 05:00:00,-10.8779650672259,1.0327233198301
2024-04-09 06:00:00,-10.7565314778092,1.02085779398721
2024-04-09 07:00:00,-10.348531446234,1.02243936896641
2024-04-09 08:00:00,-10.5367866463445,1.01537377923959
2024-04-09 09:00:00,-10.1215313721738,1.01660283802924
2024-04-09 10:00:00,-10.373888628485,1.0078823407667
2024-04-09 11:00:00,-10.5229441293845,1.01175044752661
2024-04-09 12:00:00,-10.4938405537178,1.00984142512475
2024-04-09 13:00:00,-9.95354824197912,0.999670063022095
2024-04-09 14:00:00,-9.90972904791681,0.988937902182644
2024-04-09 15:00:00,-9.3970428615344,0.991877103258954
2024-04-09 16:00:00,-9.70330682918145,0.981212432558779
2024-04-09 17:00:00,-10.2680272364813,0.974427199431615
2024-04-09 18:00:00,-10.2342708864822,0.96349894530449
2024-04-09 19:00:00,-10.6551189520849,0.990992146382944
2024-04-09 20:00:00,-10.2409339814035,0.979763440252836
2024-04-09 21:00:00,-10.7791323166898,1.02821492374233
2024-04-09 22:00:00,-10.4312452817316,1.01993668448184
2024-04-09 23:00:00,-10.8965340406867,1.0521524486204
2024-04-10 00:00:00,-10.4097500479816,1.04014476225902
2024-04-10 01:00:00,-10.6879898568014,1.03472385219996
2024-04-10 02:00:00,-10.2899552468592,1.02660212019524
2024-04-10 03:00:00,-10.0844252227511,1.02500637266399
2024-04-10 04:00:00,-10.3262175653118,1.01872981906691
2024-04-10 05:00:00,-10.794948951197,1.03755698925668
2024-04-10 06:00:00,-11.0516253342497,1.04710198804065
2024-04-10 07:00:00,-10.8678964578906,1.03782050635816
2024-04-10 08:00:00,-10.959775690968,1.05789660413186
2024-04-10 09:00:00,-10.5918053982442,1.04610866817354
2024-04-10 10:00:00,-10.4910709779198,1.03838743842246
2024-04-10 11:00:00,-10.1175474976767,1.02633675906881
2024-04-10 12:00:00,-10.6475110381353,1.06533130096682
2024-04-10 13:00:00,-9.06667460749288,1.11759573461056
2024-04-10 14:00:00,-9.65729650578506,1.1045885870624
2024-04-10 15:00:00,-9.51312816701367,1.09193265714166
2024-04-10 16:00:00,-9.98580602845083,1.09705354063188
2024-04-10 17:00:00,-10.0742791638017,1.08404783468961
2024-04-10 18:00:00,-9.95520541255318,1.07267742380007
2024-04-10 19:00:00,-10.1500830225027,1.06711771939684
2024-04-10 20:00:00,-10.2262064643838,1.0620246615565
2024-04-10 21:00:00,-10.2748110507912,1.05992680923715
2024-04-10 22:00:00,-10.0733184179773,1.04812482642167
2024-04-10 23:00:00,-10.1235307231683,1.03617312868371
2024-04-11 00:00:00,-10.3426422280988,1.0475454619665
2024-04-11 01:00:00,-10.8697121973039,1.07770466457786
2024-04-11 02:00:00,-10.4338491923897,1.06539593645385
2024-04-11 03:00:00,-10.2854209424306,1.0529136281825
2024-04-11 04:00:00,-10.404186922232,1.05807756281329
2024-04-11 05:00:00,-10.485037874037,1.05891398886792
2024-04-11 06:00:00,-10.8481476393353,1.07493735082744
2024-04-11 07:00:00,-10.7950279747342,1.07385491749963
2024-04-11 08:00:00,-9.94522170861112,1.07169978829387
2024-04-11 09:00:00,-10.2953527283434,1.0684398927949
2024-04-11 10:00:00,-10.4815362464082,1.07922840133675
2024-04-11 11:00:00,-10.2857564873398,1.0792618532887
2024-04-11 12:00:00,-10.1132565836389,1.0727472982711
2024-04-11 13:00:00,-9.11387821412347,1.07486194671127
2024-04-11 14:00:00,-9.37209856707117,1.06300081235874
2024-04-11 15:00:00,-9.38816090465994,1.0510587418721
2024-04-11 16:00:00,-9.75614083232993,1.05457292626363
2024-04-11 17:00:00,-10.0792786198733,1.04823290411219
2024-04-11 18:00:00,-10.2536587254643,1.04979726695896
2024-04-11 19:00:00,-10.1659605641687,1.04948686300096
2024-04-11 20:00:00,-10.0200275578815,1.04200580800698
2024-04-11 21:00:00,-10.1283921673548,1.04697404347898
2024-04-11 22:00:00,-10.1310277070522,1.04825143785452
2024-04-11 23:00:00,-10.3642370102701,1.05732314336488
2024-04-12 00:00:00,-10.8140357564095,1.0710938093493
2024-04-12 01:00:00,-10.9232815440537,1.06989957308767
2024-04-12 02:00:00,-11.1455805420671,1.09478653419671
2024-04-12 03:00:00,-10.8261410051004,1.083661308857
2024-04-12 04:00:00,-10.5547028515898,1.07420742350463
2024-04-12 05:00:00,-10.7595654676264,1.07807190031786
2024-04-12 06:00:00,-11.031813354449,1.08405853495433
2024-04-12 07:00:00,-10.8818721427165,1.0741033672591
2024-04-12 08:00:00,-10.6286565698892,1.06475885385839
2024-04-12 09:00:00,-10.672604650941,1.05913946843145
2024-04-12 10:00:00,-10.5586715412291,1.05203578527575
2024-04-12 11:00:00,-10.5782904181244,1.0597087726056
2024-04-12 12:00:00,-10.6765316830021,1.07757115883967
2024-04-12 13:00:00,-9.78253653225526,1.06535059378959
2024-04-12 14:00:00,-9.8445181343511,1.05291077163457
2024-04-12 15:00:00,-9.6319564056452,1.04075023349041
2024-04-12 16:00:00,-9.98624303615248,1.04146735726226
2024-04-12 17:00:00,-10.0784891666156,1.02950769819771
2024-04-12 18:00:00,-9.84553694465298,1.02455787881852
2024-04-12 19:00:00,-9.19555424172398,1.06798309608309
2024-04-12 20:00:00,-9.78078398504305,1.05694310431461
2024-04-12 21:00:00,-9.87887377220849,1.04471605586906
2024-04-12 22:00:00,-10.4722602209449,1.07216762295872
2024-04-12 23:00:00,-10.4210812089285,1.06354236063498
2024-04-13 00:00:00,-10.2155339246035,1.06281431646853
2024-04-13 01:00:00,-10.4734038472963,1.06144584007305
2024-04-13 02:00:00,-9.91702727145184,1.05708793174389
2024-04-13 03:00:00,-10.3341694376585,1.05494765813665
2024-04-13 04:00:00,-10.1547579763995,1.04634012281771
2024-04-13 05:00:00,-9.9552345739748,1.03443110072848
2024-04-13 06:00:00,-10.3501874025604,1.02893955480075
2024-04-13 07:00:00,-10.6236763693395,1.03315139614217
2024-04-13 08:00:00,-10.133657691722,1.02118984893298
2024-04-13 09:00:00,-10.5038782257233,1.03662016652063
2024-04-13 10:00:00,-10.4212749533143,1.04080264858669
2024-04-13 11:00:00,-10.2742329975814,1.04706442789921
2024-04-13 12:00:00,-9.72631668116234,1.03588622703591
2024-04-13 13:00:00,-9.78340434316653,1.05299528587517
2024-04-13 14:00:00,-10.1580348229172,1.07304986567389
2024-04-13 15:00:00,-9.65369774949631,1.06206760739403
2024-04-13 16:00:00,-9.75180534284853,1.06226475908761
2024-04-13 17:00:00,-10.2252419867724,1.0713617419806
2024-04-13 18:00:00,-9.5687650372006,1.07154143328269
2024-04-13 19:00:00,-9.680882096893,1.06084375953659
2024-04-13 20:00:00,-8.82997725804228,1.11573509370767
2024-04-13 21:00:00,-8.44197954017088,1.18308184463042
2024-04-13 22:00:00,-9.26602450624664,1.17006961650074
2024-04-13 23:00:00,-9.08402799918001,1.18428861723023
2024-04-14 00:00:00,-8.13220488450031,1.17240746902645
2024-04-14 01:00:00,-8.95272837020509,1.17185268386756
2024-04-14 02:00:00,-8.87486412706961,1.15791201320134
2024-04-14 03:00:00,-9.24243355852759,1.16267895795363
2024-04-14 04:00:00,-8.52235012566273,1.15506784965538
2024-04-14 05:00:00,-9.04598900700283,1.16369085730455
2024-04-14 06:00:00,-9.26417643950638,1.16015889869126
2024-04-14 07:00:00,-9.25899186415427,1.15173666435008
2024-04-14 08:00:00,-9.26871079102362,1.16082058155878
2024-04-14 09:00:00,-9.29266788202141,1.16622358177509
2024-04-14 10:00:00,-8.97194953760747,1.15581597320082
2024-04-14 11:00:00,-9.05366591716902,1.17253708971314
2024-04-14 12:00:00,-9.05265041729351,1.18615015344756
2024-04-14 13:00:00,-8.54336923107293,1.18444753758062
2024-04-14 14:00:00,-9.03855709440229,1.22267812143282
2024-04-14 15:00:00,-8.5918067282357,1.2167248745116
2024-04-14 16:00:00,-8.81398245629977,1.24294947372599
2024-04-14 17:00:00,-9.43385162113176,1.30186532847053
2024-04-14 18:00:00,-8.18936363860132,1.32699871291597
2024-04-14 19:00:00,-8.71301783041535,1.33610825963815
2024-04-14 20:00:00,-9.27586748614265,1.40343910965143
2024-04-14 21:00:00,-8.81379367819691,1.39095008473622
2024-04-14 22:00:00,-9.01352036977493,1.41081950665995
2024-04-14 23:00:00,-8.46106427882585,1.39679707827894
2024-04-15 00:00:00,-9.99041109098515,1.4551149154208
2024-04-15 01:00:00,-9.7647700414337,1.43677840673475
2024-04-15 02:00:00,-10.0285247577423,1.44594036020671
2024-04-15 03:00:00,-10.1617418672738,1.45452572183841
2024-04-15 04:00:00,-9.82814687627092,1.4468042854053
2024-04-15 05:00:00,-9.78348688307324,1.43777588156567
2024-04-15 06:00:00,-10.1273029549916,1.44499165577824
2024-04-15 07:00:00,-9.29369382455191,1.45256181025121
2024-04-15 08:00:00,-10.0369180968722,1.50101241787589
2024-04-15 09:00:00,-9.80542486177242,1.48681740753826
2024-04-15 10:00:00,-9.66945417136233,1.47525969730269
2024-04-15 11:00:00,-9.9979745505624,1.52647063069593
2024-04-15 12:00:00,-9.35416540665049,1.50629933682492
2024-04-15 13:00:00,-9.39587683675613,1.53421702527227
2024-04-15 14:00:00,-9.23884843651784,1.51622127243922
2024-04-15 15:00:00,-8.60613135516256,1.50125091242101
2024-04-15 16:00:00,-9.09514745058851,1.50330582408753
2024-04-15 17:00:00,-9.44118696426849,1.49214233709844
2024-04-15 18:00:00,-9.01602597765705,1.47777288374539
2024-04-15 19:00:00,-9.07577666124352,1.4598380376028
2024-04-15 20:00:00,-8.93610116942663,1.44095318736046
2024-04-15 21:00:00,-9.22124634946611,1.43307950884502
2024-04-15 22:00:00,-9.10967052800727,1.41531475177636
2024-04-15 23:00:00,-9.4274293456096,1.40742291390288
2024-04-16 00:00:00,-10.1654964674527,1.42463470435506
2024-04-16 01:00:00,-9.81685495114345,1.40853469220401
2024-04-16 02:00:00,-9.73762230210193,1.39038607698177
2024-04-16 03:00:00,-9.84129708301908,1.37269031047913
2024-04-16 04:00:00,-9.61631791999652,1.35501018656143
2024-04-16 05:00:00,-9.51432128181363,1.33932091467733
2024-04-16 06:00:00,-10.2769499603903,1.3509437961554
2024-04-16 07:00:00,-10.3061238595797,1.34170633868351
2024-04-16 08:00:00,-9.65774427705137,1.3283061407853
2024-04-16 09:00:00,-9.99466595264274,1.32342388159096
2024-04-16 10:00:00,-10.1173197777934,1.32783628393823
2024-04-16 11:00:00,-9.00569506559927,1.35001993481722
2024-04-16 12:00:00,-9.22737794615716,1.3327995830284
2024-04-16 13:00:00,-9.20481650428719,1.32474523816244
2024-04-16 14:00:00,-9.15631257857351,1.30880664975272
2024-04-16 15:00:00,-9.04285145757684,1.29235324390852
2024-04-16 16:00:00,-9.43001251577672,1.29473858181741
2024-04-16 17:00:00,-9.61652752938504,1.27995797870953
2024-04-16 18:00:00,-9.314950741558,1.26817592330821
2024-04-16 19:00:00,-9.45648144402075,1.25578892246176
2024-04-16 20:00:00,-9.84707054576357,1.27061341682966
2024-04-16 21:00:00,-9.70050795266673,1.26224808599545
2024-04-16 22:00:00,-9.23739224972014,1.24955538597096
2024-04-16 23:00:00,-10.0124388071218,1.27907020285203
2024-04-17 00:00:00,-10.0478098705941,1.29060500138743
2024-04-17 01:00:00,-9.84034262731165,1.27431478369065
2024-04-17 02:00:00,-10.0864952206731,1.27655390182043
2024-04-17 03:00:00,-10.045914721167,1.26639942183039
2024-04-17 04:00:00,-10.0040900199707,1.26927148869646
2024-04-17 05:00:00,-9.91565869198645,1.25989983608984
2024-04-17 06:00:00,-9.96377436507389,1.24636195606761
2024-04-17 07:00:00,-10.588078512965,1.29504131390957
2024-04-17 08:00:00,-9.44173605534509,1.2973040876284
2024-04-17 09:00:00,-9.9182031442257,1.3005438426067
2024-04-17 10:00:00,-10.3441127815915,1.35323877773696
2024-04-17 11:00:00,-9.9079829534207,1.34877118342461
2024-04-17 12:00:00,-9.68918317685615,1.33990849794822
2024-04-17 13:00:00,-9.38046540356653,1.34008211333323
2024-04-17 14:00:00,-9.23604256251188,1.32299785385345
2024-04-17 15:00:00,-8.5177089591226,1.32694437924341
2024-04-17 16:00:00,-8.78551567500633,1.31013652497098
2024-04-17 17:00:00,-9.01740824700292,1.29678886445658
2024-04-17 18:00:00,-9.37751592360549,1.28357839978664
2024-04-17 19:00:00,-9.19542870788509,1.26742499875329
2024-04-17 20:00:00,-9.15319977922769,1.25151495118365
2024-04-17 21:00:00,-9.4322609915211,1.24758271688748
2024-04-17 22:00:00,-9.25542953771603,1.23216713780903
2024-04-17 23:00:00,-9.88661355314881,1.25633706895112
2024-04-18 00:00:00,-9.85192061066981,1.25499432917841
2024-04-18 01:00:00,-9.77402253366584,1.23961642174746
2024-04-18 02:00:00,-9.97659262053701,1.23854811905029
2024-04-18 03:00:00,-10.1420159346856,1.24181482533262
2024-04-18 04:00:00,-9.66708018178477,1.22698998337631
2024-04-18 05:00:00,-9.75787253743448,1.21834457794367
2024-04-18 06:00:00,-9.81381335350193,1.20411381476281
2024-04-18 07:00:00,-9.90697262272431,1.19216872798446
2024-04-18 08:00:00,-9.79355754525468,1.18344620494643
2024-04-18 09:00:00,-9.60166060103487,1.16898539272208
2024-04-18 10:00:00,-10.0941564475553,1.20733999059334
2024-04-18 11:00:00,-9.70254747173493,1.20005512488441
2024-04-18 12:00:00,-9.263402704424,1.18549338756646
2024-04-18 13:00:00,-8.80438542469936,1.1709637082937
2024-04-18 14:00:00,-8.94557468562596,1.15677828230687
2024-04-18 15:00:00,-8.69501731285968,1.14400500809228
2024-04-18 16:00:00,-9.04334285338537,1.13855134007479
2024-04-18 17:00:00,-9.66554847328749,1.14647959699253
2024-04-18 18:00:00,-9.53383218167984,1.13493826913906
2024-04-18 19:00:00,-9.14937887263521,1.12188410583274
2024-04-18 20:00:00,-9.49384605947677,1.12694447076225
2024-04-18 21:00:00,-9.8954560252043,1.1710865882888
2024-04-18 22:00:00,-9.42629087123853,1.15775879104214
2024-04-18 23:00:00,-9.70307008182426,1.16078414290648
2024-04-19 00:00:00,-10.3426329679507,1.18891656271627
2024-04-19 01:00:00,-9.88988682677866,1.17821878450488
2024-04-19 02:00:00,-9.42230555633302,1.1846658165544
2024-04-19 03:00:00,-9.13005079809133,1.21211165251543
2024-04-19 04:00:00,-9.29880353653369,1.19904957020184
2024-04-19 05:00:00,-9.77199815723847,1.18872174265777
2024-04-19 06:00:00,-9.83294123895068,1.17494121705743
2024-04-19 07:00:00,-9.19845371591268,1.2238803139314
2024-04-19 08:00:00,-9.6378837183244,1.21067495341354
2024-04-19 09:00:00,-9.47954533717844,1.20209658104531
2024-04-19 10:00:00,-9.80425397369858,1.19412757820501
2024-04-19 11:00:00,-9.93975537002074,1.19886564455111
2024-04-19 12:00:00,-9.36201245617887,1.1891798756632
2024-04-19 13:00:00,-8.96461488459556,1.17497264988632
2024-04-19 14:00:00,-9.4146037211145,1.16528673294856
2024-04-19 15:00:00,-9.10436685909105,1.15128636457706
2024-04-19 16:00:00,-9.57221252545468,1.1632687725095
2024-04-19 17:00:00,-9.40518242751413,1.15339832092248
2024-04-19 18:00:00,-9.61170830576788,1.14123800417291
2024-04-19 19:00:00,-9.82167356116638,1.14488028581312
2024-04-19 20:00:00,-9.9832539243667,1.15710985702318
2024-04-19 21:00:00,-9.64626677471442,1.1443494701787
2024-04-19 22:00:00,-10.1126954763317,1.18385024938492
2024-04-19 23:00:00,-9.83044075886937,1.17033625072675
2024-04-20 00:00:00,-9.06897011104745,1.1568605663327
2024-04-20 01:00:00,-9.14635794332072,1.14291811435876
2024-04-20 02:00:00,-9.71674452338782,1.16852534397973
2024-04-20 03:00:00,-9.67741953215208,1.1648539364138
2024-04-20 04:00:00,-9.66784776538139,1.18086015200703
2024-04-20 05:00:00,-9.57728047370597,1.17925054791696
2024-04-20 06:00:00,-10.2123349258374,1.2428746361302
2024-04-20 07:00:00,-9.93303039172803,1.23943130981467
2024-04-20 08:00:00,-10.1859579751835,1.31453019502143
2024-04-20 09:00:00,-9.88882635677475,1.3207071715249
2024-04-20 10:00:00,-9.46110402069705,1.30942322922991
2024-04-20 11:00:00,-9.64772531634653,1.34860108938234
2024-04-20 12:00:00,-9.60622300051152,1.37210507635713
2024-04-20 13:00:00,-9.2309803741634,1.393803811013
2024-04-20 14:00:00,-9.64086533795281,1.44873551217444
2024-04-20 15:00:00,-9.49125178230666,1.49095220041412
2024-04-20 16:00:00,-8.8654616821128,1.47228073098955
2024-04-20 17:00:00,-9.47714479261046,1.49196102112753
2024-04-20 18:00:00,-9.2536700122702,1.47698939937792
2024-04-20 19:00:00,-9.26655579556282,1.47749049398003
2024-04-20 20:00:00,-9.81498319828298,1.56377891651613
2024-04-20 21:00:00,-9.68333546214355,1.59315112516891
2024-04-20 22:00:00,-9.63625542560945,1.6204806999745
2024-04-20 23:00:00,-10.1630194402034,1.72546299392656
2024-04-21 00:00:00,-11.4868086947903,1.74256182173513
2024-04-21 01:00:00,-10.9532362985277,1.71926119683841
2024-04-21 02:00:00,-11.4200569889546,1.7441856934458
2024-04-21 03:00:00,-10.8623166205848,1.72181635267506
2024-04-21 04:00:00,-10.3123050757416,1.70668953006697
2024-04-21 05:00:00,-11.0972418397916,1.72679033173545
2024-04-21 06:00:00,-11.0849167396257,1.70585716149295
2024-04-21 07:00:00,-11.3315841917076,1.70130514455848
2024-04-21 08:00:00,-10.8726851814867,1.67869222137801
2024-04-21 09:00:00,-11.188046974435,1.68352286930393
2024-04-21 10:00:00,-10.9841809607683,1.66942534269905
2024-04-21 11:00:00,-11.1455511188122,1.69562455641991
2024-04-21 12:00:00,-10.4968515370816,1.67277270954661
2024-04-21 13:00:00,-10.2971946347933,1.66224336551642
2024-04-21 14:00:00,-10.5280272236481,1.64985126266803
2024-04-21 15:00:00,-10.6612793817442,1.66556677142322
2024-04-21 16:00:00,-10.4667698222431,1.65159699226943
2024-04-21 17:00:00,-10.2859475023706,1.63291132512385
2024-04-21 18:00:00,-11.0764845595574,1.67208974928796
2024-04-21 19:00:00,-10.9333742011107,1.67141956544642
2024-04-21 20:00:00,-10.6166370606943,1.65191411722692
2024-04-21 21:00:00,-10.803394950453,1.65674840243483
2024-04-21 22:00:00,-10.2947583205019,1.63533527130331
2024-04-21 23:00:00,-10.4048776406287,1.61345576794031
2024-04-22 00:00:00,-11.5570133525483,1.63491276302785
2024-04-22 01:00:00,-11.2015211883992,1.616508488863
2024-04-22 02:00:00,-10.3217775183843,1.68132283569905
2024-04-22 03:00:00,-11.1312651274577,1.66303874825785
2024-04-22 04:00:00,-10.5158122546196,1.66811447239199
2024-04-22 05:00:00,-10.9244475416671,1.64563949559499
2024-04-22 06:00:00,-10.9931235619046,1.62840152409016
2024-04-22 07:00:00,-11.5357438597868,1.61740368782832
2024-04-22 08:00:00,-10.8854976146509,1.60703891660883
2024-04-22 09:00:00,-11.2593228053082,1.59132077866735
2024-04-22 10:00:00,-11.5722960013814,1.59999138510356
2024-04-22 11:00:00,-11.0832875255725,1.57884065650052
2024-04-22 12:00:00,-10.850592438133,1.55768386377787
2024-04-22 13:00:00,-10.6409660079865,1.54233638201173
2024-04-22 14:00:00,-10.5391406468284,1.5240670956979
2024-04-22 15:00:00,-10.3101597962295,1.50525069848835
2024-04-22 16:00:00,-10.7726622796153,1.50116091135515
2024-04-22 17:00:00,-10.9171719523505,1.48134532847299
2024-04-22 18:00:00,-10.6209002493263,1.47052294249722
2024-04-22 19:00:00,-10.8396902526013,1.45452387472497
2024-04-22 20:00:00,-10.9114195703971,1.43855665909458
2024-04-22 21:00:00,-10.9045296068274,1.4225472457644
2024-04-22 22:00:00,-11.4380132655492,1.45785613034049
2024-04-22 23:00:00,-10.6096564610889,1.4646303670586
2024-04-23 00:00:00,-10.3093805000937,1.45002784083681
2024-04-23 01:00:00,-10.7227076347095,1.43841224627792
2024-04-23 02:00:00,-10.6420347590989,1.42078603152365
2024-04-23 03:00:00,-11.1429591820452,1.44152160146328
2024-04-23 04:00:00,-10.7289778255451,1.42736310232517
2024-04-23 05:00:00,-10.8099948995518,1.42165716865334
2024-04-23 06:00:00,-10.8004996136645,1.40479115338944
2024-04-23 07:00:00,-10.9789515080545,1.39693067810584
2024-04-23 08:00:00,-10.8164173159792,1.38849187949234
2024-04-23 09:00:00,-10.8143905992843,1.3800363702996
2024-04-23 10:00:00,-10.9897221257509,1.39869984277628
2024-04-23 11:00:00,-10.6705474048143,1.39279421889693
2024-04-23 12:00:00,-10.4130861047802,1.37860940099095
2024-04-23 13:00:00,-10.1684494707728,1.37722083251996
2024-04-23 14:00:00,-10.2300089006938,1.3638320727912
2024-04-23 15:00:00,-9.60142361752773,1.35249839920319
2024-04-23 16:00:00,-10.1156245323842,1.35734827758864
2024-04-23 17:00:00,-10.6894867472582,1.36843059596141
2024-04-23 18:00:00,-10.8834716410835,1.38551062775344
2024-04-23 19:00:00,-10.8596817818765,1.40662913823981
2024-04-23 20:00:00,-10.6309522604341,1.40317450193865
2024-04-23 21:00:00,-10.3699054896802,1.38953455273226
2024-04-23 22:00:00,-10.5509226154713,1.39611084798645
2024-04-23 23:00:00,-10.8950449290057,1.41938600059874
2024-04-24 00:00:00,-11.8532016115693,1.44317783449133
2024-04-24 01:00:00,-11.5002620780503,1.424343592921
2024-04-24 02:00:00,-11.495932544272,1.40910340407044
2024-04-24 03:00:00,-11.7039206140403,1.40358091868661
2024-04-24 04:00:00,-11.579869874764,1.39886953713975
2024-04-24 05:00:00,-10.9735281596312,1.39201656608094
2024-04-24 06:00:00,-11.4750051024878,1.37959081678524
2024-04-24 07:00:00,-11.6181757813485,1.36592736376282
2024-04-24 08:00:00,-11.3972419852748,1.35038583222982
2024-04-24 09:00:00,-11.3148201717139,1.33364051303084
2024-04-24 10:00:00,-11.5333748399361,1.33659196554461
2024-04-24 11:00:00,-10.9238603635788,1.32134953773011
2024-04-24 12:00:00,-10.982239645664,1.3070156440373
2024-04-24 13:00:00,-10.5251353142233,1.29048493064245
2024-04-24 14:00:00,-10.7754545892004,1.27533426173996
2024-04-24 15:00:00,-9.944135522583,1.30006531039131
2024-04-24 16:00:00,-10.1568350809534,1.28641218357439
2024-04-24 17:00:00,-10.7620158513314,1.27034421135052
2024-04-24 18:00:00,-11.2311383703313,1.268785631627
2024-04-24 19:00:00,-10.6391726885844,1.26167892774075
2024-04-24 20:00:00,-10.4802437351726,1.25222262652063
2024-04-24 21:00:00,-10.4599638277908,1.24019385734975
2024-04-24 22:00:00,-10.9509913847944,1.23601492401542
2024-04-24 23:00:00,-10.8877579542863,1.22110839735655
2024-04-25 00:00:00,-10.1084786911971,1.21073272585007
2024-04-25 01:00:00,-10.8972485099843,1.21555728092191
2024-04-25 02:00:00,-10.6484404059398,1.20066668668127
2024-04-25 03:00:00,-10.696694917386,1.18619304553044
2024-04-25 04:00:00,-10.5775067911135,1.17334076987571
2024-04-25 05:00:00,-10.8813296549019,1.17527441910416
2024-04-25 06:00:00,-11.0055934965422,1.16637866669592
2024-04-25 07:00:00,-11.1464944507913,1.16357434589375
2024-04-25 08:00:00,-10.6370623676956,1.14951950326537
2024-04-25 09:00:00,-10.6840882403274,1.13772192895313
2024-04-25 10:00:00,-10.7875798837093,1.13598670672868
2024-04-25 11:00:00,-10.1756979217984,1.12613910940673
2024-04-25 12:00:00,-10.4723413335834,1.12512896034447
2024-04-25 13:00:00,-9.66353382402584,1.11777410277553
2024-04-25 14:00:00,-9.99155252759944,1.10464344541648
2024-04-25 15:00:00,-9.9076243821393,1.09210927833886
2024-04-25 16:00:00,-9.91579132430372,1.07945240673945
2024-04-25 17:00:00,-10.5166412153291,1.07782775527101
2024-04-25 18:00:00,-10.1791359612496,1.06882316523906
2024-04-25 19:00:00,-10.3753263361431,1.06386278103744
2024-04-25 20:00:00,-10.5568705814318,1.06702246317066
2024-04-25 21:00:00,-10.1330117077032,1.05553524697678
2024-04-25 22:00:00,-10.3083382329,1.04865596703018
2024-04-25 23:00:00,-10.6690120171715,1.05252934977648
2024-04-26 00:00:00,-11.0104366004725,1.06945044322468
2024-04-26 01:00:00,-10.8348257412228,1.05689563398213
2024-04-26 02:00:00,-10.667993465054,1.04459401543206
2024-04-26 03:00:00,-10.7610464858828,1.0331988144287
2024-04-26 04:00:00,-10.8784874710039,1.03716107633347
2024-04-26 05:00:00,-10.7445543777106,1.02644137195905
2024-04-26 06:00:00,-11.0244374992935,1.02209352457666
2024-04-26 07:00:00,-11.0981013005198,1.01647442249092
2024-04-26 08:00:00,-10.8226734720827,1.00717326565328
2024-04-26 09:00:00,-10.9811978272511,1.00904069969979
2024-04-26 10:00:00,-10.9493877031177,1.01191057149682
2024-04-26 11:00:00,-10.6594330764351,1.00575091457274
2024-04-26 12:00:00,-10.8680370207835,1.02671765355741
2024-04-26 13:00:00,-9.88134263371643,1.01850482269508
2024-04-26 14:00:00,-10.1657162024694,1.00839973202221
2024-04-26 15:00:00,-9.66051008614172,1.00474596568742
2024-04-26 16:00:00,-10.0043582235112,0.997695922559134
2024-04-26 17:00:00,-10.4969011602634,0.99252718980171
2024-04-26 18:00:00,-10.4566975896075,0.981927623650863
2024-04-26 19:00:00,-10.7821854305501,1.00445295640418
2024-04-26 20:00:00,-10.4704634705698,0.994456208958917
2024-04-26 21:00:00,-10.6105199585727,1.00013818087427
2024-04-26 22:00:00,-10.8627551506335,1.02748556490607
2024-04-26 23:00:00,-10.7632940904089,1.02275601911025
2024-04-27 00:00:00,-11.4801467154833,1.06433389458196
2024-04-27 01:00:00,-10.4188024764327,1.11598817104648
2024-04-27 02:00:00,-10.5594255334882,1.1059389372373
2024-04-27 03:00:00,-10.6230523236403,1.09738210317048
2024-04-27 04:00:00,-10.9335628704182,1.09426064079078
2024-04-27 05:00:00,-11.0328415471188,1.08566688799938
2024-04-27 06:00:00,-11.0800668435311,1.07292817343066
2024-04-27 07:00:00,-11.1823943230697,1.06183199452106
2024-04-27 08:00:00,-11.7553754836553,1.13611417383965
2024-04-27 09:00:00,-11.4536886485928,1.13363870519116
2024-04-27 10:00:00,-11.141505454408,1.12471520804216
2024-04-27 11:00:00,-10.9639719236095,1.11993845576876
2024-04-27 12:00:00,-10.90522889583,1.11569856444436
2024-04-27 13:00:00,-10.1999014381678,1.10266341093451
2024-04-27 14:00:00,-10.8944925845745,1.12531628567803
2024-04-27 15:00:00,-10.430252424329,1.11248782764041
2024-04-27 16:00:00,-10.7721347400631,1.13022819162456
2024-04-27 17:00:00,-10.5665923316351,1.11900119828872
2024-04-27 18:00:00,-10.3963575487599,1.10969029435873
2024-04-27 19:00:00,-10.329503274883,1.09705489412916
2024-04-27 20:00:00,-10.8082942157275,1.10497305059674
2024-04-27 21:00:00,-10.8366362056304,1.10310456770791
2024-04-27 22:00:00,-10.9620381087341,1.11034712644539
2024-04-27 23:00:00,-11.5790471829659,1.18042952243504
2024-04-28 00:00:00,-11.2226667109506,1.1781010821229
2024-04-28 01:00:00,-11.0421205668451,1.16376194960576
2024-04-28 02:00:00,-11.2853218236842,1.16805059208169
2024-04-28 03:00:00,-11.064289781237,1.15408983779325
2024-04-28 04:00:00,-10.4344882805365,1.15050271777482
2024-04-28 05:00:00,-11.0587556570734,1.15994291619911
2024-04-28 06:00:00,-11.6830699550459,1.19957864257216
2024-04-28 07:00:00,-11.4165667381567,1.18941231469674
2024-04-28 08:00:00,-11.2027475339745,1.18458213782091
2024-04-28 09:00:00,-11.0357309923366,1.17236498597171
2024-04-28 10:00:00,-11.2751843851249,1.19137179247971
2024-04-28 11:00:00,-10.7676507982619,1.17767805065005
2024-04-28 12:00:00,-10.9372559847337,1.1855220314493
2024-04-28 13:00:00,-10.8471486595457,1.21845462474865
2024-04-28 14:00:00,-10.7202749939134,1.20882296664112
2024-04-28 15:00:00,-10.5288255132073,1.20380937562126
2024-04-28 16:00:00,-10.6512824520131,1.20944277276425
2024-04-28 17:00:00,-10.8188153571895,1.19949636717475
2024-04-28 18:00:00,-11.2434867554987,1.23048065157044
2024-04-28 19:00:00,-10.8186964830819,1.21902978627912
2024-04-28 20:00:00,-11.2669348861375,1.27309002436619
2024-04-28 21:00:00,-11.2949579652562,1.30906292559956
2024-04-28 22:00:00,-11.2282333615585,1.33212503535218
2024-04-28 23:00:00,-10.3986852439979,1.33051231708337
2024-04-29 00:00:00,-11.5218869696495,1.32441868637989
2024-04-29 01:00:00,-11.7533294930388,1.31121551006016
2024-04-29 02:00:00,-11.6614814308962,1.29525831945081
2024-04-29 03:00:00,-11.167779001479,1.30033931186481
2024-04-29 04:00:00,-10.8181647007571,1.30293325616257
2024-04-29 05:00:00,-11.5762948423132,1.30323665361175
2024-04-29 06:00:00,-11.272667388996,1.3017105039195
2024-04-29 07:00:00,-11.2727694677355,1.2928629384039
2024-04-29 08:00:00,-11.5004566274867,1.28042785442641
2024-04-29 09:00:00,-11.6785749114135,1.27027516491645
2024-04-29 10:00:00,-11.1675517322288,1.26128072455642
2024-04-29 11:00:00,-11.0985600277215,1.24547554901544
2024-04-29 12:00:00,-11.5753867818009,1.25987742594333
2024-04-29 13:00:00,-10.3401237592673,1.27769118556373
2024-04-29 14:00:00,-10.6960193863758,1.26247686680053
2024-04-29 15:00:00,-10.3254853778038,1.26129899133911
2024-04-29 16:00:00,-10.8664996492128,1.25282972602395
2024-04-29 17:00:00,-11.308315642954,1.24047407336156
2024-04-29 18:00:00,-11.0348623640713,1.22970904754816
2024-04-29 19:00:00,-11.2353616943087,1.21985156616252
2024-04-29 20:00:00,-11.1047361539406,1.20476661836168
2024-04-29 21:00:00,-11.1451721647493,1.19165287101653
2024-04-29 22:00:00,-11.3322040028999,1.1865654915497
2024-04-29 23:00:00,-10.7557049987048,1.20063691274434
2024-04-30 00:00:00,-10.6511669105868,1.19893831142252
2024-04-30 01:00:00,-10.5834418025129,1.18780074151562
2024-04-30 02:00:00,-10.4635924400062,1.17799291360694
2024-04-30 03:00:00,-10.641336691695,1.16369624909423
2024-04-30 04:00:00,-10.7713575208359,1.15637030061715
2024-04-30 05:00:00,-11.0836580046854,1.16274134773109
2024-04-30 06:00:00,-10.9654305719917,1.1486293938677
2024-04-30 07:00:00,-11.2263919909529,1.14635640189234
2024-04-30 08:00:00,-10.6582386455466,1.13434973516687
2024-04-30 09:00:00,-10.1960128216406,1.14408955202548
2024-04-30 10:00:00,-10.3706195794657,1.13029304491801
2024-04-30 11:00:00,-10.4263929487931,1.11838338106699
2024-04-30 12:00:00,-10.4134462811332,1.10599776838823
2024-04-30 13:00:00,-10.2529809712662,1.10240486552195
2024-04-30 14:00:00,-10.1524223570761,1.09010973139588
2024-04-30 15:00:00,-9.82859951514228,1.07981374147185
2024-04-30 16:00:00,-9.93239929161265,1.06706692244742
2024-04-30 17:00:00,-10.353123024129,1.05482774940361
2024-04-30 18:00:00,-10.3206630456771,1.04309933370319
2024-04-30 19:00:00,-10.3950416982503,1.03314110385181
2024-04-30 20:00:00,-9.7584300226031,1.05334463692617
2024-04-30 21:00:00,-10.0559811102729,1.04105773498803
2024-04-30 22:00:00,-10.5044910768313,1.04307331532243
2024-04-30 23:00:00,-10.2926212074698,1.03393707662126
2024-05-01 00:00:00,-9.90921170471894,1.02291328264172
2024-05-01 01:00:00,-10.4770597762961,1.02692679189306
2024-05-01 02:00:00,-9.93551550105611,1.0252054790881
2024-05-01 03:00:00,-10.1024376577364,1.01338968423693
2024-05-01 04:00:00,-10.4306062877702,1.02904589936469
2024-05-01 05:00:00,-10.6367658794064,1.04475795988373
2024-05-01 06:00:00,-10.5534949801926,1.03545383459186
2024-05-01 07:00:00,-10.4301411535988,1.02388279261245
2024-05-01 08:00:00,-9.28001982307367,1.09226758348032
2024-05-01 09:00:00,-9.86521405058206,1.08026530951418
2024-05-01 10:00:00,-9.8331328770909,1.06772264744687
2024-05-01 11:00:00,-9.66540665192224,1.05555278092287
2024-05-01 12:00:00,-9.92570657048481,1.05137048592697
2024-05-01 13:00:00,-9.28619356523612,1.04056498994619
2024-05-01 14:00:00,-9.71571780611457,1.03351673781141
2024-05-01 15:00:00,-9.73039804505351,1.03190007742246
2024-05-01 16:00:00,-9.40793549647237,1.02085871223515
2024-05-01 17:00:00,-9.89255612488058,1.01238292348785
2024-05-01 18:00:00,-9.70092459546456,1.00288102916868
2024-05-01 19:00:00,-9.04021347347164,1.03389657583217
2024-05-01 20:00:00,-9.10922037677939,1.03323572113282
2024-05-01 21:00:00,-9.81633321601202,1.03915441919192
2024-05-01 22:00:00,-9.5444524116727,1.02903750727837
2024-05-01 23:00:00,-10.3569241030814,1.06321231247823
2024-05-02 00:00:00,-9.12237688855876,1.05428700531628
2024-05-02 01:00:00,-9.65641872449317,1.0532804880353
2024-05-02 02:00:00,-9.33237812165582,1.04275686921002
2024-05-02 03:00:00,-9.9704688428262,1.06936271206173
2024-05-02 04:00:00,-9.73116774580609,1.0690062962129
2024-05-02 05:00:00,-10.0421069938858,1.10197261136242
2024-05-02 06:00:00,-9.9690645564376,1.09729513521776
2024-05-02 07:00:00,-9.97775829408789,1.09483913896812
2024-05-02 08:00:00,-10.0121337215118,1.11646623209018
2024-05-02 09:00:00,-9.80130275622727,1.11143846195732
2024-05-02 10:00:00,-9.78305426200454,1.11873532948834
2024-05-02 11:00:00,-9.66358811836071,1.12888922081255
2024-05-02 12:00:00,-9.1392202683823,1.11539660523347
2024-05-02 13:00:00,-8.76385314669112,1.10395947454094
2024-05-02 14:00:00,-9.31496843367831,1.11751477046103
2024-05-02 15:00:00,-8.89865322481268,1.10525425378855
2024-05-02 16:00:00,-9.32912657680123,1.13533944022129
2024-05-02 17:00:00,-9.91678872686225,1.18038057083522
2024-05-02 18:00:00,-9.95021353887006,1.20737901244282
2024-05-02 19:00:00,-9.08720907501139,1.19514294015047
2024-05-02 20:00:00,-9.46730445354395,1.21194270705915
2024-05-02 21:00:00,-9.30155544045534,1.20412157728605
2024-05-02 22:00:00,-9.13452304710043,1.19124253338419
2024-05-02 23:00:00,-9.73955791071928,1.22516437434616
2024-05-03 00:00:00,-10.8869215245866,1.2608121598799
2024-05-03 01:00:00,-10.8754946398197,1.25901516980121
2024-05-03 02:00:00,-10.4797638882124,1.24333031675125
2024-05-03 03:00:00,-10.2709704823827,1.22880620796144
2024-05-03 04:00:00,-10.2370658441986,1.21616211394901
2024-05-03 05:00:00,-10.5954573424897,1.22247072286965
2024-05-03 06:00:00,-11.0982762078422,1.25345811931373
2024-05-03 07:00:00,-10.9248270677313,1.24712212444633
2024-05-03 08:00:00,-10.5036308667413,1.23369630066792
2024-05-03 09:00:00,-10.5115450754116,1.22460574604364
2024-05-03 10:00:00,-10.5631254332068,1.2261566106144
2024-05-03 11:00:00,-10.1227256415519,1.21143427218926
2024-05-03 12:00:00,-10.1197980908072,1.20198478760268
2024-05-03 13:00:00,-8.8729361001059,1.24005776458311
2024-05-03 14:00:00,-9.80858783215649,1.23955018921431
2024-05-03 15:00:00,-9.72411841048184,1.22773111268054
2024-05-03 16:00:00,-10.0259210847923,1.23564436652022
2024-05-03 17:00:00,-9.89705312044941,1.22203122267086
2024-05-03 18:00:00,-10.2461513013942,1.21903880339314
2024-05-03 19:00:00,-10.1937217802002,1.21271638703842
2024-05-03 20:00:00,-10.1560138759721,1.20513324651118
2024-05-03 21:00:00,-9.61722265291406,1.19746284823797
2024-05-03 22:00:00,-10.0264526686766,1.19580873499178
2024-05-03 23:00:00,-10.4867311118109,1.21133396752405
2024-05-04 00:00:00,-10.2573578591456,1.19777995639021
2024-05-04 01:00:00,-10.6941907407036,1.20185926099331
2024-05-04 02:00:00,-9.79207141569665,1.22564773578264
2024-05-04 03:00:00,-10.8731586804704,1.27834575481011
2024-05-04 04:00:00,-10.5817469151095,1.27324649886762
2024-05-04 05:00:00,-10.5964984194214,1.270039928874
2024-05-04 06:00:00,-10.4967532864003,1.25438055593234
2024-05-04 07:00:00,-10.7580011328776,1.25240830328103
2024-05-04 08:00:00,-10.6366005588154,1.25064669801753
2024-05-04 09:00:00,-10.5167119963649,1.24023321484173
2024-05-04 10:00:00,-10.7148433992838,1.25984628971751
2024-05-04 11:00:00,-9.60716024667967,1.27089985653575
2024-05-04 12:00:00,-9.96130897360416,1.26259735810428
2024-05-04 13:00:00,-9.90524268456077,1.2681699619646
2024-05-04 14:00:00,-9.98935238489309,1.25714781161995
2024-05-04 15:00:00,-10.1004028552861,1.27163810902238
2024-05-04 16:00:00,-10.2234937564372,1.28888137950263
2024-05-04 17:00:00,-10.5237749338115,1.29658911873413
2024-05-04 18:00:00,-10.3978017022229,1.28930583088728
2024-05-04 19:00:00,-10.4709034339418,1.30437860873386
2024-05-04 20:00:00,-10.1096101894313,1.2898548909508
2024-05-04 21:00:00,-10.3214966086404,1.30141688721386
2024-05-04 22:00:00,-9.6511839915724,1.29276951161181
2024-05-04 23:00:00,-10.5771521983283,1.34163342896064
2024-05-05 00:00:00,-11.2243576710024,1.36712538734795
2024-05-05 01:00:00,-10.6205527812109,1.35880512411471
2024-05-05 02:00:00,-10.571181446555,1.34169911902231
2024-05-05 03:00:00,-11.0151895102301,1.33951160291652
2024-05-05 04:00:00,-10.7646970128074,1.32540753279902
2024-05-05 05:00:00,-11.197241030666,1.34870245781689
2024-05-05 06:00:00,-10.9614023249878,1.3315114415487
2024-05-05 07:00:00,-11.222337351506,1.33018972540047
2024-05-05 08:00:00,-10.5193622145773,1.31835913815418
2024-05-05 09:00:00,-10.6319713870435,1.30246634817532
2024-05-05 10:00:00,-10.8731032233717,1.30341593657336
2024-05-05 11:00:00,-10.8285077034953,1.30574556488952
2024-05-05 12:00:00,-11.0897526065357,1.3434367828412
2024-05-05 13:00:00,-10.5476526343789,1.34510314256554
2024-05-05 14:00:00,-10.0736994656859,1.33304531387611
2024-05-05 15:00:00,-10.3562764233086,1.34020549233
2024-05-05 16:00:00,-10.0330644803703,1.3231295012539
2024-05-05 17:00:00,-10.5942068943221,1.31742245659281
2024-05-05 18:00:00,-10.7276190681082,1.31145905629906
2024-05-05 19:00:00,-10.6265941589167,1.30401742159072
2024-05-05 20:00:00,-10.8826199843469,1.32507358898162
2024-05-05 21:00:00,-10.7959721939493,1.32845830062922
2024-05-05 22:00:00,-10.7369260985217,1.32830513212713
2024-05-05 23:00:00,-11.3114600111866,1.39122839435019
2024-05-06 00:00:00,-11.2120608216483,1.37323597134163
2024-05-06 01:00:00,-11.4233575624876,1.36044479578322
2024-05-06 02:00:00,-11.1675324058963,1.34327756595009
2024-05-06 03:00:00,-11.2297679709663,1.32640122112145
2024-05-06 04:00:00,-11.1768843786505,1.31334290424508
2024-05-06 05:00:00,-11.1777565501493,1.29808187469765
2024-05-06 06:00:00,-11.3537210933229,1.28302948805672
2024-05-06 07:00:00,-11.4250291206042,1.26847772621912
2024-05-06 08:00:00,-11.0552043322119,1.2529996284282
2024-05-06 09:00:00,-10.4771288237221,1.274804765351
2024-05-06 10:00:00,-11.0159744760065,1.2670105739664
2024-05-06 11:00:00,-10.2192850323511,1.2889011509317
2024-05-06 12:00:00,-10.7531489653327,1.27930661056965
2024-05-06 13:00:00,-9.98375464330766,1.27831444701626
2024-05-06 14:00:00,-10.6633908385415,1.26969601765701
2024-05-06 15:00:00,-10.0633456022496,1.26836528572214
2024-05-06 16:00:00,-10.4815787560247,1.25746201557013
2024-05-06 17:00:00,-10.7995142140385,1.24194377568906
2024-05-06 18:00:00,-10.6416830142122,1.22974329656935
2024-05-06 19:00:00,-10.6209361662449,1.21448291459129
2024-05-06 20:00:00,-10.6501133516991,1.19952164127099
2024-05-06 21:00:00,-10.9038815742752,1.1944043335016
2024-05-06 22:00:00,-11.1903008328728,1.2063154933391
2024-05-06 23:00:00,-11.3400204410753,1.20869572832669
2024-05-07 00:00:00,-10.5985235344273,1.19565269351413
2024-05-07 01:00:00,-10.6181409515771,1.18096057531705
2024-05-07 02:00:00,-10.6851205132182,1.16822810136247
2024-05-07 03:00:00,-10.9402304835202,1.16493547815845
2024-05-07 04:00:00,-9.89939932665336,1.19456138125453
2024-05-07 05:00:00,-10.9241525663486,1.23266748459491
2024-05-07 06:00:00,-10.5760097929643,1.22204876253856
2024-05-07 07:00:00,-11.0429371614176,1.2238706106036
2024-05-07 08:00:00,-10.8770797739367,1.21713641580647
2024-05-07 09:00:00,-10.3655376126768,1.2087477297122
2024-05-07 10:00:00,-10.8875682749957,1.22961277191466
2024-05-07 11:00:00,-10.2792626174731,1.21524115844016
2024-05-07 12:00:00,-10.2783362111476,1.20200369995662
2024-05-07 13:00:00,-10.0844459392656,1.19635846592411
2024-05-07 14:00:00,-10.0808240291672,1.18167837126241
2024-05-07 15:00:00,-9.64051727617616,1.1717762603521
2024-05-07 16:00:00,-9.98011469952716,1.16369399074198
2024-05-07 17:00:00,-10.6822330672923,1.17600031501837
2024-05-07 18:00:00,-10.5395820501423,1.16420354684868
2024-05-07 19:00:00,-10.1830560759111,1.15017089213769
2024-05-07 20:00:00,-10.9907481427654,1.22832110036118
2024-05-07 21:00:00,-10.778217176972,1.23401731536606
2024-05-07 22:00:00,-10.3244070641041,1.21882562879675
2024-05-07 23:00:00,-10.5409820848458,1.21182991009067
2024-05-08 00:00:00,-10.6985610914458,1.20624885796115
2024-05-08 01:00:00,-10.6699223639956,1.1913706269186
2024-05-08 02:00:00,-10.7396796440256,1.17923337148051
2024-05-08 03:00:00,-10.9965643736493,1.1776538046795
2024-05-08 04:00:00,-10.6463818993663,1.16440590085471
2024-05-08 05:00:00,-10.6998687456427,1.1541033123744
2024-05-08 06:00:00,-11.182017762887,1.16553729975877
2024-05-08 07:00:00,-10.5346967745913,1.16510502118636
2024-05-08 08:00:00,-10.6026597319286,1.15382705307437
2024-05-08 09:00:00,-10.5126043015021,1.13984485714244
2024-05-08 10:00:00,-10.7215347532579,1.13851869715298
2024-05-08 11:00:00,-10.7151432546231,1.14258579002667
2024-05-08 12:00:00,-10.268800909367,1.12903086275504
2024-05-08 13:00:00,-10.1706011609525,1.13034973842612
2024-05-08 14:00:00,-10.0429836874475,1.11720153805183
2024-05-08 15:00:00,-9.81288043583822,1.10389694205228
2024-05-08 16:00:00,-9.84663769161133,1.09082856231906
2024-05-08 17:00:00,-10.6402407370273,1.10347847807464
2024-05-08 18:00:00,-10.8405097394677,1.11399623235068
2024-05-08 19:00:00,-10.7920171605448,1.12500084562962
2024-05-08 20:00:00,-10.2624006735316,1.11186147025931
2024-05-08 21:00:00,-9.96155338345261,1.10125456607278
2024-05-08 22:00:00,-10.2671505693943,1.09525966886926
2024-05-08 23:00:00,-10.3566427518018,1.0831479886561
2024-05-09 00:00:00,-10.4554629218112,1.07055352126306
2024-05-09 01:00:00,-11.2057419779799,1.09559121923151
2024-05-09 02:00:00,-11.4445847132886,1.12730577071105
2024-05-09 03:00:00,-11.3978664365855,1.1368562108544
2024-05-09 04:00:00,-10.5165055441454,1.12840162485376
2024-05-09 05:00:00,-10.9909705536165,1.14073316459018
2024-05-09 06:00:00,-11.0065142405126,1.12950265838214
2024-05-09 07:00:00,-11.1254696708981,1.12376128238896
2024-05-09 08:00:00,-10.6089216603313,1.11107507483712
2024-05-09 09:00:00,-10.7571469647001,1.10180130209908
2024-05-09 10:00:00,-10.5836367201026,1.08911011766783
2024-05-09 11:00:00,-10.1541570945364,1.07939600730098
2024-05-09 12:00:00,-10.5895310612006,1.08718024647137
2024-05-09 13:00:00,-10.0832085327713,1.07586762047974
2024-05-09 14:00:00,-10.4373201456017,1.07475532646304
2024-05-09 15:00:00,-10.2910321033189,1.07063448665274
2024-05-09 16:00:00,-9.69301443628348,1.07107295209257
2024-05-09 17:00:00,-10.2310984596167,1.05902193262543
2024-05-09 18:00:00,-10.5035299582909,1.05176681729257
2024-05-09 19:00:00,-10.6772016517208,1.05935240574235
2024-05-09 20:00:00,-10.6161388195501,1.05674480768126
2024-05-09 21:00:00,-10.4354859133807,1.04714783204065
2024-05-09 22:00:00,-10.5552316912478,1.04738289546661
2024-05-09 23:00:00,-10.3594841157246,1.0355088429506
2024-05-10 00:00:00,-10.7728200753077,1.0293823090988
2024-05-10 01:00:00,-11.2472008026464,1.0359621159094
2024-05-10 02:00:00,-10.9283396027683,1.02396719332475
2024-05-10 03:00:00,-11.2664966176521,1.02973494743908
2024-05-10 04:00:00,-11.1890167253936,1.03641522377365
2024-05-10 05:00:00,-11.0246743238418,1.02785087435997
2024-05-10 06:00:00,-11.2880876656826,1.02745481120745
2024-05-10 07:00:00,-11.0266006827545,1.01575703395182
2024-05-10 08:00:00,-10.4746456702518,1.01359271160532
2024-05-10 09:00:00,-11.2030623274777,1.04014700384721
2024-05-10 10:00:00,-10.8076880067613,1.028160332586
2024-05-10 11:00:00,-11.0436764099807,1.05034536072694
2024-05-10 12:00:00,-10.7505670080553,1.04157706595483
2024-05-10 13:00:00,-9.95194355357158,1.03295214475973
2024-05-10 14:00:00,-10.4648873655968,1.03044009568258
2024-05-10 15:00:00,-9.56550532937543,1.05555092279187
2024-05-10 16:00:00,-9.92529678079626,1.04341996323962
2024-05-10 17:00:00,-10.3298884642392,1.03131115151691
2024-05-10 18:00:00,-10.2779969783579,1.02203574844955
2024-05-10 19:00:00,-10.6634043386358,1.0265213135177
2024-05-10 20:00:00,-10.4257415887732,1.01467125156588
2024-05-10 21:00:00,-10.6110977540052,1.01290365248297
2024-05-10 22:00:00,-10.5371280314978,1.00375956224966
2024-05-10 23:00:00,-10.8506092824017,1.00570958808319
2024-05-11 00:00:00,-10.929241275577,1.02167758098179
2024-05-11 01:00:00,-11.2192721058237,1.03466628834469
2024-05-11 02:00:00,-10.7692316590512,1.02270852097499
2024-05-11 03:00:00,-11.2315667417609,1.04643868234071
2024-05-11 04:00:00,-11.0524152422558,1.05474613948422
2024-05-11 05:00:00,-11.2821122075398,1.08710075759242
2024-05-11 06:00:00,-11.5354635439124,1.11845559830007
2024-05-11 07:00:00,-11.4145990396152,1.12441738185714
2024-05-11 08:00:00,-11.1470536575614,1.1291065337471
2024-05-11 09:00:00,-11.01851042614,1.1262036028775
2024-05-11 10:00:00,-11.0542877020762,1.139638545771
2024-05-11 11:00:00,-11.0091818400845,1.16321070433172
2024-05-11 12:00:00,-10.5731408149148,1.15175314874962
2024-05-11 13:00:00,-10.5145919342654,1.17864435563122
2024-05-11 14:00:00,-10.6062517141885,1.18079070062867
2024-05-11 15:00:00,-10.7871217302156,1.23156355797808
2024-05-11 16:00:00,-9.89337096154392,1.22434216788448
2024-05-11 17:00:00,-10.668145679513,1.23562533595861
2024-05-11 18:00:00,-10.991572094341,1.26050162153452
2024-05-11 19:00:00,-10.8007808708756,1.26431493980923
2024-05-11 20:00:00,-11.0074380684735,1.30210658173236
2024-05-11 21:00:00,-10.6504230445573,1.29444880110632
2024-05-11 22:00:00,-10.6902123716311,1.29950825247829
2024-05-11 23:00:00,-11.3912733708998,1.39252725752001
2024-05-12 00:00:00,-12.3298576042461,1.39186357506102
2024-05-12 01:00:00,-12.065418378891,1.37388066198377
2024-05-12 02:00:00,-12.2179264442367,1.36864062636101
2024-05-12 03:00:00,-12.1411390681852,1.35372877597614
2024-05-12 04:00:00,-12.0363072935091,1.34537572205773
2024-05-12 05:00:00,-12.175656243377,1.34347005154748
2024-05-12 06:00:00,-12.6071482323925,1.36382960845136
2024-05-12 07:00:00,-12.4665555721352,1.35534153256644
2024-05-12 08:00:00,-11.4607878818631,1.36283012963598
2024-05-12 09:00:00,-11.8116419469833,1.34889645520176
2024-05-12 10:00:00,-12.1519433533008,1.35992040596717
2024-05-12 11:00:00,-11.2613699242729,1.35823944177515
2024-05-12 12:00:00,-12.1490262589825,1.42013814193709
2024-05-12 13:00:00,-11.3496017058305,1.40230281101745
2024-05-12 14:00:00,-11.8977418374072,1.42164116434285
2024-05-12 15:00:00,-11.7693498994888,1.4293714114206
2024-05-12 16:00:00,-11.2211815603963,1.41161701336553
2024-05-12 17:00:00,-11.2160627410127,1.40009168754547
2024-05-12 18:00:00,-11.4111627954518,1.38195384628877
2024-05-12 19:00:00,-11.6104539694856,1.37218196779015
2024-05-12 20:00:00,-11.6272907004943,1.35959718040693
2024-05-12 21:00:00,-12.1058197488948,1.39966469723534
2024-05-12 22:00:00,-11.1281052088284,1.40437553691309
2024-05-12 23:00:00,-11.9353472468744,1.42160037640402
2024-05-13 00:00:00,-11.8205452399069,1.40331813536356
2024-05-13 01:00:00,-11.8169803180056,1.38643209054997
2024-05-13 02:00:00,-11.5649310779414,1.37802606389637
2024-05-13 03:00:00,-11.4278601250979,1.37725391371159
2024-05-13 04:00:00,-11.2640227302477,1.3695879247286
2024-05-13 05:00:00,-11.8243682378639,1.35809084557792
2024-05-13 06:00:00,-12.0250497038696,1.34108215413317
2024-05-13 07:00:00,-11.5780584936595,1.34798844999187
2024-05-13 08:00:00,-10.7675763543005,1.42423529748957
2024-05-13 09:00:00,-11.2356179128867,1.41074914043501
2024-05-13 10:00:00,-11.6400182440818,1.39447472651716
2024-05-13 11:00:00,-11.2356080026582,1.38468194468385
2024-05-13 12:00:00,-11.5821026148847,1.37253374406683
2024-05-13 13:00:00,-10.7742805029948,1.36927541532962
2024-05-13 14:00:00,-11.1081854943734,1.35220957580502
2024-05-13 15:00:00,-11.0927972928724,1.33493478260631
2024-05-13 16:00:00,-11.3166448323571,1.32217041035314
2024-05-13 17:00:00,-11.210475134651,1.31785233475526
2024-05-13 18:00:00,-11.1704095331545,1.31003402388896
2024-05-13 19:00:00,-11.7023395211368,1.31106948986186
2024-05-13 20:00:00,-11.4167655737017,1.29516312094963
2024-05-13 21:00:00,-11.8693476399444,1.3069478733954
2024-05-13 22:00:00,-11.5372848273138,1.29037200194488
2024-05-13 23:00:00,-11.4722579388781,1.27517550048431
2024-05-14 00:00:00,-10.5620242070057,1.26154221104452
2024-05-14 01:00:00,-10.9284904005368,1.25073450132855
2024-05-14 02:00:00,-10.6113488183124,1.23822693429583
2024-05-14 03:00:00,-10.8360345874812,1.22455566524505
2024-05-14 04:00:00,-10.7965067141572,1.21450930368121
2024-05-14 05:00:00,-10.9748006021509,1.21075831594766
2024-05-14 06:00:00,-11.3378523064138,1.21781242974669
2024-05-14 07:00:00,-10.2623525903945,1.27035641426939
2024-05-14 08:00:00,-10.8955400622274,1.27789751073072
2024-05-14 09:00:00,-10.6957643778194,1.26186931273945
2024-05-14 10:00:00,-11.0116789314461,1.2706218722834
2024-05-14 11:00:00,-10.7917587285287,1.26342060830837
2024-05-14 12:00:00,-10.9449490556585,1.27750555124781
2024-05-14 13:00:00,-9.61072417234272,1.29352540842448
2024-05-14 14:00:00,-10.2685425564611,1.28506314223059
2024-05-14 15:00:00,-9.39799269302482,1.3120908729793
2024-05-14 16:00:00,-10.3535209879776,1.33464671369965
2024-05-14 17:00:00,-10.7193233624498,1.32675200672166
2024-05-14 18:00:00,-10.564971541905,1.31020236806541
2024-05-14 19:00:00,-10.5864994937299,1.30102725979436
2024-05-14 20:00:00,-10.8513348347761,1.31445153055513
2024-05-14 21:00:00,-11.0432056341375,1.34399023479305
2024-05-14 22:00:00,-10.4979555347283,1.32680957454675
2024-05-14 23:00:00,-11.0834846538571,1.35743818271671
2024-05-15 00:00:00,-10.9984065524687,1.37834872834868
2024-05-15 01:00:00,-10.7393131272341,1.36078425756936
2024-05-15 02:00:00,-11.1143022242823,1.38185246598308
2024-05-15 03:00:00,-11.3175229610768,1.40639845514855
2024-05-15 04:00:00,-10.8075081745885,1.39429251501007
2024-05-15 05:00:00,-11.3114325440712,1.45378512110748
2024-05-15 06:00:00,-10.8962604060984,1.43506402787318
2024-05-15 07:00:00,-11.2980781263432,1.45742530845522
2024-05-15 08:00:00,-10.5037769059064,1.44004527704731
2024-05-15 09:00:00,-11.1992500944431,1.4932649861055
2024-05-15 10:00:00,-10.0957116740327,1.49731115474757
2024-05-15 11:00:00,-10.3760515577992,1.49157474868781
2024-05-15 12:00:00,-10.1891867885791,1.47245878663355
2024-05-15 13:00:00,-8.98486295481646,1.51281652008837
2024-05-15 14:00:00,-9.7558216612128,1.49496781088468
2024-05-15 15:00:00,-9.87947011155209,1.4808149075242
2024-05-15 16:00:00,-9.7991607263533,1.46146725814108
2024-05-15 17:00:00,-10.3314145504626,1.44999046873093
2024-05-15 18:00:00,-10.3008533200577,1.43214164227747
2024-05-15 19:00:00,-9.94856601618832,1.41508755711384
2024-05-15 20:00:00,-9.74457411386866,1.40151787865915
2024-05-15 21:00:00,-10.1379224828167,1.39253693938412
2024-05-15 22:00:00,-10.0646843697748,1.37500965559334
2024-05-15 23:00:00,-10.547559288341,1.37851835061122
2024-05-16 00:00:00,-10.3610691027792,1.37387575915886
2024-05-16 01:00:00,-10.4537909335399,1.35979816011273
2024-05-16 02:00:00,-10.5808073601589,1.35591107753877
2024-05-16 03:00:00,-10.7713133666995,1.36122186389445
2024-05-16 04:00:00,-10.6648153631518,1.36992501541159
2024-05-16 05:00:00,-10.9372518311743,1.40803360269167
2024-05-16 06:00:00,-10.9661014004895,1.41339017030271
2024-05-16 07:00:00,-10.878160723893,1.4094198632371
2024-05-16 08:00:00,-10.5668096620998,1.40052347138735
2024-05-16 09:00:00,-10.627659197103,1.40057560134815
2024-05-16 10:00:00,-10.489929829999,1.39558324139017
2024-05-16 11:00:00,-10.2525631351788,1.38724489091516
2024-05-16 12:00:00,-10.0951796362913,1.37486969204879
2024-05-16 13:00:00,-9.46720111729437,1.35715045822011
2024-05-16 14:00:00,-10.1623218583559,1.37846455753664
2024-05-16 15:00:00,-9.44297611432357,1.36348148358923
2024-05-16 16:00:00,-9.93641292227033,1.37776771539419
2024-05-16 17:00:00,-10.1586271677539,1.36658429187133
2024-05-16 18:00:00,-9.84867821572038,1.35000201366518
2024-05-16 19:00:00,-10.2467695209882,1.36578704134917
2024-05-16 20:00:00,-9.99612003628499,1.35064959318472
2024-05-16 21:00:00,-10.1957219126681,1.35713271135314
2024-05-16 22:00:00,-10.1486232482303,1.35227316183733
2024-05-16 23:00:00,-10.4769437463114,1.36735046739252
2024-05-17 00:00:00,-11.49303483519,1.38885909422871
2024-05-17 01:00:00,-11.1204539526035,1.37154503513462
2024-05-17 02:00:00,-10.9630958429921,1.35400844401459
2024-05-17 03:00:00,-11.1034800631199,1.3381618064887
2024-05-17 04:00:00,-10.5666072567746,1.32920266028517
2024-05-17 05:00:00,-11.2369376212462,1.34098518581151
2024-05-17 06:00:00,-11.4468703989149,1.33428180886543
2024-05-17 07:00:00,-10.9367713570786,1.32648983510048
2024-05-17 08:00:00,-10.6883987095177,1.3119313181288
2024-05-17 09:00:00,-11.1691702422228,1.31085603318475
2024-05-17 10:00:00,-11.0612488779683,1.29853262426754
2024-05-17 11:00:00,-11.022808733001,1.29504028581636
2024-05-17 12:00:00,-10.8239289184671,1.28140024803415
2024-05-17 13:00:00,-10.1995888951641,1.26556009710322
2024-05-17 14:00:00,-10.6039925917615,1.25631581823565
2024-05-17 15:00:00,-10.0296144390784,1.24782446493447
2024-05-17 16:00:00,-10.0150479973746,1.23412301842229
2024-05-17 17:00:00,-10.8147240969759,1.23200523797987
2024-05-17 18:00:00,-10.9393207387443,1.22349573845105
2024-05-17 19:00:00,-10.6223719156645,1.20833062960443
2024-05-17 20:00:00,-10.6881766953653,1.19710108061883
2024-05-17 21:00:00,-10.9374100921556,1.20356526911235
2024-05-17 22:00:00,-11.2461030219671,1.2364752823128
2024-05-17 23:00:00,-11.5109217139008,1.27096322458462
2024-05-18 00:00:00,-11.1127563990693,1.2573037827166
2024-05-18 01:00:00,-11.5792689859103,1.27360518811905
2024-05-18 02:00:00,-11.2418567727478,1.2587343637819
2024-05-18 03:00:00,-11.4652012901956,1.260766018565
2024-05-18 04:00:00,-11.5767880950695,1.29111482191704
2024-05-18 05:00:00,-11.4101706633161,1.28789184659498
2024-05-18 06:00:00,-12.0625944909184,1.3587984634108
2024-05-18 07:00:00,-11.6704387515627,1.34861883665339
2024-05-18 08:00:00,-10.7930422981352,1.34028428495165
2024-05-18 09:00:00,-11.2967841244258,1.34874470165986
2024-05-18 10:00:00,-11.7054043943874,1.40639318554683
2024-05-18 11:00:00,-10.8951336464692,1.38814164402902
2024-05-18 12:00:00,-11.1762126780239,1.40665799239199
2024-05-18 13:00:00,-10.430619523857,1.38897191432973
2024-05-18 14:00:00,-10.7582007296939,1.38330846162509
2024-05-18 15:00:00,-10.2710279714954,1.36573422986356
2024-05-18 16:00:00,-10.6449177209349,1.36963613821645
2024-05-18 17:00:00,-10.8875374794069,1.35693272233704
2024-05-18 18:00:00,-11.2189901515289,1.36945482498252
2024-05-18 19:00:00,-11.1847680487918,1.37895258221851
2024-05-18 20:00:00,-11.5257088098294,1.44161996094279
2024-05-18 21:00:00,-11.3780935673101,1.46337988646511
2024-05-18 22:00:00,-11.0492569556395,1.45501318312968
2024-05-18 23:00:00,-11.5773057972347,1.51041272606353
2024-05-19 00:00:00,-12.5020003066745,1.52104843165897
2024-05-19 01:00:00,-12.4244954431997,1.50790698604169
2024-05-19 02:00:00,-12.6587377430756,1.52657861587012
2024-05-19 03:00:00,-11.9970494054989,1.51139963907061
2024-05-19 04:00:00,-11.9245339805749,1.49396107504077
2024-05-19 05:00:00,-12.1956745222282,1.48879590048649
2024-05-19 06:00:00,-12.6844442329215,1.50708729664967
2024-05-19 07:00:00,-12.1622902767127,1.48875939184046
2024-05-19 08:00:00,-11.6693738596619,1.4746335565042
2024-05-19 09:00:00,-12.0220887796138,1.46229987776636
2024-05-19 10:00:00,-12.043953764851,1.45016434583972
2024-05-19 11:00:00,-10.9861059916263,1.48385968009238
2024-05-19 12:00:00,-11.6031995548522,1.47540722726879
2024-05-19 13:00:00,-11.1108368558521,1.45621300919408
2024-05-19 14:00:00,-11.3512748130608,1.43728844339105
2024-05-19 15:00:00,-11.1024678796878,1.41908035840616
2024-05-19 16:00:00,-11.3852907214831,1.40716987163473
2024-05-19 17:00:00,-11.3790496957091,1.39370453400139
2024-05-19 18:00:00,-11.6529364276642,1.37751917539943
2024-05-19 19:00:00,-11.9234546019141,1.38077985656653
2024-05-19 20:00:00,-11.1381916431287,1.38679083265882
2024-05-19 21:00:00,-11.7957324198307,1.39731394279885
2024-05-19 22:00:00,-11.4026972236662,1.38120145954229
2024-05-19 23:00:00,-12.0362200805138,1.39143669062283
2024-05-20 00:00:00,-11.4423466883568,1.37349529291481
2024-05-20 01:00:00,-11.505354602387,1.35662067811122
2024-05-20 02:00:00,-11.3963651797772,1.34161945383328
2024-05-20 03:00:00,-11.8009257447809,1.33174665407624
2024-05-20 04:00:00,-11.8654801330639,1.33155803848798
2024-05-20 05:00:00,-11.2844516364842,1.32582930769892
2024-05-20 06:00:00,-12.0250774003848,1.33237154256722
2024-05-20 07:00:00,-11.1088455373008,1.37552795292502
2024-05-20 08:00:00,-11.3519954371385,1.35808153515505
2024-05-20 09:00:00,-11.6811203976017,1.34724387737761
2024-05-20 10:00:00,-11.7980753084765,1.34350394405826
2024-05-20 11:00:00,-10.9107796987143,1.34894364127235
2024-05-20 12:00:00,-11.4344011056052,1.34929190626377
2024-05-20 13:00:00,-10.8547496679856,1.33204044674821
2024-05-20 14:00:00,-10.8334223246738,1.31830955299515
2024-05-20 15:00:00,-10.8522978010346,1.3023076067399
2024-05-20 16:00:00,-10.8621210532804,1.28587934747973
2024-05-20 17:00:00,-10.7403674284586,1.29193385213526
2024-05-20 18:00:00,-10.8043567875168,1.28458995012889
2024-05-20 19:00:00,-11.0291180266005,1.26865156923595
2024-05-20 20:00:00,-10.2862841150104,1.32212725564901
2024-05-20 21:00:00,-10.9471333661894,1.30840288787779
2024-05-20 22:00:00,-10.6960243174062,1.30382198065654
2024-05-20 23:00:00,-11.461067133385,1.3043481552304
2024-05-21 00:00:00,-9.13857527060454,1.39233576446006
2024-05-21 01:00:00,-10.0708388309905,1.37605053120416
2024-05-21 02:00:00,-10.3033830327713,1.3595844151109
2024-05-21 03:00:00,-10.6352464863662,1.35327027548253
2024-05-21 04:00:00,-10.6428922593259,1.35523689107097
2024-05-21 05:00:00,-10.7846184211861,1.36203209177739
2024-05-21 06:00:00,-10.7083651839254,1.34730480790902
2024-05-21 07:00:00,-10.8805892924924,1.34436448260621
2024-05-21 08:00:00,-10.6246706029689,1.33439766740106
2024-05-21 09:00:00,-11.0105493387575,1.36889259475936
2024-05-21 10:00:00,-10.6850851910272,1.36230630747722
2024-05-21 11:00:00,-10.2207063722401,1.34593592194852
2024-05-21 12:00:00,-10.1512112096096,1.33305989939865
2024-05-21 13:00:00,-9.88205227400949,1.32640921187491
2024-05-21 14:00:00,-9.94451402061148,1.3113588932728
2024-05-21 15:00:00,-9.66847552900103,1.29502832013005
2024-05-21 16:00:00,-9.84151022172941,1.28648451481264
2024-05-21 17:00:00,-10.1186835840816,1.27249855036296
2024-05-21 18:00:00,-10.1160415161348,1.25756785500931
2024-05-21 19:00:00,-10.2740903890989,1.25838043152083
2024-05-21 20:00:00,-9.8284579732726,1.24439897585054
2024-05-21 21:00:00,-10.4692474119071,1.28434570240055
2024-05-21 22:00:00,-10.2996650657272,1.27818693061552
2024-05-21 23:00:00,-10.3043840891719,1.26734903840617
2024-05-22 00:00:00,-10.9435107299904,1.26966285648332
2024-05-22 01:00:00,-11.3728249823757,1.28683908728253
2024-05-22 02:00:00,-11.2600215232211,1.28440668685135
2024-05-22 03:00:00,-11.0499252504603,1.2701058531152
2024-05-22 04:00:00,-11.090961426712,1.27713624318693
2024-05-22 05:00:00,-10.5010440142741,1.2681895996453
2024-05-22 06:00:00,-10.9496537941213,1.25813251145488
2024-05-22 07:00:00,-11.2983880777833,1.26260465912304
2024-05-22 08:00:00,-10.7593186324936,1.2468598860825
2024-05-22 09:00:00,-10.8869474210797,1.23738708130518
2024-05-22 10:00:00,-10.9227948715217,1.23387057705066
2024-05-22 11:00:00,-11.0439639315611,1.25636566799647
2024-05-22 12:00:00,-10.7026502877119,1.24499989059118
2024-05-22 13:00:00,-10.1696769437443,1.23139584412984
2024-05-22 14:00:00,-10.5805586730994,1.23415140081748
2024-05-22 15:00:00,-10.0259085716075,1.21948622955496
2024-05-22 16:00:00,-10.1565266737514,1.20829855213843
2024-05-22 17:00:00,-10.485918962107,1.19533467405022
2024-05-22 18:00:00,-10.3561381489866,1.18103500410112
2024-05-22 19:00:00,-10.4103609920209,1.1696835660593
2024-05-22 20:00:00,-10.4503316175244,1.15926905547981
2024-05-22 21:00:00,-10.3370300608949,1.14589491838963
2024-05-22 22:00:00,-10.1312072359063,1.13311192987625
2024-05-22 23:00:00,-10.8366528632202,1.1525212201436
2024-05-23 00:00:00,-11.2708339405231,1.15557664610507
2024-05-23 01:00:00,-11.2269565093278,1.14231764256846
2024-05-23 02:00:00,-11.4507187402303,1.14615973280926
2024-05-23 03:00:00,-11.6862964346534,1.16154108719643
2024-05-23 04:00:00,-11.3664221606524,1.15831076398896
2024-05-23 05:00:00,-11.4680268172443,1.16541264533664
2024-05-23 06:00:00,-11.637769630133,1.16837755634764
2024-05-23 07:00:00,-11.4851256148402,1.15759297024055
2024-05-23 08:00:00,-11.0769049245808,1.14364203461495
2024-05-23 09:00:00,-11.2595868718528,1.14003435151539
2024-05-23 10:00:00,-11.1055580295942,1.13000458685217
2024-05-23 11:00:00,-10.7707987670196,1.11660140411391
2024-05-23 12:00:00,-10.9147715412287,1.11394553328483
2024-05-23 13:00:00,-10.2198909707121,1.10154007228973
2024-05-23 14:00:00,-9.89637655632879,1.11749670323683
2024-05-23 15:00:00,-9.99840071574681,1.10460142961123
2024-05-23 16:00:00,-10.449361599936,1.10119441104186
2024-05-23 17:00:00,-10.7742448352744,1.08980184089583
2024-05-23 18:00:00,-10.7155327930949,1.07688893482233
2024-05-23 19:00:00,-10.249405177952,1.07574181866812
2024-05-23 20:00:00,-10.5131787254478,1.06433528303425
2024-05-23 21:00:00,-10.0234976137722,1.07546697364402
2024-05-23 22:00:00,-9.87772028126316,1.0849583536785
2024-05-23 23:00:00,-11.0885794648336,1.12526632309674
2024-05-24 00:00:00,-10.2553787826119,1.11209476662317
2024-05-24 01:00:00,-10.8495637763737,1.12685585249705
2024-05-24 02:00:00,-10.9473940131856,1.13743587182996
2024-05-24 03:00:00,-10.8283294768092,1.13140535096565
2024-05-24 04:00:00,-10.8589359952947,1.15075929683703
2024-05-24 05:00:00,-11.0237589475607,1.17812816786306
2024-05-24 06:00:00,-10.7841938866468,1.16550709835172
2024-05-24 07:00:00,-10.3207975992831,1.15901267872889
2024-05-24 08:00:00,-10.4395440788457,1.15121277180091
2024-05-24 09:00:00,-10.4195351853479,1.13882024201559
2024-05-24 10:00:00,-10.6024343572744,1.14403699562103
2024-05-24 11:00:00,-10.4746932519556,1.14494949361602
2024-05-24 12:00:00,-10.8387369201993,1.19958900400469
2024-05-24 13:00:00,-10.2685200084494,1.20571590532337
2024-05-24 14:00:00,-9.9473507637406,1.19093402420732
2024-05-24 15:00:00,-9.60229545831351,1.17648746381443
2024-05-24 16:00:00,-9.89717469349275,1.17352652239309
2024-05-24 17:00:00,-10.2688572372188,1.1661919425917
2024-05-24 18:00:00,-10.3482766605411,1.15933625661931
2024-05-24 19:00:00,-10.3212613650864,1.15719018556063
2024-05-24 20:00:00,-10.2582461933416,1.15125660305992
2024-05-24 21:00:00,-10.3094581486566,1.15236396498478
2024-05-24 22:00:00,-10.5754043958373,1.18011521837078
2024-05-24 23:00:00,-10.9145985773186,1.22296775550404
2024-05-25 00:00:00,-11.7234230400019,1.25378555564174
2024-05-25 01:00:00,-11.7946229697063,1.26255318044084
2024-05-25 02:00:00,-11.647120046109,1.26158239063359
2024-05-25 03:00:00,-11.5666437601737,1.25499400358951
2024-05-25 04:00:00,-11.1820928104699,1.24125897713799
2024-05-25 05:00:00,-11.5934442913222,1.26510686202546
2024-05-25 06:00:00,-11.9512279509731,1.29395929130164
2024-05-25 07:00:00,-12.0263963582457,1.31552820564082
2024-05-25 08:00:00,-11.5059104621265,1.30546771759615
2024-05-25 09:00:00,-11.388375588016,1.29586459238755
2024-05-25 10:00:00,-11.2598146154278,1.28706249710154
2024-05-25 11:00:00,-10.8775910574332,1.27125098050886
2024-05-25 12:00:00,-10.8373830232249,1.25812246018833
2024-05-25 13:00:00,-10.7497091491029,1.26409791002588
2024-05-25 14:00:00,-10.781964030882,1.25151429839857
2024-05-25 15:00:00,-11.1032074337272,1.29277053502418
2024-05-25 16:00:00,-10.9653424130382,1.29431260625312
2024-05-25 17:00:00,-11.5744296934827,1.33637680097661
2024-05-25 18:00:00,-11.338850927115,1.33119342885774
2024-05-25 19:00:00,-11.3780218477317,1.35102699748374
2024-05-25 20:00:00,-11.5106329064848,1.38727938659916
2024-05-25 21:00:00,-11.4794885007869,1.41481638162947
2024-05-25 22:00:00,-11.1210224484312,1.40492138546372
2024-05-25 23:00:00,-11.6138667526493,1.45041916242325
2024-05-26 00:00:00,-12.7894747095864,1.45481661324558
2024-05-26 01:00:00,-13.0928125793573,1.47308437269189
2024-05-26 02:00:00,-12.9604584825573,1.47241990151401
2024-05-26 03:00:00,-12.1975095498842,1.46812561168553
2024-05-26 04:00:00,-12.1333815351133,1.44903314837806
2024-05-26 05:00:00,-12.5423087911981,1.44692141433239
2024-05-26 06:00:00,-12.8169801055452,1.4412283703307
2024-05-26 07:00:00,-12.6950447696447,1.42407549954051
2024-05-26 08:00:00,-11.8160875952874,1.43472135562677
2024-05-26 09:00:00,-11.9920067232186,1.41674930576708
2024-05-26 10:00:00,-12.3024952196828,1.40663164146921
2024-05-26 11:00:00,-12.5944638563737,1.4294275976452
2024-05-26 12:00:00,-12.4229367052913,1.42329874384901
2024-05-26 13:00:00,-11.7904620389768,1.40606518934155
2024-05-26 14:00:00,-11.9971321632768,1.39255154275873
2024-05-26 15:00:00,-11.758776310021,1.3761002239372
2024-05-26 16:00:00,-11.0837287660815,1.39163429697179
2024-05-26 17:00:00,-11.8935703057944,1.37682951782642
2024-05-26 18:00:00,-12.2460975849667,1.36913331346766
2024-05-26 19:00:00,-12.3880932809102,1.3738243048669
2024-05-26 20:00:00,-12.3228745951525,1.3681584648576
2024-05-26 21:00:00,-12.4995825754176,1.38486259857466
2024-05-26 22:00:00,-11.5540908408136,1.39243808957891
2024-05-26 23:00:00,-12.4144665754335,1.41211149699088
2024-05-27 00:00:00,-11.9403627777265,1.39376522362653
2024-05-27 01:00:00,-12.098119648484,1.37578310842785
2024-05-27 02:00:00,-11.4707464589238,1.39808030616183
2024-05-27 03:00:00,-11.8083904130345,1.38074040338916
2024-05-27 04:00:00,-11.8022506923583,1.36292049788448
2024-05-27 05:00:00,-12.6895015952201,1.41924654657346
2024-05-27 06:00:00,-11.6892038514135,1.45468490555381
2024-05-27 07:00:00,-12.4606836788955,1.45703874267113
2024-05-27 08:00:00,-11.8743776551942,1.44290066290652
2024-05-27 09:00:00,-11.9856309152224,1.4243121483954
2024-05-27 10:00:00,-12.0922039026011,1.41118023832557
2024-05-27 11:00:00,-11.9324495792969,1.39591652100086
2024-05-27 12:00:00,-11.4122760057723,1.38805747346549
2024-05-27 13:00:00,-11.5792673345608,1.38849821109621
2024-05-27 14:00:00,-11.318304878696,1.37760746594566
2024-05-27 15:00:00,-10.9898078730893,1.36780370410202
2024-05-27 16:00:00,-10.8389920702193,1.36522384835486
2024-05-27 17:00:00,-11.4727367744952,1.34768715077741
2024-05-27 18:00:00,-11.6344300332086,1.3304514452583
2024-05-27 19:00:00,-11.6378468081365,1.31384255287096
2024-05-27 20:00:00,-10.7754597534636,1.37295182874793
2024-05-27 21:00:00,-11.5978591374468,1.36797437564826
2024-05-27 22:00:00,-11.5668651903706,1.35038037878922
2024-05-27 23:00:00,-11.9972534357836,1.34390160419687
2024-05-28 00:00:00,-11.0808409327609,1.33355936866706
2024-05-28 01:00:00,-11.2268951232203,1.31858241755521
2024-05-28 02:00:00,-10.403285838269,1.3536686968168
2024-05-28 03:00:00,-10.8239646557315,1.33632333951694
2024-05-28 04:00:00,-10.4463831786303,1.3318320975991
2024-05-28 05:00:00,-10.6128478779833,1.3166214148306
2024-05-28 06:00:00,-11.1623362850528,1.30406764890517
2024-05-28 07:00:00,-11.3388077353544,1.29113958386802
2024-05-28 08:00:00,-11.3732819176132,1.29011355384652
2024-05-28 09:00:00,-10.823210915842,1.28129319423809
2024-05-28 10:00:00,-10.8584939592615,1.26570183880615
2024-05-28 11:00:00,-10.5885886114061,1.2503884311941
2024-05-28 12:00:00,-10.8273681781292,1.24295161240731
2024-05-28 13:00:00,-10.1355213554389,1.23030242338553
2024-05-28 14:00:00,-10.3172696756648,1.21551117680067
2024-05-28 15:00:00,-10.2331422876277,1.20049086281848
2024-05-28 16:00:00,-10.3666523839778,1.18720293952185
2024-05-28 17:00:00,-10.6325245944102,1.17264723159564
2024-05-28 18:00:00,-10.6338665625893,1.15852309348335
2024-05-28 19:00:00,-10.1015162398339,1.16779741763235
2024-05-28 20:00:00,-10.6283104416513,1.16121955526249
2024-05-28 21:00:00,-10.8612859235319,1.15986231923101
2024-05-28 22:00:00,-10.8811313063432,1.1538017972938
2024-05-28 23:00:00,-11.2456357065984,1.16608053416165
2024-05-29 00:00:00,-10.7162141768338,1.16664848175188
2024-05-29 01:00:00,-11.2351283461507,1.20082464887106
2024-05-29 02:00:00,-10.716016665121,1.18608450210134
2024-05-29 03:00:00,-10.456675255143,1.17286319756583
2024-05-29 04:00:00,-11.1804349763487,1.25435580940219
2024-05-29 05:00:00,-11.1394593635543,1.27117436682677
2024-05-29 06:00:00,-11.0374892541703,1.26331655841662
2024-05-29 07:00:00,-11.2368983573577,1.27613081158267
2024-05-29 08:00:00,-10.3622977484225,1.26626904345397
2024-05-29 09:00:00,-10.3887524217904,1.25055582630632
2024-05-29 10:00:00,-10.5747591360956,1.24641387074157
2024-05-29 11:00:00,-10.7686372846353,1.27078898396363
2024-05-29 12:00:00,-10.5734996597489,1.26747905092741
2024-05-29 13:00:00,-9.92888627496791,1.25281997672993
2024-05-29 14:00:00,-9.84111141416445,1.23809006349593
2024-05-29 15:00:00,-10.0151300751927,1.23584474201776
2024-05-29 16:00:00,-10.0082487153003,1.22560091595365
2024-05-29 17:00:00,-10.423412682723,1.22008882965759
2024-05-29 18:00:00,-10.2751394821493,1.20530357736859
2024-05-29 19:00:00,-10.6715345997765,1.23544419433853
2024-05-29 20:00:00,-10.2232264888397,1.220230726846
2024-05-29 21:00:00,-10.3975182411996,1.22254365874874
2024-05-29 22:00:00,-10.5385055965148,1.23194895035891
2024-05-29 23:00:00,-10.8409331042083,1.25423781358885
2024-05-30 00:00:00,-11.6864026220624,1.29067732156842
2024-05-30 01:00:00,-11.3516594019577,1.27455392662509
2024-05-30 02:00:00,-11.1695791974318,1.25873572942171
2024-05-30 03:00:00,-11.2994436543796,1.24709866008601
2024-05-30 04:00:00,-11.52840178032,1.27012964492879
2024-05-30 05:00:00,-11.0188382210574,1.2553441518017
2024-05-30 06:00:00,-11.9131513778511,1.31193638707508
2024-05-30 07:00:00,-11.0571325709031,1.3113980354141
2024-05-30 08:00:00,-10.7461804283957,1.29836237468605
2024-05-30 09:00:00,-10.7206540013129,1.28459248761871
2024-05-30 10:00:00,-10.9190307521868,1.27115070132961
2024-05-30 11:00:00,-10.881813008124,1.25942850353893
2024-05-30 12:00:00,-10.8428116420478,1.24700874673362
2024-05-30 13:00:00,-10.4264175803326,1.23305308352345
2024-05-30 14:00:00,-10.2913008819465,1.22242337609694
2024-05-30 15:00:00,-10.0986547848311,1.20906177725734
2024-05-30 16:00:00,-10.6510428239526,1.21588182284871
2024-05-30 17:00:00,-11.0533906419094,1.21177856464453
2024-05-30 18:00:00,-10.4829518952866,1.21066966165735
2024-05-30 19:00:00,-10.6764400366731,1.19892578209335
2024-05-30 20:00:00,-10.4136495747143,1.18732447457542
2024-05-30 21:00:00,-10.7849075088977,1.1845460749971
2024-05-30 22:00:00,-10.8582825928706,1.17764670768213
2024-05-30 23:00:00,-11.2934049782056,1.1947375972561
2024-05-31 00:00:00,-11.1485398580456,1.1928116322248
2024-05-31 01:00:00,-11.3762658362063,1.19204261983345
2024-05-31 02:00:00,-11.1204245611838,1.17820127592149
2024-05-31 03:00:00,-11.2242179047039,1.16982965819992
2024-05-31 04:00:00,-11.4594595876203,1.20182855329984
2024-05-31 05:00:00,-11.3903141594656,1.20480625789913
2024-05-31 06:00:00,-11.3443616563463,1.1942367719463
2024-05-31 07:00:00,-11.397585867179,1.18738026925272
2024-05-31 08:00:00,-11.1983408459057,1.18039344345012
2024-05-31 09:00:00,-11.3317095399097,1.18458778114998
2024-05-31 10:00:00,-10.8302638573851,1.17032163182207
2024-05-31 11:00:00,-10.8460202558834,1.1653932855087
2024-05-31 12:00:00,-10.8614342263793,1.16154688535081
2024-05-31 13:00:00,-10.0560275756668,1.15040697805203
2024-05-31 14:00:00,-10.0530229166176,1.14179914815558
2024-05-31 15:00:00,-10.0276496008638,1.12803432244056
2024-05-31 16:00:00,-10.6846673281062,1.15465629139797
2024-05-31 17:00:00,-10.4317248102432,1.14662748631242
2024-05-31 18:00:00,-11.291639097449,1.20190251769194
2024-05-31 19:00:00,-10.637652312441,1.18741012180875
2024-05-31 20:00:00,-10.3436265605793,1.17462596161883
2024-05-31 21:00:00,-10.855881625298,1.19059486926395
2024-05-31 22:00:00,-10.844008181372,1.18751134152047
2024-05-31 23:00:00,-11.443450352978,1.24231514601067
2024-06-01 00:00:00,-11.0316571443848,1.2269269045325
2024-06-01 01:00:00,-11.6774521278726,1.25257598299821
2024-06-01 02:00:00,-11.3970568888094,1.23998877231876
2024-06-01 03:00:00,-11.9279608848742,1.28848727760419
2024-06-01 04:00:00,-11.6664752408217,1.30166330847852
2024-06-01 05:00:00,-11.7927571892152,1.33109166519072
2024-06-01 06:00:00,-11.8052645689062,1.33468130706974
2024-06-01 07:00:00,-11.9649050876867,1.35595069571411
2024-06-01 08:00:00,-11.4641621730774,1.34485998799381
2024-06-01 09:00:00,-11.7052436586437,1.36794761615361
2024-06-01 10:00:00,-11.800843367847,1.40736665848264
2024-06-01 11:00:00,-11.5564024345839,1.42637082312891
2024-06-01 12:00:00,-11.9786961809971,1.54229763732783
2024-06-01 13:00:00,-11.1337461251692,1.54408872173216
2024-06-01 14:00:00,-11.3422264030368,1.56660131989628
2024-06-01 15:00:00,-11.0378284256721,1.56989528349124
2024-06-01 16:00:00,-11.0968561764916,1.58532402972639
2024-06-01 17:00:00,-11.4790727400977,1.60357330335921
2024-06-01 18:00:00,-11.2976673681343,1.59432300250376
2024-06-01 19:00:00,-11.6945928868094,1.66845515178461
2024-06-01 20:00:00,-11.5090587103713,1.68530053064087
2024-06-01 21:00:00,-11.4825638390957,1.71043949217233
2024-06-01 22:00:00,-11.3376160222709,1.71605783655591
2024-06-01 23:00:00,-11.5039730672529,1.73046829221522
2024-06-02 00:00:00,-14.0325545617877,1.82432029038185
2024-06-02 01:00:00,-13.0120924715994,1.81828065643469
2024-06-02 02:00:00,-12.8243629358798,1.79661438644447
2024-06-02 03:00:00,-12.9617749650591,1.77182834488056
2024-06-02 04:00:00,-13.3482261905173,1.77923385173718
2024-06-02 05:00:00,-13.3290843395473,1.76390704277585
2024-06-02 06:00:00,-13.2262583371912,1.73963843545806
2024-06-02 07:00:00,-13.3478725730916,1.71887946620159
2024-06-02 08:00:00,-13.0484478246053,1.69551311138283
2024-06-02 09:00:00,-13.228087838639,1.6803524000572
2024-06-02 10:00:00,-12.4711004201515,1.68159740874585
2024-06-02 11:00:00,-12.3636812164145,1.66171788323576
2024-06-02 12:00:00,-11.7855994039087,1.69539755080258
2024-06-02 13:00:00,-11.6984257163877,1.67868855983532
2024-06-02 14:00:00,-12.1793279741513,1.65616773236824
2024-06-02 15:00:00,-11.8420543009243,1.64641749838859
2024-06-02 16:00:00,-12.3538640269927,1.63054299216828
2024-06-02 17:00:00,-12.5793527957829,1.60884111454361
2024-06-02 18:00:00,-12.2146043820727,1.60963983909819
2024-06-02 19:00:00,-12.1641182914443,1.59475413999508
2024-06-02 20:00:00,-12.0801275189105,1.58455838604229
2024-06-02 21:00:00,-12.6690281796903,1.57580660001599
2024-06-02 22:00:00,-12.529916531243,1.55474983911418
2024-06-02 23:00:00,-12.8416708755781,1.53835098264776
2024-06-03 00:00:00,-11.711467004516,1.51795641845318
2024-06-03 01:00:00,-11.9475008076509,1.49818827450334
2024-06-03 02:00:00,-11.3944860194634,1.50812711181956
2024-06-03 03:00:00,-11.7650957113473,1.48816602060726
2024-06-03 04:00:00,-11.8872708354625,1.47346088918569
2024-06-03 05:00:00,-11.6209042303079,1.45835263626366
2024-06-03 06:00:00,-11.8788415825989,1.43927309974266
2024-06-03 07:00:00,-11.4995084800652,1.44818284498991
2024-06-03 08:00:00,-11.7452977142932,1.43037441620432
2024-06-03 09:00:00,-11.5252809989908,1.41958665818595
2024-06-03 10:00:00,-11.6284398440766,1.40114525671339
2024-06-03 11:00:00,-11.6658830977805,1.38599996221651
2024-06-03 12:00:00,-11.4229553199407,1.36901257097195
2024-06-03 13:00:00,-10.5814836887117,1.3798792192014
2024-06-03 14:00:00,-10.8431191072223,1.37072334715648
2024-06-03 15:00:00,-10.4741172255798,1.38301004850692
2024-06-03 16:00:00,-10.7690769445548,1.36766470572177
2024-06-03 17:00:00,-11.2270306300224,1.35200487155555
2024-06-03 18:00:00,-11.5894844326275,1.33661962738707
2024-06-03 19:00:00,-11.3698016890434,1.32049265124789
2024-06-03 20:00:00,-11.6973719170774,1.31476570558728
2024-06-03 21:00:00,-11.3373381839897,1.30031535723684
2024-06-03 22:00:00,-11.6428985782417,1.29297545892241
2024-06-03 23:00:00,-11.5903578850998,1.276685398585
2024-06-04 00:00:00,-10.6490992851128,1.26283724784109
2024-06-04 01:00:00,-10.9855685715075,1.25158715976325
2024-06-04 02:00:00,-11.0500257239346,1.24146080310471
2024-06-04 03:00:00,-11.227045354851,1.23834774035083
2024-06-04 04:00:00,-11.1262812261034,1.23876269769997
2024-06-04 05:00:00,-11.0897638520698,1.2322531267109
2024-06-04 06:00:00,-11.5889006824438,1.26019097842052
2024-06-04 07:00:00,-11.0984831972654,1.24470778672176
2024-06-04 08:00:00,-11.320107583966,1.26439466639288
2024-06-04 09:00:00,-10.9568277796216,1.2489040661079
2024-06-04 10:00:00,-10.840550233789,1.23642290755297
2024-06-04 11:00:00,-11.0178748788515,1.2527826420584
2024-06-04 12:00:00,-10.9837049671855,1.25887264843414
2024-06-04 13:00:00,-10.3200198692773,1.24513954372617
2024-06-04 14:00:00,-10.2098472176937,1.23029363166385
2024-06-04 15:00:00,-9.8590537181207,1.21821847025433
2024-06-04 16:00:00,-9.99494643331197,1.20323849820471
2024-06-04 17:00:00,-10.4454863621463,1.18944700930562
2024-06-04 18:00:00,-10.678031858885,1.18079997821726
2024-06-04 19:00:00,-10.4747805450734,1.1668743232599
2024-06-04 20:00:00,-10.2510151201186,1.15357701845719
2024-06-04 21:00:00,-10.6164637761719,1.15593624429585
2024-06-04 22:00:00,-10.8775203739825,1.17116148472131
2024-06-04 23:00:00,-11.3386065714888,1.21844511844478
2024-06-05 00:00:00,-11.3126885794793,1.21194956823548
2024-06-05 01:00:00,-11.0123634046231,1.19964463144956
2024-06-05 02:00:00,-11.0164709245898,1.18495344396387
2024-06-05 03:00:00,-10.9029227079438,1.17255123357173
2024-06-05 04:00:00,-10.9912283183436,1.16270611409633
2024-06-05 05:00:00,-11.2014645165089,1.15800817535568
2024-06-05 06:00:00,-11.2023432043171,1.14410026980116
2024-06-05 07:00:00,-11.264571316765,1.13136723188322
2024-06-05 08:00:00,-10.9361691568268,1.11792370906081
2024-06-05 09:00:00,-11.4605312768984,1.13848356764593
2024-06-05 10:00:00,-11.2058089569056,1.12966778318435
2024-06-05 11:00:00,-11.3045562286741,1.14919192148757
2024-06-05 12:00:00,-10.9659877894588,1.13852454529692
2024-06-05 13:00:00,-10.4246300655979,1.12579384011996
2024-06-05 14:00:00,-10.5411978811669,1.11280700923413
2024-06-05 15:00:00,-10.4342909661893,1.10191913502245
2024-06-05 16:00:00,-10.059579428327,1.09621730664758
2024-06-05 17:00:00,-10.8479265453301,1.09539174350697
2024-06-05 18:00:00,-10.896447359395,1.08522988068913
2024-06-05 19:00:00,-10.5577105867484,1.07303433754697
2024-06-05 20:00:00,-10.8408407714618,1.07238581137829
2024-06-05 21:00:00,-11.0849213362834,1.08772018756792
2024-06-05 22:00:00,-10.9806388043389,1.08491853053499
2024-06-05 23:00:00,-11.2905697138809,1.10057607116728
2024-06-06 00:00:00,-10.8857805329656,1.08989560327847
2024-06-06 01:00:00,-11.5388401051093,1.10194770609454
2024-06-06 02:00:00,-11.5194672683153,1.09865316317942
2024-06-06 03:00:00,-11.8363101908871,1.12296689398075
2024-06-06 04:00:00,-11.5111102184473,1.12280768950872
2024-06-06 05:00:00,-11.7719628846653,1.15396851896417
2024-06-06 06:00:00,-11.6058742788618,1.14406712866729
2024-06-06 07:00:00,-11.5585799541345,1.13470438933488
2024-06-06 08:00:00,-11.2948522841569,1.12408597749939
2024-06-06 09:00:00,-11.5017784179346,1.12944082130064
2024-06-06 10:00:00,-11.2336052237058,1.11895808872605
2024-06-06 11:00:00,-11.7118004629835,1.19437563187182
2024-06-06 12:00:00,-11.1963435924405,1.18440837482071
2024-06-06 13:00:00,-10.4232859902842,1.17011326078729
2024-06-06 14:00:00,-10.5037102834295,1.15591495339611
2024-06-06 15:00:00,-10.6250773332383,1.15174293359814
2024-06-06 16:00:00,-10.6643051819363,1.14386666447227
2024-06-06 17:00:00,-10.9386932098769,1.1326987466186
2024-06-06 18:00:00,-10.9689407518439,1.12139452838686
2024-06-06 19:00:00,-10.6812237380516,1.10806524041964
2024-06-06 20:00:00,-10.8624756674611,1.10178285503525
2024-06-06 21:00:00,-10.7463644230872,1.08959651231961
2024-06-06 22:00:00,-10.8246962594409,1.08128877489833
2024-06-06 23:00:00,-11.1720429918255,1.08480900088728
2024-06-07 00:00:00,-12.0646155479936,1.11498582233679
2024-06-07 01:00:00,-12.0859709159674,1.1108751615235
2024-06-07 02:00:00,-11.8230871622498,1.09839932629956
2024-06-07 03:00:00,-12.018851826603,1.09737661910611
2024-06-07 04:00:00,-11.7186074942172,1.08729194570295
2024-06-07 05:00:00,-11.953434257663,1.09360397983373
2024-06-07 06:00:00,-11.8993018730238,1.0816689304815
2024-06-07 07:00:00,-11.8697356589532,1.06968032275486
2024-06-07 08:00:00,-11.668560195776,1.05838006844513
2024-06-07 09:00:00,-12.0679418527336,1.07692000704846
2024-06-07 10:00:00,-11.6909547634583,1.06543153861936
2024-06-07 11:00:00,-11.5644929974248,1.06004321120259
2024-06-07 12:00:00,-11.3374761274958,1.04818587830805
2024-06-07 13:00:00,-9.81597012069449,1.15691294879223
2024-06-07 14:00:00,-10.9317201234002,1.15241217072854
2024-06-07 15:00:00,-10.9452219829265,1.14073548575066
2024-06-07 16:00:00,-11.0696245852966,1.13160686006229
2024-06-07 17:00:00,-11.3484961337098,1.11909520567509
2024-06-07 18:00:00,-10.7517343527527,1.13937088572951
2024-06-07 19:00:00,-10.1792798941306,1.19656610919556
2024-06-07 20:00:00,-10.8567492101397,1.18273906748019
2024-06-07 21:00:00,-11.3831805387746,1.18714523008076
2024-06-07 22:00:00,-11.3699922131121,1.17729510452336
2024-06-07 23:00:00,-11.7268008403579,1.18315194774454
2024-06-08 00:00:00,-10.7683551825092,1.18945830508577
2024-06-08 01:00:00,-11.1852354334099,1.21237564978293
2024-06-08 02:00:00,-11.2170267002686,1.22971050116007
2024-06-08 03:00:00,-11.9251749204282,1.37522259691838
2024-06-08 04:00:00,-11.4738425765193,1.4124717551015
2024-06-08 05:00:00,-11.1148223485638,1.41218436868329
2024-06-08 06:00:00,-11.678833921709,1.48850008280073
2024-06-08 07:00:00,-11.59424173767,1.51404722831988
2024-06-08 08:00:00,-11.3286093400154,1.53588231506948
2024-06-08 09:00:00,-11.3249928153542,1.56184025857986
2024-06-08 10:00:00,-11.5358387508377,1.64412265163654
2024-06-08 11:00:00,-11.003937563718,1.64885546198224
2024-06-08 12:00:00,-10.8187994309213,1.65378838268654
2024-06-08 13:00:00,-10.5021719513112,1.67069687458336
2024-06-08 14:00:00,-10.8077779387217,1.69985557979154
2024-06-08 15:00:00,-10.7930671008575,1.74581783232432
2024-06-08 16:00:00,-11.2845055998655,1.89098664826799
2024-06-08 17:00:00,-11.0159732761323,1.88632842902942
2024-06-08 18:00:00,-11.0863213241871,1.90896663371508
2024-06-08 19:00:00,-11.5369093568402,2.04890271172015
2024-06-08 20:00:00,-11.5766629712414,2.15539279645942
2024-06-08 21:00:00,-11.2258131700405,2.18810845297958
2024-06-08 22:00:00,-11.6925090180357,2.35819259638021
2024-06-08 23:00:00,-11.2119416712432,2.35700904909993
2024-06-09 00:00:00,-14.2765688943649,2.45254426564133
2024-06-09 01:00:00,-13.4913316035455,2.41732717954816
2024-06-09 02:00:00,-13.4422987603555,2.38740440529428
2024-06-09 03:00:00,-13.1875247341637,2.35316487534054
2024-06-09 04:00:00,-13.2523341522542,2.32856798787997
2024-06-09 05:00:00,-13.4102994168306,2.30763047825358
2024-06-09 06:00:00,-13.3514753292502,2.27440358492483
2024-06-09 07:00:00,-13.5494019425101,2.24930991559252
2024-06-09 08:00:00,-13.1866929833271,2.21705983193006
2024-06-09 09:00:00,-13.5359343465923,2.20958510074292
2024-06-09 10:00:00,-13.6207862678445,2.20951097004497
2024-06-09 11:00:00,-13.560526805484,2.2162176470972
2024-06-09 12:00:00,-13.5414049147112,2.22367055923941
2024-06-09 13:00:00,-12.0290941264449,2.22935204957718
2024-06-09 14:00:00,-12.241299580901,2.20046189825556
2024-06-09 15:00:00,-12.1080971323918,2.17142420943391
2024-06-09 16:00:00,-12.5474899147905,2.14901937365493
2024-06-09 17:00:00,-12.9638804488196,2.12295513568816
2024-06-09 18:00:00,-12.9275435494418,2.09330935149307
2024-06-09 19:00:00,-12.5711767091154,2.06585628458805
2024-06-09 20:00:00,-12.7060804756489,2.03792118586724
2024-06-09 21:00:00,-12.9378962804361,2.02084034998572
2024-06-09 22:00:00,-12.6208905609302,1.99307293203218
2024-06-09 23:00:00,-13.0633540262127,1.97688268944163
2024-06-10 00:00:00,-13.0305067959737,1.95517919772629
2024-06-10 01:00:00,-12.9755959361797,1.92828150503605
2024-06-10 02:00:00,-13.0348728115707,1.9019097105085
2024-06-10 03:00:00,-12.9539460640557,1.87589136109568
2024-06-10 04:00:00,-12.6594772050889,1.85177085854409
2024-06-10 05:00:00,-13.3768675093666,1.86690710588597
2024-06-10 06:00:00,-13.4367357074427,1.84704486770727
2024-06-10 07:00:00,-12.7772313069563,1.84483096474888
2024-06-10 08:00:00,-12.8296666867706,1.81939186641511
2024-06-10 09:00:00,-12.9297317903015,1.79470760166642
2024-06-10 10:00:00,-12.6720761048871,1.77172326930869
2024-06-10 11:00:00,-12.8459338075816,1.75636201182542
2024-06-10 12:00:00,-12.515287997558,1.7335022620636
2024-06-10 13:00:00,-12.0548591927209,1.71093572903706
2024-06-10 14:00:00,-12.1014243504261,1.69339264190282
2024-06-10 15:00:00,-12.0648283021245,1.67064113876108
2024-06-10 16:00:00,-11.7415226803918,1.66878888652918
2024-06-10 17:00:00,-12.2493283641065,1.64853158292315
2024-06-10 18:00:00,-12.2952656138432,1.6317255519736
2024-06-10 19:00:00,-12.1071801967138,1.62000074490626
2024-06-10 20:00:00,-11.9508150864521,1.61602384529576
2024-06-10 21:00:00,-12.1220081136728,1.5966798638781
2024-06-10 22:00:00,-12.6610529975421,1.58752656201673
2024-06-10 23:00:00,-12.6830851791835,1.56626207401146
2024-06-11 00:00:00,-11.7208934610573,1.54532819259223
2024-06-11 01:00:00,-12.2918554085053,1.53814357552466
2024-06-11 02:00:00,-11.1902691506147,1.60844194170909
2024-06-11 03:00:00,-11.1488888111315,1.62775235837786
2024-06-11 04:00:00,-11.3844884931856,1.60806609486925
2024-06-11 05:00:00,-11.3578115576147,1.59970236684253
2024-06-11 06:00:00,-11.7936086596615,1.57878778669862
2024-06-11 07:00:00,-11.6640382955198,1.57198784524765
2024-06-11 08:00:00,-11.8488909702514,1.55188499313512
2024-06-11 09:00:00,-11.7506919358568,1.53306559104154
2024-06-11 10:00:00,-11.5964547902527,1.51524381850402
2024-06-11 11:00:00,-11.1801147404633,1.51093688741611
2024-06-11 12:00:00,-11.2058174196674,1.49536024715029
2024-06-11 13:00:00,-10.6770565434215,1.49254904840858
2024-06-11 14:00:00,-11.0809088261909,1.47465684224123
2024-06-11 15:00:00,-11.0654895065033,1.45561671092317
2024-06-11 16:00:00,-10.5439223607226,1.48273082690889
2024-06-11 17:00:00,-11.252102872784,1.46400060503514
2024-06-11 18:00:00,-11.2976946274061,1.45072766917132
2024-06-11 19:00:00,-11.2596949570343,1.43457559830451
2024-06-11 20:00:00,-11.3491770726291,1.4162259004829
2024-06-11 21:00:00,-11.4815247456442,1.39833436746553
2024-06-11 22:00:00,-11.842349999182,1.39641108773578
2024-06-11 23:00:00,-11.9562254198688,1.38390606910983
2024-06-12 00:00:00,-10.3237286275164,1.36606105320661
2024-06-12 01:00:00,-11.0857162056729,1.38822797992326
2024-06-12 02:00:00,-10.7018864870625,1.37029686215104
2024-06-12 03:00:00,-10.7097445931915,1.35392381271664
2024-06-12 04:00:00,-11.0034595258714,1.37822611905476
2024-06-12 05:00:00,-10.8859003546802,1.37027126521271
2024-06-12 06:00:00,-11.1968438143947,1.37764413262106
2024-06-12 07:00:00,-11.3786137641831,1.39341358624058
2024-06-12 08:00:00,-11.070579190349,1.39221367842463
2024-06-12 09:00:00,-11.241759485304,1.4161395279261
2024-06-12 10:00:00,-10.7350611204496,1.39986764138527
2024-06-12 11:00:00,-10.6205461891913,1.39496933989473
2024-06-12 12:00:00,-10.7320353696551,1.40512840507276
2024-06-12 13:00:00,-8.954178849179,1.49584374934031
2024-06-12 14:00:00,-10.1398275301386,1.50468101634048
2024-06-12 15:00:00,-9.86844361868753,1.48497768692571
2024-06-12 16:00:00,-10.2461080676889,1.48909510595268
2024-06-12 17:00:00,-10.4852628120921,1.47522468421636
2024-06-12 18:00:00,-10.586426922207,1.46600634804022
2024-06-12 19:00:00,-9.71366537977967,1.47411835525561
2024-06-12 20:00:00,-9.57622797116546,1.46707138650073
2024-06-12 21:00:00,-10.1571853144119,1.45994498384077
2024-06-12 22:00:00,-10.2442091823519,1.44556212502894
2024-06-12 23:00:00,-10.8950667633316,1.48000577365952
2024-06-13 00:00:00,-11.0102490939773,1.54947295492665
2024-06-13 01:00:00,-10.6000645194494,1.52985904543173
2024-06-13 02:00:00,-10.6705126181402,1.52596806997753
2024-06-13 03:00:00,-10.5852315347392,1.51136827387667
2024-06-13 04:00:00,-9.89634688669348,1.49763253653815
2024-06-13 05:00:00,-10.4811102947026,1.50645329337436
2024-06-13 06:00:00,-10.8273824524533,1.51153346840986
2024-06-13 07:00:00,-10.8149756054613,1.50428360797398
2024-06-13 08:00:00,-10.6262958979853,1.49948083444402
2024-06-13 09:00:00,-10.8340282675665,1.51823479714722
2024-06-13 10:00:00,-10.5751800912789,1.51199456401985
2024-06-13 11:00:00,-10.0843888104782,1.49285269510049
2024-06-13 12:00:00,-10.613500119233,1.54529529592327
2024-06-13 13:00:00,-9.3672110487833,1.53422347636739
2024-06-13 14:00:00,-9.78439294486166,1.51995624875866
2024-06-13 15:00:00,-9.36741644031496,1.50109645376258
2024-06-13 16:00:00,-9.64338119328469,1.48862769354449
2024-06-13 17:00:00,-10.1875043093763,1.48423984572061
2024-06-13 18:00:00,-10.1029446765655,1.46714787721734
2024-06-13 19:00:00,-10.1997660540451,1.46596682383858
2024-06-13 20:00:00,-10.2402859796484,1.46522332626049
2024-06-13 21:00:00,-10.2803792988912,1.46932826689685
2024-06-13 22:00:00,-10.4854030429565,1.49621417509738
2024-06-13 23:00:00,-10.9101230391057,1.55836762931502
2024-06-14 00:00:00,-11.3731535105441,1.56375990103067
2024-06-14 01:00:00,-11.2665461164097,1.5483494852346
2024-06-14 02:00:00,-10.8507896622949,1.52865005017383
2024-06-14 03:00:00,-11.3551224115162,1.53843332530615
2024-06-14 04:00:00,-11.2318930037914,1.53819909480015
2024-06-14 05:00:00,-11.3959366126148,1.55072486546631
2024-06-14 06:00:00,-11.1078062429964,1.53005822841557
2024-06-14 07:00:00,-11.0868955696155,1.51063963897151
2024-06-14 08:00:00,-11.0188551488619,1.49737758553132
2024-06-14 09:00:00,-10.9913510354783,1.48139057233345
2024-06-14 10:00:00,-11.1205868825099,1.48217370730569
2024-06-14 11:00:00,-11.160332004664,1.49851309828512
2024-06-14 12:00:00,-10.7063609949706,1.47973932975694
2024-06-14 13:00:00,-10.357802817477,1.46761876736596
2024-06-14 14:00:00,-10.4656532752763,1.45101602597667
2024-06-14 15:00:00,-10.4696655069453,1.44558102379112
2024-06-14 16:00:00,-10.2793935998997,1.42762393365981
2024-06-14 17:00:00,-10.0172137589256,1.43183125716881
2024-06-14 18:00:00,-10.4533824196964,1.41529591975732
2024-06-14 19:00:00,-10.2072011428184,1.39903479491714
2024-06-14 20:00:00,-10.2887532727715,1.38099264166109
2024-06-14 21:00:00,-10.5736312631911,1.37407112305052
2024-06-14 22:00:00,-10.049109525121,1.36845670168534
2024-06-14 23:00:00,-11.3225751208743,1.46304285837492
2024-06-15 00:00:00,-11.2631133393466,1.46846737851177
2024-06-15 01:00:00,-11.2583151910856,1.45694085477251
2024-06-15 02:00:00,-11.2630005791804,1.45089827044702
2024-06-15 03:00:00,-11.5853827648657,1.47497959162767
2024-06-15 04:00:00,-11.7794462714426,1.54886807240311
2024-06-15 05:00:00,-11.4109396863729,1.54428783150958
2024-06-15 06:00:00,-11.4477670030098,1.53859380763554
2024-06-15 07:00:00,-11.4829292980713,1.53479428371814
2024-06-15 08:00:00,-11.4550541059294,1.54975989993969
2024-06-15 09:00:00,-11.4368427804473,1.55666718702764
2024-06-15 10:00:00,-11.2110131528656,1.55154534291308
2024-06-15 11:00:00,-11.4295570712554,1.60608919909246
2024-06-15 12:00:00,-11.2114402471852,1.61554923071043
2024-06-15 13:00:00,-10.7668666865311,1.62261687196396
2024-06-15 14:00:00,-11.412811787288,1.70953119777054
2024-06-15 15:00:00,-11.0415140637853,1.72785652397753
2024-06-15 16:00:00,-10.6937028050058,1.7160456082462
2024-06-15 17:00:00,-11.3087793707267,1.75184759836363
2024-06-15 18:00:00,-11.3197327238095,1.76535540032761
2024-06-15 19:00:00,-11.6936897378999,1.87186786359189
2024-06-15 20:00:00,-11.402376796948,1.89333218087036
2024-06-15 21:00:00,-10.6034988037648,1.86700703176852
2024-06-15 22:00:00,-11.5057647475859,1.98964452866058
2024-06-15 23:00:00,-11.2839861589714,1.98580027374717
2024-06-16 00:00:00,-13.5448254230323,2.04589904353388
2024-06-16 01:00:00,-13.3105940999317,2.02695229890077
2024-06-16 02:00:00,-12.9097915649087,1.99848388622339
2024-06-16 03:00:00,-13.0734251294784,1.98070510947053
2024-06-16 04:00:00,-13.0684334217768,1.97557761535417
2024-06-16 05:00:00,-12.6440000889664,1.94828173947853
2024-06-16 06:00:00,-13.1933077602708,1.94415162660098
2024-06-16 07:00:00,-12.7481059830694,1.9208635492833
2024-06-16 08:00:00,-12.9310844983649,1.90913427115988
2024-06-16 09:00:00,-12.8878232227147,1.8870441598314
2024-06-16 10:00:00,-12.3456433540381,1.86668504326848
2024-06-16 11:00:00,-12.0462894126991,1.84520709460817
2024-06-16 12:00:00,-12.2823037927483,1.82201000112909
2024-06-16 13:00:00,-12.1196370718594,1.80411614591304
2024-06-16 14:00:00,-12.3255852203564,1.78317776581818
2024-06-16 15:00:00,-11.8903100747069,1.7596430415312
2024-06-16 16:00:00,-12.1567838170522,1.74323321008583
2024-06-16 17:00:00,-12.6430143422809,1.73082082164567
2024-06-16 18:00:00,-12.6628774955424,1.71284580233018
2024-06-16 19:00:00,-12.9433846597872,1.73387251737898
2024-06-16 20:00:00,-12.5399216950439,1.71170323190084
2024-06-16 21:00:00,-12.40100263966,1.69058941232539
2024-06-16 22:00:00,-12.6397298286054,1.68779321146516
2024-06-16 23:00:00,-11.64610639709,1.73899205394806
2024-06-17 00:00:00,-12.3533043722219,1.73483397293549
2024-06-17 01:00:00,-12.118172300587,1.72514599508827
2024-06-17 02:00:00,-11.931574101145,1.71860778638606
2024-06-17 03:00:00,-12.3776081692309,1.69581943952102
2024-06-17 04:00:00,-12.0674044800861,1.67641113078341
2024-06-17 05:00:00,-12.6056441379711,1.66983480909919
2024-06-17 06:00:00,-12.3261879869898,1.65538857429331
2024-06-17 07:00:00,-12.5266470436213,1.63303003792624
2024-06-17 08:00:00,-11.8386853520122,1.64165699629089
2024-06-17 09:00:00,-11.9355878514838,1.62600568581637
2024-06-17 10:00:00,-11.7200014389973,1.62145041945401
2024-06-17 11:00:00,-11.7423318949525,1.60213710647204
2024-06-17 12:00:00,-12.0672089908757,1.58404462289799
2024-06-17 13:00:00,-11.5730352675108,1.56357835156992
2024-06-17 14:00:00,-11.4321860820607,1.559444292056
2024-06-17 15:00:00,-11.272038993998,1.54698874602029
2024-06-17 16:00:00,-11.0941806202466,1.54999128047136
2024-06-17 17:00:00,-11.2807650808216,1.56339985605513
2024-06-17 18:00:00,-11.3547868096775,1.5689812936314
2024-06-17 19:00:00,-11.2019320031811,1.58085947165158
2024-06-17 20:00:00,-11.6665249072789,1.55970907087496
2024-06-17 21:00:00,-11.2619953485922,1.57511446800431
2024-06-17 22:00:00,-11.656043150304,1.55416442257075
2024-06-17 23:00:00,-11.943771991825,1.53351066219627
2024-06-18 00:00:00,-10.5437932079776,1.51550558096835
2024-06-18 01:00:00,-10.6109073790756,1.4967921887202
2024-06-18 02:00:00,-10.0279711575931,1.52501463042178
2024-06-18 03:00:00,-10.3159179352586,1.50950647832997
2024-06-18 04:00:00,-10.8235876115839,1.50900666798082
2024-06-18 05:00:00,-10.7880723091934,1.49042947041389
2024-06-18 06:00:00,-11.1688998171672,1.48301468031863
2024-06-18 07:00:00,-11.181393578681,1.46836733043911
2024-06-18 08:00:00,-10.9344772386447,1.452334300925
2024-06-18 09:00:00,-11.1837746822603,1.45628510084449
2024-06-18 10:00:00,-10.8188429335395,1.43822603491845
2024-06-18 11:00:00,-10.9967696585107,1.45320218265266
2024-06-18 12:00:00,-10.5224775568802,1.43417280541341
2024-06-18 13:00:00,-10.149288387513,1.41806911385542
2024-06-18 14:00:00,-10.1938919072038,1.39962237914419
2024-06-18 15:00:00,-9.60976399874488,1.39820199972205
2024-06-18 16:00:00,-9.86127953207899,1.38010347234902
2024-06-18 17:00:00,-10.4765003746173,1.36699601432614
2024-06-18 18:00:00,-10.2307476792412,1.35407062370838
2024-06-18 19:00:00,-10.3807115995346,1.33955157729686
2024-06-18 20:00:00,-10.2216707168825,1.32278987831589
2024-06-18 21:00:00,-10.3626312019158,1.30899866428702
2024-06-18 22:00:00,-10.430322689952,1.29586042179642
2024-06-18 23:00:00,-10.9056516330811,1.30618575187503
2024-06-19 00:00:00,-10.7581392445748,1.32962255676514
2024-06-19 01:00:00,-10.8347020224561,1.32638988336799
2024-06-19 02:00:00,-10.337293778149,1.31084363218978
2024-06-19 03:00:00,-10.5575234741561,1.30065969332725
2024-06-19 04:00:00,-10.5746552996302,1.30110097051192
2024-06-19 05:00:00,-10.6915615619718,1.30339460710963
2024-06-19 06:00:00,-10.8413576243388,1.29985440083259
2024-06-19 07:00:00,-11.1073112094224,1.31810960670698
2024-06-19 08:00:00,-10.4807626092842,1.30156552149394
2024-06-19 09:00:00,-11.0975761168509,1.36266552629852
2024-06-19 10:00:00,-10.4973477621913,1.34646229534348
2024-06-19 11:00:00,-10.3161560087496,1.33791767626156
2024-06-19 12:00:00,-9.9551096521958,1.32086336191068
2024-06-19 13:00:00,-10.0504609709859,1.33905777966248
2024-06-19 14:00:00,-10.8956955603825,1.44569237933691
2024-06-19 15:00:00,-10.4228057780575,1.45509877843653
2024-06-19 16:00:00,-10.1854762093554,1.45101401674915
2024-06-19 17:00:00,-10.5545082798004,1.45775977793669
2024-06-19 18:00:00,-10.7484040822887,1.47935674123506
2024-06-19 19:00:00,-10.707509474256,1.50282717357673
2024-06-19 20:00:00,-10.6822840341645,1.52397066869497
2024-06-19 21:00:00,-10.3813451246132,1.51607136367946
2024-06-19 22:00:00,-10.6115484655815,1.54507226570379
2024-06-19 23:00:00,-10.9327797348507,1.58938277691494
2024-06-20 00:00:00,-12.1579030052197,1.60378572513475
2024-06-20 01:00:00,-11.5064073383313,1.59218400788725
2024-06-20 02:00:00,-11.7418655562878,1.5772342323785
2024-06-20 03:00:00,-11.7121824345125,1.5568258099876
2024-06-20 04:00:00,-11.9204493042807,1.56518212964363
2024-06-20 05:00:00,-11.5466746766705,1.54438391770725
2024-06-20 06:00:00,-11.9453961656156,1.53534410674055
2024-06-20 07:00:00,-11.7776430273806,1.51492995944995
2024-06-20 08:00:00,-11.0264935121572,1.52038583715598
2024-06-20 09:00:00,-11.6320283678641,1.5133485630235
2024-06-20 10:00:00,-11.6033735988508,1.49789818668242
2024-06-20 11:00:00,-10.7600072772225,1.50596093134174
2024-06-20 12:00:00,-10.9907224327279,1.48616647908074
2024-06-20 13:00:00,-10.7436716454318,1.46696582309658
2024-06-20 14:00:00,-10.6451724184241,1.45693538904837
2024-06-20 15:00:00,-10.5662364906564,1.43909296261655
2024-06-20 16:00:00,-10.7973414847308,1.42130063618963
2024-06-20 17:00:00,-11.019937700016,1.4039973136034
2024-06-20 18:00:00,-11.3590543505504,1.39113257911525
2024-06-20 19:00:00,-11.2638372996037,1.37500118205472
2024-06-20 20:00:00,-10.887268019528,1.36284280058965
2024-06-20 21:00:00,-11.4725030478013,1.37634370276428
2024-06-20 22:00:00,-11.4139050060719,1.36582177616421
2024-06-20 23:00:00,-11.6820214663958,1.36616718095968
2024-06-21 00:00:00,-11.5093269552301,1.37847368314324
2024-06-21 01:00:00,-11.2298074794032,1.36124516263377
2024-06-21 02:00:00,-11.144635754332,1.34377101978876
2024-06-21 03:00:00,-11.4073407267832,1.33425724633961
2024-06-21 04:00:00,-11.1293623127192,1.31825002402134
2024-06-21 05:00:00,-11.3546758892534,1.31366263065823
2024-06-21 06:00:00,-11.6924238970915,1.31614871334135
2024-06-21 07:00:00,-11.6925502630702,1.30913553745391
2024-06-21 08:00:00,-11.0036567063187,1.29649373653157
2024-06-21 09:00:00,-10.6334021124929,1.29634675100091
2024-06-21 10:00:00,-10.6851484776227,1.28103424107711
2024-06-21 11:00:00,-10.7711626791763,1.26639580723318
2024-06-21 12:00:00,-11.021914775347,1.26385518883807
2024-06-21 13:00:00,-10.331521699572,1.24885787292331
2024-06-21 14:00:00,-10.3647550881782,1.23563093029
2024-06-21 15:00:00,-10.2711922296163,1.2203273286325
2024-06-21 16:00:00,-10.3122153863652,1.20522661653653
2024-06-21 17:00:00,-11.1652366472783,1.21792240719372
2024-06-21 18:00:00,-10.634537360449,1.21195927992116
2024-06-21 19:00:00,-10.674884241401,1.19747883343189
2024-06-21 20:00:00,-10.7703990354128,1.18515638738467
2024-06-21 21:00:00,-10.722238171516,1.17149725278229
2024-06-21 22:00:00,-10.9588841888359,1.16988230677525
2024-06-21 23:00:00,-11.9933496094747,1.30569415212253
2024-06-22 00:00:00,-11.4775017494567,1.30996950212433
2024-06-22 01:00:00,-11.2632193247249,1.29466026769487
2024-06-22 02:00:00,-11.4438514333366,1.29981118647828
2024-06-22 03:00:00,-11.4876761811532,1.29892008848453
2024-06-22 04:00:00,-11.5802924356394,1.33118765954409
2024-06-22 05:00:00,-11.9377481262886,1.40456066072564
2024-06-22 06:00:00,-11.8352760767397,1.4131277357017
2024-06-22 07:00:00,-11.7444309557427,1.4155792352926
2024-06-22 08:00:00,-11.3889061990888,1.4085354543856
2024-06-22 09:00:00,-11.4658313506998,1.41432179299799
2024-06-22 10:00:00,-11.4366741333566,1.42482817153329
2024-06-22 11:00:00,-11.4562830891171,1.45850053005619
2024-06-22 12:00:00,-11.6573179773561,1.52711472613932
2024-06-22 13:00:00,-11.1068007619392,1.5487719968771
2024-06-22 14:00:00,-11.5062867266091,1.61423185407368
2024-06-22 15:00:00,-11.2737987570133,1.65187469602288
2024-06-22 16:00:00,-11.527700476664,1.74286211523712
2024-06-22 17:00:00,-11.4963584830145,1.75181423312458
2024-06-22 18:00:00,-11.9468103200479,1.85488952642238
2024-06-22 19:00:00,-11.6227239358903,1.88470052713044
2024-06-22 20:00:00,-11.6053507862243,1.92961045739462
2024-06-22 21:00:00,-11.7053601726359,1.99910090154556
2024-06-22 22:00:00,-11.6862659367239,2.05479484024088
2024-06-22 23:00:00,-11.8364259724277,2.11197124834509
2024-06-23 00:00:00,-14.2330826261369,2.17675940444391
2024-06-23 01:00:00,-12.9758767810907,2.18849045053743
2024-06-23 02:00:00,-12.704676391397,2.17360138164213
2024-06-23 03:00:00,-13.1081920259064,2.14301836047497
2024-06-23 04:00:00,-13.2025537488638,2.11858984245687
2024-06-23 05:00:00,-13.5790792818463,2.11560978354492
2024-06-23 06:00:00,-13.7433430064741,2.0990118391844
2024-06-23 07:00:00,-13.8968350885966,2.0913285236175
2024-06-23 08:00:00,-13.5315414268207,2.06786846769126
2024-06-23 09:00:00,-14.1155093743183,2.12943571895415
2024-06-23 10:00:00,-14.4110788875791,2.23409402133351
2024-06-23 11:00:00,-12.8839902354311,2.2207816091698
2024-06-23 12:00:00,-13.051582603217,2.19871195047488
2024-06-23 13:00:00,-13.1241519533956,2.21718202248115
2024-06-23 14:00:00,-12.8912030716303,2.1858770785567
2024-06-23 15:00:00,-12.3854088310436,2.15642753334486
2024-06-23 16:00:00,-12.6571058017072,2.13309457812345
2024-06-23 17:00:00,-12.582295095229,2.10987393449186
2024-06-23 18:00:00,-12.4304259421592,2.09179212421641
2024-06-23 19:00:00,-13.0779760800397,2.09094349656496
2024-06-23 20:00:00,-13.1098532477613,2.07206217036227
2024-06-23 21:00:00,-11.9636152801966,2.12153987173084
2024-06-23 22:00:00,-12.2264928170111,2.09490932453917
2024-06-23 23:00:00,-12.7842151760232,2.06746614786333
2024-06-24 00:00:00,-11.4562816780168,2.08194085970586
2024-06-24 01:00:00,-11.8653355159746,2.05889298291246
2024-06-24 02:00:00,-11.8908503490446,2.03891919541314
2024-06-24 03:00:00,-12.0692644201668,2.01296525244962
2024-06-24 04:00:00,-12.1250812972912,1.98466879651508
2024-06-24 05:00:00,-11.9412757103315,1.96413965829157
2024-06-24 06:00:00,-11.9267482155967,1.95344885655928
2024-06-24 07:00:00,-12.1628630767961,1.92835725030279
2024-06-24 08:00:00,-11.8394981278142,1.91424249246648
2024-06-24 09:00:00,-11.4101367306406,1.94550213689052
2024-06-24 10:00:00,-10.8093597150807,2.04868978190653
2024-06-24 11:00:00,-11.6222614517461,2.02074611265704
2024-06-24 12:00:00,-11.3408289557495,2.01626027808138
2024-06-24 13:00:00,-11.3726704093067,1.98778753224992
2024-06-24 14:00:00,-11.189246838594,1.98861355145658
2024-06-24 15:00:00,-10.8992394892461,1.98983187723706
2024-06-24 16:00:00,-11.2383310120536,1.96354978395985
2024-06-24 17:00:00,-11.196326188564,1.98061010715532
2024-06-24 18:00:00,-11.2371046815215,1.98300601803242
2024-06-24 19:00:00,-11.189083791704,1.97850907023824
2024-06-24 20:00:00,-11.0105787445421,1.99437111428944
2024-06-24 21:00:00,-11.0968723312925,1.98905749677927
2024-06-24 22:00:00,-11.4848746335538,1.96202497677415
2024-06-24 23:00:00,-11.9512658363722,1.93542278037631
2024-06-25 00:00:00,-9.3160700755396,1.92909557358444
2024-06-25 01:00:00,-10.1117672753824,1.91025574672632
2024-06-25 02:00:00,-10.516916796226,1.90891739274119
2024-06-25 03:00:00,-10.3730092553208,1.88444599567937
2024-06-25 04:00:00,-9.68214269830114,1.8683311433041
2024-06-25 05:00:00,-10.2846885080617,1.86593033222327
2024-06-25 06:00:00,-10.6118112653418,1.85793863257753
2024-06-25 07:00:00,-10.7920972695585,1.85664853518425
2024-06-25 08:00:00,-10.2063240191624,1.83089238454436
2024-06-25 09:00:00,-10.6548535803953,1.84996306154245
2024-06-25 10:00:00,-9.63816010196472,1.84773633851807
2024-06-25 11:00:00,-10.4280022794577,1.90178584126389
2024-06-25 12:00:00,-9.9579590800512,1.87621057935206
2024-06-25 13:00:00,-9.73474549248188,1.86699896173593
2024-06-25 14:00:00,-9.79692506039253,1.84534149204291
2024-06-25 15:00:00,-9.21753513782107,1.82356300226041
2024-06-25 16:00:00,-9.40409169336699,1.80062469830615
2024-06-25 17:00:00,-10.034129311582,1.7915153847543
2024-06-25 18:00:00,-10.0666052020642,1.77343350429385
2024-06-25 19:00:00,-9.6039291834436,1.75039481859398
2024-06-25 20:00:00,-9.97519643279502,1.74647991395193
2024-06-25 21:00:00,-10.2923389204531,1.76835934044742
2024-06-25 22:00:00,-10.4024777914438,1.78881804189616
2024-06-25 23:00:00,-10.517015976166,1.79970365302208
2024-06-26 00:00:00,-10.7243341088373,1.7862264138322
2024-06-26 01:00:00,-10.9301834486904,1.77671681131702
2024-06-26 02:00:00,-10.691891979494,1.75398872771571
2024-06-26 03:00:00,-10.533530992586,1.72987890575205
2024-06-26 04:00:00,-10.9347009713742,1.75667002078287
2024-06-26 05:00:00,-10.6016569733462,1.73366447758945
2024-06-26 06:00:00,-11.2310294005206,1.7611296051347
2024-06-26 07:00:00,-11.2801643881948,1.76547480677652
2024-06-26 08:00:00,-10.4505468673471,1.74329717442625
2024-06-26 09:00:00,-10.7940731058425,1.74139998993231
2024-06-26 10:00:00,-10.5994062655889,1.72325742317142
2024-06-26 11:00:00,-10.6138610398107,1.72277462765553
2024-06-26 12:00:00,-10.5758129578929,1.71852172060105
2024-06-26 13:00:00,-9.95437854143342,1.69765628255698
2024-06-26 14:00:00,-10.3963197414542,1.70100079704037
2024-06-26 15:00:00,-9.90706358513472,1.67821869479638
2024-06-26 16:00:00,-9.89523411128473,1.65825191219545
2024-06-26 17:00:00,-10.3337577450132,1.64365054346305
2024-06-26 18:00:00,-10.1117640781515,1.62177202447426
2024-06-26 19:00:00,-10.5040112523437,1.63299995190853
2024-06-26 20:00:00,-10.1492904086975,1.61114437216163
2024-06-26 21:00:00,-10.315495840905,1.60394836202836
2024-06-26 22:00:00,-10.5339006388468,1.61208760736593
2024-06-26 23:00:00,-10.8937659779821,1.63879995436789
2024-06-27 00:00:00,-11.5087895329099,1.63185142793152
2024-06-27 01:00:00,-11.1863465014285,1.61179205213887
2024-06-27 02:00:00,-11.3928760371634,1.59768082622823
2024-06-27 03:00:00,-11.0164110635881,1.58270175926197
2024-06-27 04:00:00,-11.0408255501915,1.56318015572438
2024-06-27 05:00:00,-11.6911867434496,1.59456920307161
2024-06-27 06:00:00,-11.3780627405162,1.57334376525938
2024-06-27 07:00:00,-11.3583169906834,1.552512408499
2024-06-27 08:00:00,-11.3195779647598,1.537723202951
2024-06-27 09:00:00,-11.5214259989346,1.53441605940589
2024-06-27 10:00:00,-11.0847867247468,1.51405912603537
2024-06-27 11:00:00,-10.7579518613001,1.49434704140481
2024-06-27 12:00:00,-11.0164565835597,1.48645749281226
2024-06-27 13:00:00,-10.2031427175938,1.47303431370077
2024-06-27 14:00:00,-10.4080785278323,1.45430298005068
2024-06-27 15:00:00,-10.3928181096612,1.43570298731803
2024-06-27 16:00:00,-10.6272113832937,1.42375218837438
2024-06-27 17:00:00,-10.9707342363018,1.40842296877472
2024-06-27 18:00:00,-10.8629454296743,1.39013882137533
2024-06-27 19:00:00,-10.8487435481791,1.37448876941337
2024-06-27 20:00:00,-11.000239736234,1.36687007933116
2024-06-27 21:00:00,-11.1727285224832,1.37155947113504
2024-06-27 22:00:00,-11.5881402971582,1.42540783626246
2024-06-27 23:00:00,-11.4455883210126,1.42155862131303
2024-06-28 00:00:00,-11.5508359964551,1.42131363655582
2024-06-28 01:00:00,-11.5670106813984,1.40695749327722
2024-06-28 02:00:00,-10.6832056920635,1.43443347600675
2024-06-28 03:00:00,-10.9878179154589,1.41623044630509
2024-06-28 04:00:00,-11.4012652710209,1.42081548059418
2024-06-28 05:00:00,-11.3445380735915,1.405164452306
2024-06-28 06:00:00,-11.5264612267362,1.39070726597483
2024-06-28 07:00:00,-11.4957017839958,1.37357467765043
2024-06-28 08:00:00,-11.1025227536188,1.35667360878387
2024-06-28 09:00:00,-11.4339820205242,1.3516266724571
2024-06-28 10:00:00,-11.4010223125911,1.34332280821127
2024-06-28 11:00:00,-11.1945411459666,1.33209097174665
2024-06-28 12:00:00,-11.0578577323451,1.31828201641942
2024-06-28 13:00:00,-10.2380048797133,1.30908492060202
2024-06-28 14:00:00,-10.5238023911106,1.2925031411424
2024-06-28 15:00:00,-10.4189727996869,1.27617206777149
2024-06-28 16:00:00,-10.6868186929619,1.26720712554904
2024-06-28 17:00:00,-11.2022803599192,1.26407285739152
2024-06-28 18:00:00,-11.0444725565304,1.24853221954651
2024-06-28 19:00:00,-11.3241648515031,1.2629381858925
2024-06-28 20:00:00,-10.3895214135187,1.2787936245584
2024-06-28 21:00:00,-11.1443515194578,1.30092185737651
2024-06-28 22:00:00,-11.0035799738619,1.28765741559005
2024-06-28 23:00:00,-11.6539836528244,1.33144331982582
2024-06-29 00:00:00,-11.9216187919243,1.4059157154695
2024-06-29 01:00:00,-11.0409475078147,1.40205186736026
2024-06-29 02:00:00,-11.2550498791016,1.39022275632558
2024-06-29 03:00:00,-11.3060062095748,1.37540851779341
2024-06-29 04:00:00,-11.4817918120245,1.38994706728084
2024-06-29 05:00:00,-11.552530760493,1.39519088098856
2024-06-29 06:00:00,-12.149789453589,1.45934756501384
2024-06-29 07:00:00,-11.6348244783742,1.44192387367592
2024-06-29 08:00:00,-11.174100898256,1.42338226811138
2024-06-29 09:00:00,-12.0471533863306,1.52664200787506
2024-06-29 10:00:00,-11.9573986075675,1.56897671944443
2024-06-29 11:00:00,-11.3757823906051,1.5604296929555
2024-06-29 12:00:00,-11.010784869386,1.54284095927513
2024-06-29 13:00:00,-10.8639520798148,1.55084361548152
2024-06-29 14:00:00,-11.42415049886,1.60042938801338
2024-06-29 15:00:00,-11.1663843863253,1.61424938412984
2024-06-29 16:00:00,-11.1906608810908,1.63489323366433
2024-06-29 17:00:00,-11.4725031520837,1.64655925947693
2024-06-29 18:00:00,-11.5509317671336,1.66268298310577
2024-06-29 19:00:00,-11.4739856794523,1.68120882460798
2024-06-29 20:00:00,-11.10286309892,1.66549476943087
2024-06-29 21:00:00,-11.4033568464329,1.69951558522517
2024-06-29 22:00:00,-11.1409095363798,1.68861023356956
2024-06-29 23:00:00,-11.3842149449408,1.69625270992991
2024-06-30 00:00:00,-13.121691529332,1.74449840019411
2024-06-30 01:00:00,-12.5250652262923,1.72348847332148
2024-06-30 02:00:00,-12.5070246317368,1.70100230967358
2024-06-30 03:00:00,-12.4229862062762,1.67786402679466
2024-06-30 04:00:00,-12.5498016877773,1.66794791754605
2024-06-30 05:00:00,-12.8641346150968,1.67586826340542
2024-06-30 06:00:00,-12.7758625359256,1.65536071140265
2024-06-30 07:00:00,-12.6571102452826,1.63321140917894
2024-06-30 08:00:00,-11.2946107716796,1.74027330656809
2024-06-30 09:00:00,-11.8606756410524,1.71712047877555
2024-06-30 10:00:00,-12.1874848579505,1.69630584412144
2024-06-30 11:00:00,-12.2891819232729,1.68249980973251
2024-06-30 12:00:00,-12.1865310307609,1.6622442864521
2024-06-30 13:00:00,-11.3047939952917,1.65337632297244
2024-06-30 14:00:00,-11.9400755234051,1.63914086200906
2024-06-30 15:00:00,-11.7771043750835,1.61831973048795
2024-06-30 16:00:00,-12.1422136561922,1.62192331590684
2024-06-30 17:00:00,-12.566763875528,1.62135464671286
2024-06-30 18:00:00,-11.9721973735652,1.60707080405147
2024-06-30 19:00:00,-11.7826541032623,1.58704275067232
2024-06-30 20:00:00,-11.8763932414085,1.56591529092038
2024-06-30 21:00:00,-11.4622318991019,1.56209531668392
2024-06-30 22:00:00,-12.1960746695577,1.56813645213662
2024-06-30 23:00:00,-11.0585567577359,1.67484994518784
2024-07-01 00:00:00,-10.8158047376662,1.65670138590962
2024-07-01 01:00:00,-11.5377741276181,1.65262699045364
2024-07-01 02:00:00,-10.6655998416243,1.67912033653108
2024-07-01 03:00:00,-11.1765297722532,1.65776635422684
2024-07-01 04:00:00,-11.5611279558198,1.66741295166041
2024-07-01 05:00:00,-11.62057548054,1.66008278771113
2024-07-01 06:00:00,-11.897477744525,1.66023242287099
2024-07-01 07:00:00,-11.7255444619141,1.64122237049952
2024-07-01 08:00:00,-11.4481454364589,1.62233831598025
2024-07-01 09:00:00,-11.0898312289294,1.60302846934774
2024-07-01 10:00:00,-11.2190547227662,1.58617828392887
2024-07-01 11:00:00,-11.3083426116175,1.58243250963711
2024-07-01 12:00:00,-11.1486008126452,1.56602246238578
2024-07-01 13:00:00,-11.0686500457844,1.57747626173738
2024-07-01 14:00:00,-10.8036380418893,1.55648863229878
2024-07-01 15:00:00,-10.5712168342374,1.53595519680172
2024-07-01 16:00:00,-10.7183201225352,1.52076872743394
2024-07-01 17:00:00,-11.0980924177785,1.50538292947568
2024-07-01 18:00:00,-10.785903770395,1.48939291111834
2024-07-01 19:00:00,-10.5869625506101,1.47242720496876
2024-07-01 20:00:00,-10.9713315658284,1.46328835036477
2024-07-01 21:00:00,-11.31105479415,1.47630772039674
2024-07-01 22:00:00,-11.2284727774023,1.46874213422965
2024-07-01 23:00:00,-10.8574841410706,1.45264463853925
2024-07-02 00:00:00,-11.5216548761751,1.47523819291426
2024-07-02 01:00:00,-11.480604515555,1.45728243974528
2024-07-02 02:00:00,-11.7773078564326,1.46631923179921
2024-07-02 03:00:00,-11.4815234624355,1.44734138373226
2024-07-02 04:00:00,-11.4561112321438,1.4410236465998
2024-07-02 05:00:00,-11.4507067660902,1.42903147843599
2024-07-02 06:00:00,-12.0832716780531,1.46703320576284
2024-07-02 07:00:00,-11.710947152079,1.44913373729817
2024-07-02 08:00:00,-11.319266044025,1.43056060978188
2024-07-02 09:00:00,-11.1260510590559,1.4122633821136
2024-07-02 10:00:00,-11.4143433969546,1.4121962845509
2024-07-02 11:00:00,-11.1234722896971,1.3964674577878
2024-07-02 12:00:00,-11.3071648388518,1.40065420223994
2024-07-02 13:00:00,-10.807468600218,1.38844598129506
2024-07-02 14:00:00,-10.5842888934472,1.37317718262568
2024-07-02 15:00:00,-10.1881568246295,1.36260658001926
2024-07-02 16:00:00,-10.5597400926975,1.34967741160746
2024-07-02 17:00:00,-11.2794855788344,1.35604060233843
2024-07-02 18:00:00,-11.3242298727138,1.34934393846092
2024-07-02 19:00:00,-11.1410955269467,1.33814144424054
2024-07-02 20:00:00,-10.9380218381617,1.32190896672999
2024-07-02 21:00:00,-11.1644406708887,1.32412574678791
2024-07-02 22:00:00,-11.1418488435943,1.31746573889356
2024-07-02 23:00:00,-11.5333392624709,1.3359040153689
2024-07-03 00:00:00,-11.8059851665565,1.33208541802681
2024-07-03 01:00:00,-11.8279097030731,1.31805879581164
2024-07-03 02:00:00,-11.0766118663429,1.33347112898259
2024-07-03 03:00:00,-11.3357123448482,1.31682020446159
2024-07-03 04:00:00,-10.7234448623798,1.33544123048879
2024-07-03 05:00:00,-11.4915068195121,1.33131647965759
2024-07-03 06:00:00,-11.6761788374615,1.31502718111748
2024-07-03 07:00:00,-11.8552118127182,1.30256576205766
2024-07-03 08:00:00,-11.5604835925659,1.28634057600333
2024-07-03 09:00:00,-11.135947626979,1.28272296432736
2024-07-03 10:00:00,-11.8265258861187,1.30886102583087
2024-07-03 11:00:00,-10.5388100862164,1.36199768674919
2024-07-03 12:00:00,-10.9647298935902,1.34556300247892
2024-07-03 13:00:00,-10.757814316311,1.32934637328266
2024-07-03 14:00:00,-10.7758615236314,1.31482580420758
2024-07-03 15:00:00,-10.8074443410312,1.29935821010125
2024-07-03 16:00:00,-10.673038924545,1.28410497862049
2024-07-03 17:00:00,-11.0513656434943,1.2679425980011
2024-07-03 18:00:00,-11.4601820124572,1.26365916062341
2024-07-03 19:00:00,-11.2089963676353,1.24809343335253
2024-07-03 20:00:00,-10.9260793029531,1.23510515937922
2024-07-03 21:00:00,-10.837832197587,1.22134332835852
2024-07-03 22:00:00,-10.7834877435072,1.20881715478743
2024-07-03 23:00:00,-11.5315508672268,1.21962008746355
2024-07-04 00:00:00,-10.8923810766535,1.21313228318284
2024-07-04 01:00:00,-11.3479782360681,1.22491236795843
2024-07-04 02:00:00,-9.99604818183825,1.3153748117393
2024-07-04 03:00:00,-10.6901496911882,1.30146720644539
2024-07-04 04:00:00,-11.0151545331717,1.30807990482593
2024-07-04 05:00:00,-10.5884597260231,1.29529854126938
2024-07-04 06:00:00,-11.0735662915115,1.287492050695
2024-07-04 07:00:00,-10.8043073127103,1.27438635023567
2024-07-04 08:00:00,-10.4879332851514,1.26191073876774
2024-07-04 09:00:00,-10.2780919826962,1.25887714845458
2024-07-04 10:00:00,-10.1093252974665,1.2556990948415
2024-07-04 11:00:00,-10.3516144646673,1.24145767765197
2024-07-04 12:00:00,-10.5431136538928,1.23187914290144
2024-07-04 13:00:00,-9.88463849525725,1.21908934343882
2024-07-04 14:00:00,-9.93837537090227,1.20841032409556
2024-07-04 15:00:00,-9.82624698271433,1.19471256917903
2024-07-04 16:00:00,-9.82886673335376,1.18173801570195
2024-07-04 17:00:00,-10.4600618559154,1.17060653835848
2024-07-04 18:00:00,-10.6675059719546,1.16166285034354
2024-07-04 19:00:00,-10.3548344921584,1.14777285750116
2024-07-04 20:00:00,-10.2830522420091,1.1338966334388
2024-07-04 21:00:00,-10.7394129935113,1.14815960931104
2024-07-04 22:00:00,-10.3693462151068,1.13447877248408
2024-07-04 23:00:00,-10.6103184952119,1.12455214100728
2024-07-05 00:00:00,-9.25349082377358,1.13897936930984
2024-07-05 01:00:00,-9.70140815332804,1.12577738491386
2024-07-05 02:00:00,-9.60606001464287,1.11932135509466
2024-07-05 03:00:00,-9.53694995407169,1.11848414683261
2024-07-05 04:00:00,-9.55523773499637,1.10588324700506
2024-07-05 05:00:00,-8.98124544115367,1.15835548044331
2024-07-05 06:00:00,-9.85397804409243,1.14649644888741
2024-07-05 07:00:00,-9.90845085080068,1.13398325426163
2024-07-05 08:00:00,-9.73013427332179,1.12130152945547
2024-07-05 09:00:00,-9.79377407020832,1.10791688429097
2024-07-05 10:00:00,-9.86596245484896,1.0965309337758
2024-07-05 11:00:00,-9.22645074677291,1.10156557212225
2024-07-05 12:00:00,-9.65883889390066,1.09634858416366
2024-07-05 13:00:00,-9.04406635676269,1.08596333320277
2024-07-05 14:00:00,-9.28269137079346,1.07320927462312
2024-07-05 15:00:00,-9.56997933236898,1.07900813692158
2024-07-05 16:00:00,-9.42456283048971,1.06732014531505
2024-07-05 17:00:00,-9.77910850941806,1.05777870293279
2024-07-05 18:00:00,-9.93617475825998,1.05266545124914
2024-07-05 19:00:00,-9.62870222465068,1.04039358297673
2024-07-05 20:00:00,-9.77689794487506,1.03636752067996
2024-07-05 21:00:00,-10.1738844522243,1.0706702453639
2024-07-05 22:00:00,-9.85163641848923,1.06126553337468
2024-07-05 23:00:00,-10.0819163439144,1.06402406512195
2024-07-06 00:00:00,-9.59723300939318,1.07761070080883
2024-07-06 01:00:00,-9.46416086108244,1.06517621072009
2024-07-06 02:00:00,-9.82068229147351,1.08411976119242
2024-07-06 03:00:00,-10.0523970022422,1.11077967545604
2024-07-06 04:00:00,-9.8081129205122,1.12253639091549
2024-07-06 05:00:00,-10.1348905389178,1.18036854146734
2024-07-06 06:00:00,-10.1056461654923,1.19106879257062
2024-07-06 07:00:00,-10.3734231278991,1.24020043585689
2024-07-06 08:00:00,-10.0333802691569,1.25649940534027
2024-07-06 09:00:00,-10.1952924619157,1.3051987790344
2024-07-06 10:00:00,-9.8164975759255,1.30822132448528
2024-07-06 11:00:00,-9.89597379014373,1.35904129927559
2024-07-06 12:00:00,-10.2812198692927,1.48821907947011
2024-07-06 13:00:00,-9.34668796192306,1.48804534822812
2024-07-06 14:00:00,-9.34235214590583,1.48684676000521
2024-07-06 15:00:00,-9.25595344977691,1.50066939063067
2024-07-06 16:00:00,-9.19311207374179,1.50366941099525
2024-07-06 17:00:00,-9.42617083069266,1.49880449455979
2024-07-06 18:00:00,-9.59449373464371,1.50826544749275
2024-07-06 19:00:00,-10.04073098436,1.6073839007337
2024-07-06 20:00:00,-10.0909295653557,1.68129304980705
2024-07-06 21:00:00,-9.49521027826188,1.67021194655967
2024-07-06 22:00:00,-9.63172254580961,1.69669382386695
2024-07-06 23:00:00,-9.90957804638088,1.73661792743469
2024-07-07 00:00:00,-11.5938742509728,1.73295540839355
2024-07-07 01:00:00,-11.4789578254623,1.71191073781581
2024-07-07 02:00:00,-11.1367721174341,1.68922944597201
2024-07-07 03:00:00,-11.2156978726811,1.66679821011734
2024-07-07 04:00:00,-10.9963564764669,1.64425883080102
2024-07-07 05:00:00,-11.0784515542287,1.62307494127769
2024-07-07 06:00:00,-11.1797973097628,1.60117835157571
2024-07-07 07:00:00,-11.5078716704478,1.58895380003486
2024-07-07 08:00:00,-10.652840505928,1.59318621052455
2024-07-07 09:00:00,-11.2256328385759,1.58513658410617
2024-07-07 10:00:00,-11.0015421009225,1.56391051898848
2024-07-07 11:00:00,-10.6041677358924,1.54593824768308
2024-07-07 12:00:00,-10.9930375189916,1.54121951320762
2024-07-07 13:00:00,-10.3810258228718,1.52076268769296
2024-07-07 14:00:00,-10.5393934115214,1.50061521375282
2024-07-07 15:00:00,-10.5258070018126,1.48419663283894
2024-07-07 16:00:00,-10.9663675548114,1.50048923246069
2024-07-07 17:00:00,-10.833230674722,1.48115486741404
2024-07-07 18:00:00,-10.7281553107537,1.46222235766459
2024-07-07 19:00:00,-10.7439753227608,1.44429591148611
2024-07-07 20:00:00,-11.1841960031699,1.45868544780354
2024-07-07 21:00:00,-10.8896015762996,1.44105294162888
2024-07-07 22:00:00,-10.1336383601264,1.45703961432104
2024-07-07 23:00:00,-10.8385822531348,1.44642516812215
2024-07-08 00:00:00,-10.243971201885,1.43678107554232
2024-07-08 01:00:00,-10.2209933446644,1.4390084731056
2024-07-08 02:00:00,-10.0926423378005,1.44640001851452
2024-07-08 03:00:00,-10.3496210379481,1.4331364509027
2024-07-08 04:00:00,-10.1556055417365,1.42475983210929
2024-07-08 05:00:00,-10.4571357366478,1.40625058392507
2024-07-08 06:00:00,-10.8011735324566,1.38819957792076
2024-07-08 07:00:00,-10.4232531563168,1.39427982218406
2024-07-08 08:00:00,-10.685535662807,1.37881252004448
2024-07-08 09:00:00,-9.97931318592722,1.41812001880575
2024-07-08 10:00:00,-10.3704620135257,1.39977386110913
2024-07-08 11:00:00,-10.2179555353551,1.38314074610718
2024-07-08 12:00:00,-10.6022156723266,1.3776480352592
2024-07-08 13:00:00,-9.84391616690727,1.36509581269488
2024-07-08 14:00:00,-9.97843532637373,1.34997490361593
2024-07-08 15:00:00,-9.05856016960595,1.42371644415483
2024-07-08 16:00:00,-9.8362594770441,1.40762878388823
2024-07-08 17:00:00,-10.2506903000291,1.38959683252119
2024-07-08 18:00:00,-10.3837072995239,1.37162765112994
2024-07-08 19:00:00,-10.3062452489344,1.3539612431277
2024-07-08 20:00:00,-10.4009718788006,1.33821398117304
2024-07-08 21:00:00,-10.3673426227384,1.32176717054951
2024-07-08 22:00:00,-10.0056379790947,1.31420060316729
2024-07-08 23:00:00,-10.7256156904125,1.31754908084744
2024-07-09 00:00:00,-9.53558664040399,1.31496376589987
2024-07-09 01:00:00,-9.87860136993366,1.31708634592437
2024-07-09 02:00:00,-9.40130614080839,1.30202471988599
2024-07-09 03:00:00,-9.56734297118575,1.28859909315717
2024-07-09 04:00:00,-9.8020261688633,1.30668037460371
2024-07-09 05:00:00,-9.76278606063841,1.30306374542695
2024-07-09 06:00:00,-9.93722941081102,1.30032165649561
2024-07-09 07:00:00,-9.98064005702162,1.29622921113469
2024-07-09 08:00:00,-9.67029234055623,1.28519440482172
2024-07-09 09:00:00,-9.49332408182691,1.2698978151779
2024-07-09 10:00:00,-10.0385006778439,1.32677844331304
2024-07-09 11:00:00,-9.7864788192167,1.33844621996185
2024-07-09 12:00:00,-9.85633145143867,1.37145469202866
2024-07-09 13:00:00,-9.19078837410333,1.36560318596687
2024-07-09 14:00:00,-9.33428175355883,1.3633567102459
2024-07-09 15:00:00,-8.48433863547136,1.3570441345244
2024-07-09 16:00:00,-9.39213071958656,1.41883245654223
2024-07-09 17:00:00,-9.57434026379354,1.41531186294616
2024-07-09 18:00:00,-9.64376843649755,1.41737798930657
2024-07-09 19:00:00,-9.30818767485747,1.40290095403578
2024-07-09 20:00:00,-9.57383078120214,1.42137527581636
2024-07-09 21:00:00,-9.49158397849345,1.42257072409705
2024-07-09 22:00:00,-9.864573538701,1.47904814634225
2024-07-09 23:00:00,-9.68875181638373,1.47431780983066
2024-07-10 00:00:00,-11.2041737962308,1.56121170604383
2024-07-10 01:00:00,-10.4007806997777,1.54800288879869
2024-07-10 02:00:00,-10.2862115733347,1.52743810843433
2024-07-10 03:00:00,-10.7974444895795,1.5336472997115
2024-07-10 04:00:00,-10.506980315827,1.51871918080333
2024-07-10 05:00:00,-9.78265224649851,1.52714913916123
2024-07-10 06:00:00,-10.4684175853325,1.5146532034386
2024-07-10 07:00:00,-10.5944551187989,1.49712806399963
2024-07-10 08:00:00,-10.7823884043108,1.50699442827091
2024-07-10 09:00:00,-10.4234156541649,1.48713021744454
2024-07-10 10:00:00,-10.5148308258544,1.48093616027073
2024-07-10 11:00:00,-10.0761019204223,1.46144855754818
2024-07-10 12:00:00,-10.3638389634518,1.46636664943361
2024-07-10 13:00:00,-9.3588820087022,1.45725295388236
2024-07-10 14:00:00,-10.0321362660966,1.45610522462567
2024-07-10 15:00:00,-9.94735754339626,1.44752335206495
2024-07-10 16:00:00,-9.89255038173794,1.43395703519097
2024-07-10 17:00:00,-10.3534277055343,1.42994822710685
2024-07-10 18:00:00,-10.3126712363458,1.41649961126978
2024-07-10 19:00:00,-10.2363504905928,1.40671765690285
2024-07-10 20:00:00,-10.3452785406519,1.40749578163189
2024-07-10 21:00:00,-10.2441375430508,1.39897136036984
2024-07-10 22:00:00,-10.6283722033517,1.43761229451096
2024-07-10 23:00:00,-10.4139589379524,1.42393203073502
2024-07-11 00:00:00,-10.9483127650692,1.42966927079437
2024-07-11 01:00:00,-10.7985337214344,1.41107814538032
2024-07-11 02:00:00,-10.1588547588409,1.42117624270961
2024-07-11 03:00:00,-10.6994020209166,1.40816212875621
2024-07-11 04:00:00,-10.1239165278454,1.40311693204621
2024-07-11 05:00:00,-10.8920832110027,1.41821099528304
2024-07-11 06:00:00,-10.836878630615,1.3999451838286
2024-07-11 07:00:00,-11.1220755426291,1.39537550501958
2024-07-11 08:00:00,-10.6809213572666,1.37734253353136
2024-07-11 09:00:00,-10.8760366594936,1.37050612166931
2024-07-11 10:00:00,-10.6734645998008,1.35503084102317
2024-07-11 11:00:00,-10.4686059212603,1.34006015626942
2024-07-11 12:00:00,-10.4524098418095,1.32771648358006
2024-07-11 13:00:00,-9.25490135202759,1.35774862988723
2024-07-11 14:00:00,-9.84833925893199,1.34049651581874
2024-07-11 15:00:00,-9.46178780389059,1.33574498485643
2024-07-11 16:00:00,-9.84785336818122,1.32067213520375
2024-07-11 17:00:00,-10.2918969037444,1.30511145208297
2024-07-11 18:00:00,-10.641168941904,1.30312621109965
2024-07-11 19:00:00,-10.3527759693605,1.28718429049373
2024-07-11 20:00:00,-10.2317613779262,1.27118178523791
2024-07-11 21:00:00,-10.1054703842722,1.25523739045589
2024-07-11 22:00:00,-10.4537031935352,1.25511365068845
2024-07-11 23:00:00,-10.3672188610158,1.23944259586852
2024-07-12 00:00:00,-10.232656198351,1.24009038308831
2024-07-12 01:00:00,-10.2878802931046,1.22555290503804
2024-07-12 02:00:00,-9.93452548830244,1.215583279122
2024-07-12 03:00:00,-10.1480246104693,1.20120921568209
2024-07-12 04:00:00,-10.1353049637303,1.19077954004532
2024-07-12 05:00:00,-10.3287265159458,1.18667132743991
2024-07-12 06:00:00,-11.0262460438628,1.23797898481874
2024-07-12 07:00:00,-10.6887126926806,1.22615973760577
2024-07-12 08:00:00,-10.3989244898616,1.21633660645801
2024-07-12 09:00:00,-10.3854477215741,1.20827446580367
2024-07-12 10:00:00,-10.264738926209,1.19942207746581
2024-07-12 11:00:00,-10.2768437876518,1.20555831783647
2024-07-12 12:00:00,-10.3002148015179,1.21401892244764
2024-07-12 13:00:00,-9.60825812478275,1.20016499117655
2024-07-12 14:00:00,-9.59133177816843,1.18539352219038
2024-07-12 15:00:00,-9.90722600136794,1.20432907567003
2024-07-12 16:00:00,-9.60133956911496,1.18995004766202
2024-07-12 17:00:00,-10.1562465849627,1.19246759206695
2024-07-12 18:00:00,-10.3145405089338,1.19696198619008
2024-07-12 19:00:00,-9.79332242611765,1.18247162255821
2024-07-12 20:00:00,-9.80253479973692,1.17028185950608
2024-07-12 21:00:00,-9.83794743586721,1.16045086139945
2024-07-12 22:00:00,-10.6262447128068,1.25363482741442
2024-07-12 23:00:00,-10.4242591875527,1.25181498623714
2024-07-13 00:00:00,-11.5139408445941,1.33603049622567
2024-07-13 01:00:00,-11.2478927286307,1.32676730824586
2024-07-13 02:00:00,-11.2831512315039,1.33399711872788
2024-07-13 03:00:00,-11.4047322389165,1.3482367852996
2024-07-13 04:00:00,-11.1864730623161,1.35594396282341
2024-07-13 05:00:00,-11.6784972461005,1.44093433990716
2024-07-13 06:00:00,-11.0457182366287,1.4222657218725
2024-07-13 07:00:00,-11.2809595625283,1.42348529032311
2024-07-13 08:00:00,-11.1209100036921,1.42214658502928
2024-07-13 09:00:00,-11.3041355121297,1.44088121836421
2024-07-13 10:00:00,-10.3748314196126,1.43425734919799
2024-07-13 11:00:00,-10.4474136960715,1.42060804088696
2024-07-13 12:00:00,-10.8238216338701,1.43909534590649
2024-07-13 13:00:00,-9.97956405340742,1.42066930511545
2024-07-13 14:00:00,-10.7493946623819,1.45479592212567
2024-07-13 15:00:00,-10.5140204350687,1.45406611575234
2024-07-13 16:00:00,-10.5118459584665,1.45509746641865
2024-07-13 17:00:00,-10.6152527552038,1.43987241620809
2024-07-13 18:00:00,-11.1286859750527,1.48008639743053
2024-07-13 19:00:00,-10.8067934897917,1.47395871702423
2024-07-13 20:00:00,-11.2533119597384,1.54700826118131
2024-07-13 21:00:00,-11.3074136377743,1.6037363164544
2024-07-13 22:00:00,-10.9252845116526,1.60150184422849
2024-07-13 23:00:00,-10.0121353118308,1.61083960374448
2024-07-14 00:00:00,-10.5490987937272,1.59448383261963
2024-07-14 01:00:00,-11.1061895590725,1.57469431519129
2024-07-14 02:00:00,-11.0435532121185,1.55408890554079
2024-07-14 03:00:00,-11.3141086686609,1.53713623497035
2024-07-14 04:00:00,-11.0898960025077,1.51722530289911
2024-07-14 05:00:00,-10.5834366512577,1.52062250129474
2024-07-14 06:00:00,-10.9211043391592,1.50202842356646
2024-07-14 07:00:00,-11.3087330741162,1.48487001489628
2024-07-14 08:00:00,-11.1832019532433,1.46663507394856
2024-07-14 09:00:00,-10.9322410620646,1.4501902636827
2024-07-14 10:00:00,-10.9853602873999,1.43198103982485
2024-07-14 11:00:00,-11.2699910937852,1.44117863370314
2024-07-14 12:00:00,-11.3210517139877,1.44566335912772
2024-07-14 13:00:00,-10.2906572885574,1.43384892394019
2024-07-14 14:00:00,-11.110514687033,1.45646410895685
2024-07-14 15:00:00,-10.3414143833485,1.44343612219545
2024-07-14 16:00:00,-10.4348061148345,1.42509934529699
2024-07-14 17:00:00,-11.1990865522459,1.43116970212474
2024-07-14 18:00:00,-11.3165303199244,1.42840783522409
2024-07-14 19:00:00,-11.0878190605456,1.41566733812927
2024-07-14 20:00:00,-11.6509266389135,1.48361449563019
2024-07-14 21:00:00,-10.6833190006522,1.47269028452909
2024-07-14 22:00:00,-10.0645353840987,1.49057552739187
2024-07-14 23:00:00,-10.7071173643007,1.47325941196102
2024-07-15 00:00:00,-10.4480174165512,1.45408989684908
2024-07-15 01:00:00,-10.6763398645734,1.43503442020452
2024-07-15 02:00:00,-10.4161915148566,1.42446124386944
2024-07-15 03:00:00,-10.123881924307,1.43653867955727
2024-07-15 04:00:00,-10.6472768227885,1.42913617045595
2024-07-15 05:00:00,-10.6535913555931,1.41078349813495
2024-07-15 06:00:00,-10.7114515754082,1.39306252448355
2024-07-15 07:00:00,-11.0005358809154,1.37944318523995
2024-07-15 08:00:00,-10.7598561734756,1.36219087598803
2024-07-15 09:00:00,-10.7875086406773,1.34642777074415
2024-07-15 10:00:00,-10.4550992355447,1.33084417676493
2024-07-15 11:00:00,-10.737395476255,1.33418450168096
2024-07-15 12:00:00,-10.4927838472666,1.31793760754711
2024-07-15 13:00:00,-10.2878427901775,1.31244612851493
2024-07-15 14:00:00,-10.1263829959601,1.29708683563173
2024-07-15 15:00:00,-10.2195504222991,1.28882533174707
2024-07-15 16:00:00,-10.2244441024608,1.27622748957838
2024-07-15 17:00:00,-10.5809111470536,1.26453595502265
2024-07-15 18:00:00,-10.2660854570714,1.25277283872967
2024-07-15 19:00:00,-10.6382781814069,1.25706247131518
2024-07-15 20:00:00,-9.87232171932969,1.26803910089057
2024-07-15 21:00:00,-10.4680107834535,1.27070078489989
2024-07-15 22:00:00,-10.5210754190558,1.26144520873297
2024-07-15 23:00:00,-10.1528657394518,1.25534338377095
2024-07-16 00:00:00,-10.0217287084756,1.24036275000078
2024-07-16 01:00:00,-10.4652705946895,1.23010984517323
2024-07-16 02:00:00,-10.557634360193,1.22055538849691
2024-07-16 03:00:00,-10.3853925349663,1.20552277337784
2024-07-16 04:00:00,-10.8567818622886,1.24850677706026
2024-07-16 05:00:00,-10.2571219794777,1.23532514432375
2024-07-16 06:00:00,-10.1477045482246,1.22581993568331
2024-07-16 07:00:00,-10.0981943395073,1.21718945663145
2024-07-16 08:00:00,-10.1671618562182,1.20255156307707
2024-07-16 09:00:00,-10.1183995851497,1.18826787838368
2024-07-16 10:00:00,-10.1500843257338,1.17442461074558
2024-07-16 11:00:00,-10.3106529403001,1.17607045293121
2024-07-16 12:00:00,-10.1595226592189,1.16506000018719
2024-07-16 13:00:00,-9.48279777193511,1.15211373238989
2024-07-16 14:00:00,-9.76045518509555,1.13886393859345
2024-07-16 15:00:00,-9.67434904465576,1.12680346934769
2024-07-16 16:00:00,-9.58581022381634,1.11326310978151
2024-07-16 17:00:00,-9.72494944719561,1.10318947357251
2024-07-16 18:00:00,-10.5356451675441,1.13882888817573
2024-07-16 19:00:00,-10.049467290218,1.12509436406496
2024-07-16 20:00:00,-9.84653022334401,1.11168510361305
2024-07-16 21:00:00,-10.2179956191795,1.12020347893573
2024-07-16 22:00:00,-10.1297197855195,1.11187451706582
2024-07-16 23:00:00,-10.0923126717046,1.09898160941291
2024-07-17 00:00:00,-9.82079685628854,1.0863692597819
2024-07-17 01:00:00,-10.2993747578266,1.07986209473098
2024-07-17 02:00:00,-10.0345910455638,1.06889405784332
2024-07-17 03:00:00,-10.1768059681458,1.05678372078447
2024-07-17 04:00:00,-10.219556678404,1.05231188957367
2024-07-17 05:00:00,-10.2807072169814,1.04547932386515
2024-07-17 06:00:00,-10.5815538136218,1.04510159040291
2024-07-17 07:00:00,-10.6564284089846,1.0426225094681
2024-07-17 08:00:00,-10.2367459880239,1.03088333663399
2024-07-17 09:00:00,-10.0231072017537,1.01949374136394
2024-07-17 10:00:00,-10.1826027899003,1.0158158449388
2024-07-17 11:00:00,-10.1156454963946,1.01352833630683
2024-07-17 12:00:00,-9.96276379527809,1.00485244410889
2024-07-17 13:00:00,-9.78809318643132,1.01079633081413
2024-07-17 14:00:00,-9.7848457666367,1.00080258402477
2024-07-17 15:00:00,-9.40784585187151,0.989526895692149
2024-07-17 16:00:00,-9.53552285877415,0.98133351351293
2024-07-17 17:00:00,-9.81223674433189,0.97060962123036
2024-07-17 18:00:00,-10.0594966843769,0.967683393574084
2024-07-17 19:00:00,-10.1456546446221,0.974184365223445
2024-07-17 20:00:00,-10.1985417015873,0.982467163470569
2024-07-17 21:00:00,-10.5934330097295,1.04677561918778
2024-07-17 22:00:00,-10.0327878528204,1.03581626314464
2024-07-17 23:00:00,-10.1586012061741,1.03269027116748
2024-07-18 00:00:00,-11.0416615082825,1.07568670719061
2024-07-18 01:00:00,-10.5809175177704,1.0657751620353
2024-07-18 02:00:00,-10.6223828791815,1.0548056061173
2024-07-18 03:00:00,-10.3707171451866,1.04694382122864
2024-07-18 04:00:00,-10.7975866833149,1.06615707792623
2024-07-18 05:00:00,-10.8940755951123,1.07037988348619
2024-07-18 06:00:00,-10.7224937703037,1.05779034972682
2024-07-18 07:00:00,-11.0347553870292,1.06107157812344
2024-07-18 08:00:00,-10.8314671590795,1.05712157225484
2024-07-18 09:00:00,-10.6602999353216,1.04624285691747
2024-07-18 10:00:00,-11.0312882394195,1.08173730832012
2024-07-18 11:00:00,-10.8015079881056,1.09010681152351
2024-07-18 12:00:00,-10.5455039641833,1.08473783476725
2024-07-18 13:00:00,-10.158280558837,1.08279991193664
2024-07-18 14:00:00,-10.0665090337564,1.07004973363456
2024-07-18 15:00:00,-9.8416446263953,1.05776261161589
2024-07-18 16:00:00,-9.76662584740421,1.04539134177395
2024-07-18 17:00:00,-10.426081785257,1.04652708129899
2024-07-18 18:00:00,-10.3945764524764,1.0364674186407
2024-07-18 19:00:00,-10.1731453032372,1.02472388673781
2024-07-18 20:00:00,-9.98781596031903,1.01336389381403
2024-07-18 21:00:00,-10.3153698480664,1.01598040863942
2024-07-18 22:00:00,-10.7830925235054,1.06056612531129
2024-07-18 23:00:00,-10.4530441996674,1.04859453677526
2024-07-19 00:00:00,-11.3408163877552,1.09408820658958
2024-07-19 01:00:00,-11.1758579485338,1.08312013445021
2024-07-19 02:00:00,-10.7110719025407,1.07518064783828
2024-07-19 03:00:00,-11.1697154900041,1.0780534182387
2024-07-19 04:00:00,-10.6759058424875,1.06607035477475
2024-07-19 05:00:00,-11.1008589907322,1.0743472243704
2024-07-19 06:00:00,-11.3409102332919,1.0750993596934
2024-07-19 07:00:00,-11.0386181839177,1.06266903537868
2024-07-19 08:00:00,-10.775008392007,1.05021694311348
2024-07-19 09:00:00,-10.57051506986,1.04099421988242
2024-07-19 10:00:00,-10.7312073127401,1.03216982845228
2024-07-19 11:00:00,-10.6372308607101,1.02324699386495
2024-07-19 12:00:00,-10.6910762036085,1.01882953582296
2024-07-19 13:00:00,-10.3743149125026,1.0154100556896
2024-07-19 14:00:00,-9.92281237608369,1.02244597589073
2024-07-19 15:00:00,-9.96123664471301,1.01068883577778
2024-07-19 16:00:00,-10.0713109041348,0.999409985911822
2024-07-19 17:00:00,-10.6994728282432,0.998623334079593
2024-07-19 18:00:00,-10.4890709006072,0.987788536211859
2024-07-19 19:00:00,-10.4131928361871,0.976894812214864
2024-07-19 20:00:00,-10.1735297778881,0.969022863285637
2024-07-19 21:00:00,-10.942859261063,1.01633511632843
2024-07-19 22:00:00,-10.3170933543184,1.00877057410298
2024-07-19 23:00:00,-10.9917920436819,1.03298785736576
2024-07-20 00:00:00,-10.9594848822546,1.04006260455852
2024-07-20 01:00:00,-10.6923525899985,1.02954671298101
2024-07-20 02:00:00,-10.746477733631,1.01880358039878
2024-07-20 03:00:00,-11.0772169034342,1.02255377291066
2024-07-20 04:00:00,-10.8953564101012,1.01951788741437
2024-07-20 05:00:00,-11.1337344005303,1.0350165657694
2024-07-20 06:00:00,-11.2393107377389,1.03572566239182
2024-07-20 07:00:00,-11.5057690507583,1.05998807771258
2024-07-20 08:00:00,-11.0776718322937,1.05503154234114
2024-07-20 09:00:00,-11.1527821113562,1.06308717493788
2024-07-20 10:00:00,-11.140366061039,1.07735271100833
2024-07-20 11:00:00,-10.9994318281393,1.09205526700326
2024-07-20 12:00:00,-11.439679248902,1.19017076675797
2024-07-20 13:00:00,-11.0635654235847,1.25019245726646
2024-07-20 14:00:00,-10.7848748793648,1.24689069292096
2024-07-20 15:00:00,-10.7780047583796,1.27847858423224
2024-07-20 16:00:00,-10.6305000243294,1.28410160911885
2024-07-20 17:00:00,-10.789492016791,1.27863177456455
2024-07-20 18:00:00,-10.2508889499664,1.26885947469923
2024-07-20 19:00:00,-10.470449845619,1.26292527304554
2024-07-20 20:00:00,-10.5036691582903,1.25426946506965
2024-07-20 21:00:00,-10.9753962470967,1.30058575732104
2024-07-20 22:00:00,-10.7045771570585,1.29392074802355
2024-07-20 23:00:00,-10.5598938967708,1.27861154971654
2024-07-21 00:00:00,-12.2416644850615,1.34528360305559
2024-07-21 01:00:00,-11.6899600020089,1.33153724764579
2024-07-21 02:00:00,-11.6519502880515,1.31482011450234
2024-07-21 03:00:00,-12.0291191439577,1.31591403424669
2024-07-21 04:00:00,-11.8106877363831,1.30636484582608
2024-07-21 05:00:00,-11.9877729649358,1.30930197472783
2024-07-21 06:00:00,-11.8503891618803,1.29282832883005
2024-07-21 07:00:00,-11.3525480783503,1.2965658691546
2024-07-21 08:00:00,-11.6855006384464,1.29059678090329
2024-07-21 09:00:00,-11.789867462272,1.28063327828525
2024-07-21 10:00:00,-11.8536324126348,1.27957964045616
2024-07-21 11:00:00,-11.4442766320144,1.26407636653569
2024-07-21 12:00:00,-11.795239425258,1.28564989682031
2024-07-21 13:00:00,-11.3723920292155,1.28579633966416
2024-07-21 14:00:00,-11.20797117531,1.26967667062304
2024-07-21 15:00:00,-10.7653504412848,1.25577667588245
2024-07-21 16:00:00,-10.6972016812212,1.24144354460366
2024-07-21 17:00:00,-10.935993966482,1.22995792973818
2024-07-21 18:00:00,-10.6392727121471,1.24472901976421
2024-07-21 19:00:00,-10.4165781757453,1.25890740651718
2024-07-21 20:00:00,-10.7930507141173,1.24351379905526
2024-07-21 21:00:00,-10.5761161366768,1.24469088465516
2024-07-21 22:00:00,-10.7861346629794,1.23041054903066
2024-07-21 23:00:00,-11.4739935293238,1.23070049376382
2024-07-22 00:00:00,-10.6198158047287,1.21657680933371
2024-07-22 01:00:00,-10.8280588359328,1.20250067885991
2024-07-22 02:00:00,-10.7807524853503,1.18790456033863
2024-07-22 03:00:00,-10.8668117657079,1.17448198172431
2024-07-22 04:00:00,-10.9027550490073,1.17129469189399
2024-07-22 05:00:00,-11.0563648104366,1.17210034806433
2024-07-22 06:00:00,-11.4499708403012,1.18960145323529
2024-07-22 07:00:00,-10.8169240319701,1.18193429021852
2024-07-22 08:00:00,-11.0448758141429,1.18725576585905
2024-07-22 09:00:00,-10.9615303647245,1.17713491118459
2024-07-22 10:00:00,-11.0213958994698,1.17975376123449
2024-07-22 11:00:00,-10.8628210070388,1.17925286470403
2024-07-22 12:00:00,-10.9195574247051,1.18962687221651
2024-07-22 13:00:00,-10.3240119927502,1.17959905922825
2024-07-22 14:00:00,-10.1383148456791,1.16656375499651
2024-07-22 15:00:00,-9.95268170937411,1.1523609243397
2024-07-22 16:00:00,-10.0401813374412,1.13918308370774
2024-07-22 17:00:00,-10.6212430211896,1.13549885657442
2024-07-22 18:00:00,-10.7848768269161,1.1331720830366
2024-07-22 19:00:00,-10.8273503585283,1.14023764511485
2024-07-22 20:00:00,-10.3476648852355,1.12709423709761
2024-07-22 21:00:00,-10.4135483989576,1.11730588358386
2024-07-22 22:00:00,-10.5038459913462,1.11055635940051
2024-07-22 23:00:00,-10.8156600818443,1.11360672892426
2024-07-23 00:00:00,-11.1049512355096,1.10504955372889
2024-07-23 01:00:00,-11.2251651742657,1.09350031911184
2024-07-23 02:00:00,-11.1972201939095,1.08218119042124
2024-07-23 03:00:00,-11.0732226019795,1.06958460562509
2024-07-23 04:00:00,-11.1230901371749,1.06460417579641
2024-07-23 05:00:00,-10.9309378506923,1.05232880899456
2024-07-23 06:00:00,-10.8928012915325,1.04434623557995
2024-07-23 07:00:00,-11.1656728051746,1.03316253163749
2024-07-23 08:00:00,-10.737167225355,1.02665612246578
2024-07-23 09:00:00,-10.8481680840453,1.01483016370051
2024-07-23 10:00:00,-11.0356756927627,1.00945991540679
2024-07-23 11:00:00,-10.893578494999,1.00121208304196
2024-07-23 12:00:00,-10.7374776096708,0.990306120175949
2024-07-23 13:00:00,-10.3797461901962,0.980554294564152
2024-07-23 14:00:00,-10.429038585104,0.969682708135689
2024-07-23 15:00:00,-10.0159608692299,0.965929866380166
2024-07-23 16:00:00,-10.0983042685512,0.955924430186422
2024-07-23 17:00:00,-10.4702810549642,0.94599276762134
2024-07-23 18:00:00,-10.7776091399418,0.938256315647786
2024-07-23 19:00:00,-10.5451159217466,0.928308497925346
2024-07-23 20:00:00,-10.6421388847137,0.919620486052765
2024-07-23 21:00:00,-10.6033872203331,0.910062965109896
2024-07-23 22:00:00,-10.9472821795132,0.919975484733147
2024-07-23 23:00:00,-11.1001226180985,0.920606632492772
2024-07-24 00:00:00,-10.9857194693463,0.930727728759612
2024-07-24 01:00:00,-11.0280344551511,0.92406806662213
2024-07-24 02:00:00,-10.8366111609992,0.91413393302046
2024-07-24 03:00:00,-10.8946497226337,0.905788156747496
2024-07-24 04:00:00,-10.858125574751,0.904167783701156
2024-07-24 05:00:00,-10.9366089980937,0.902606224533287
2024-07-24 06:00:00,-11.2398815632261,0.908282858234924
2024-07-24 07:00:00,-11.1552196920208,0.901973511964445
2024-07-24 08:00:00,-11.0008594594922,0.900237374631074
2024-07-24 09:00:00,-10.6065858874816,0.892588436926907
2024-07-24 10:00:00,-11.1829476615686,0.935939949168005
2024-07-24 11:00:00,-10.6885300759246,0.927486763665799
2024-07-24 12:00:00,-11.0467283934543,0.967648987517459
2024-07-24 13:00:00,-10.3005483884305,0.95910474979643
2024-07-24 14:00:00,-10.1769468627757,0.948719835727017
2024-07-24 15:00:00,-10.0623642513493,0.939287740562442
2024-07-24 16:00:00,-9.97736108453865,0.928914181660947
2024-07-24 17:00:00,-10.4089591108822,0.920217100083056
2024-07-24 18:00:00,-10.6372881318042,0.917306155131215
2024-07-24 19:00:00,-10.2763920177971,0.907813626037046
2024-07-24 20:00:00,-10.2585876115933,0.898117941171885
2024-07-24 21:00:00,-10.7906088727722,0.92970680107954
2024-07-24 22:00:00,-10.1107960151587,0.928111076395655
2024-07-24 23:00:00,-10.8142863795151,0.949073123015508
2024-07-25 00:00:00,-11.165333581452,0.95491120649557
2024-07-25 01:00:00,-11.3557954764158,0.955070556931829
2024-07-25 02:00:00,-10.014342341963,1.06707215475082
2024-07-25 03:00:00,-11.0847138269124,1.07840891472216
2024-07-25 04:00:00,-10.6399421434797,1.06839726876354
2024-07-25 05:00:00,-10.9806745893291,1.06304742813218
2024-07-25 06:00:00,-11.2531020853037,1.05656059984948
2024-07-25 07:00:00,-11.4108714399871,1.05393258207753
2024-07-25 08:00:00,-10.8386954511645,1.04336001984246
2024-07-25 09:00:00,-10.8249814824358,1.03122735473079
2024-07-25 10:00:00,-10.9887711422401,1.02782139242089
2024-07-25 11:00:00,-10.7907982401178,1.01891013275506
2024-07-25 12:00:00,-10.9228034116423,1.02257386748226
2024-07-25 13:00:00,-10.2004909503241,1.01110272903588
2024-07-25 14:00:00,-10.4409713140488,1.00087950856684
2024-07-25 15:00:00,-9.72452430992383,1.01462919151985
2024-07-25 16:00:00,-10.2520065834879,1.01001073270835
2024-07-25 17:00:00,-10.6124889845505,0.999317775245758
2024-07-25 18:00:00,-10.7637066022469,0.991227483706308
2024-07-25 19:00:00,-10.3385997676668,0.983896868387717
2024-07-25 20:00:00,-10.4574827631741,0.973465982729715
2024-07-25 21:00:00,-10.3683724387407,0.962606050514663
2024-07-25 22:00:00,-10.2951791959261,0.952569826739323
2024-07-25 23:00:00,-10.9669075378198,0.967745580992919
2024-07-26 00:00:00,-10.5806055009673,0.974855914928285
2024-07-26 01:00:00,-10.3931521091242,0.964487045042068
2024-07-26 02:00:00,-10.6562630186428,0.965906420692058
2024-07-26 03:00:00,-10.3322679837941,0.957193770139058
2024-07-26 04:00:00,-10.5805676451526,0.967770502013162
2024-07-26 05:00:00,-10.8329631614799,0.986429234319484
2024-07-26 06:00:00,-10.9974710562384,0.994267854949633
2024-07-26 07:00:00,-11.1385008055505,1.01055509062174
2024-07-26 08:00:00,-10.6135577507174,1.00088949336633
2024-07-26 09:00:00,-11.1695752892059,1.06506189168929
2024-07-26 10:00:00,-10.7829582939887,1.06517636379641
2024-07-26 11:00:00,-10.4102792405831,1.05896694544635
2024-07-26 12:00:00,-10.7530410345205,1.10464064999576
2024-07-26 13:00:00,-10.1292322939135,1.10315965657545
2024-07-26 14:00:00,-9.94563859912544,1.090068626864
2024-07-26 15:00:00,-9.55184522293328,1.07800473040182
2024-07-26 16:00:00,-10.152247182849,1.10540951378206
2024-07-26 17:00:00,-10.6707613587811,1.12882365587966
2024-07-26 18:00:00,-10.3573679197504,1.11707648490695
2024-07-26 19:00:00,-10.2104699043028,1.10880488231931
2024-07-26 20:00:00,-10.0388626398159,1.09643027028571
2024-07-26 21:00:00,-10.0209331548729,1.08602012638932
2024-07-26 22:00:00,-10.0406488798803,1.076428488539
2024-07-26 23:00:00,-10.8133300463291,1.13571349151762
2024-07-27 00:00:00,-11.7933544421651,1.19702004800763
2024-07-27 01:00:00,-11.6912148640138,1.19893546785354
2024-07-27 02:00:00,-11.4372384011442,1.19035549497149
2024-07-27 03:00:00,-11.4063894544828,1.18247429922015
2024-07-27 04:00:00,-11.2372624412104,1.17755077449244
2024-07-27 05:00:00,-11.6882626175873,1.22075979309843
2024-07-27 06:00:00,-11.8655138647639,1.24068736633083
2024-07-27 07:00:00,-11.7807935236736,1.24406199173744
2024-07-27 08:00:00,-10.9461084049527,1.2326410292228
2024-07-27 09:00:00,-11.3658443536549,1.24197636779338
2024-07-27 10:00:00,-11.2692379308496,1.23835100368487
2024-07-27 11:00:00,-11.3538992979191,1.26191516371467
2024-07-27 12:00:00,-11.2175632715716,1.26650691113709
2024-07-27 13:00:00,-10.7026366337282,1.26121036007007
2024-07-27 14:00:00,-10.317541238532,1.25167665020959
2024-07-27 15:00:00,-10.367927740483,1.23949487756561
2024-07-27 16:00:00,-10.4445384259057,1.22748385675794
2024-07-27 17:00:00,-10.8113509874462,1.21574785236743
2024-07-27 18:00:00,-10.7376597222333,1.20080445511638
2024-07-27 19:00:00,-10.5250341309728,1.18615667221546
2024-07-27 20:00:00,-10.172856474406,1.183192484175
2024-07-27 21:00:00,-9.29751378114657,1.29549899426579
2024-07-27 22:00:00,-10.0310009109635,1.27917066445735
2024-07-27 23:00:00,-11.0685725396409,1.30732736660027
2024-07-28 00:00:00,-9.61285161900253,1.29208651337113
2024-07-28 01:00:00,-10.135966444339,1.28724728687223
2024-07-28 02:00:00,-10.2237469127539,1.28097900703806
2024-07-28 03:00:00,-10.6310435454198,1.30991613044467
2024-07-28 04:00:00,-10.5919326322354,1.34214362821659
2024-07-28 05:00:00,-10.0136291730903,1.32497695886798
2024-07-28 06:00:00,-10.3039133528148,1.31894512335318
2024-07-28 07:00:00,-10.8857270033441,1.3737152006137
2024-07-28 08:00:00,-10.7223929335106,1.40290573899087
2024-07-28 09:00:00,-10.4553821614256,1.40053158631626
2024-07-28 10:00:00,-10.3676640030174,1.4082555039644
2024-07-28 11:00:00,-10.3169450048248,1.43092861540538
2024-07-28 12:00:00,-10.1827784222532,1.43927191444809
2024-07-28 13:00:00,-9.81181129360375,1.45042967636703
2024-07-28 14:00:00,-10.2822973002334,1.50160883980791
2024-07-28 15:00:00,-9.79410307889069,1.49614695011101
2024-07-28 16:00:00,-9.89703292806896,1.51306930164519
2024-07-28 17:00:00,-10.7635049975686,1.62181836507267
2024-07-28 18:00:00,-10.3895526196481,1.62217108541209
2024-07-28 19:00:00,-10.1151670274022,1.62032289807091
2024-07-28 20:00:00,-10.1949733184196,1.63839273917285
2024-07-28 21:00:00,-10.3243475907263,1.67494569421476
2024-07-28 22:00:00,-10.0870232270303,1.67281508493263
2024-07-28 23:00:00,-10.0898146619065,1.66526344635098
2024-07-29 00:00:00,-12.36249400371,1.74012953943074
2024-07-29 01:00:00,-10.8064916136943,1.84502756236749
2024-07-29 02:00:00,-11.109449280575,1.82190016729275
2024-07-29 03:00:00,-10.9374909109197,1.8221578076392
2024-07-29 04:00:00,-11.3017746729599,1.79978756366186
2024-07-29 05:00:00,-11.4541934482569,1.77594445647672
2024-07-29 06:00:00,-11.8293460547253,1.75811804207061
2024-07-29 07:00:00,-11.4729031821854,1.74097298181444
2024-07-29 08:00:00,-11.9110654477852,1.74919352091437
2024-07-29 09:00:00,-11.3586587298303,1.7313774770091
2024-07-29 10:00:00,-11.7888581048666,1.73507594509837
2024-07-29 11:00:00,-11.3122352023117,1.7112883232923
2024-07-29 12:00:00,-11.2442333134074,1.68920048593427
2024-07-29 13:00:00,-10.7483831461716,1.66621069941807
2024-07-29 14:00:00,-10.7404389836404,1.64736507209624
2024-07-29 15:00:00,-10.3814713773207,1.63642545871086
2024-07-29 16:00:00,-10.34149265111,1.62404772455846
2024-07-29 17:00:00,-10.6582102059127,1.61243719717344
2024-07-29 18:00:00,-10.8029598475845,1.59572764342364
2024-07-29 19:00:00,-11.2138016437676,1.58310430768684
2024-07-29 20:00:00,-11.2558120738868,1.56538859947671
2024-07-29 21:00:00,-11.2383512821406,1.5476256165828
2024-07-29 22:00:00,-11.0225054722734,1.52731294989299
2024-07-29 23:00:00,-11.3621307327779,1.51244579158683
2024-07-30 00:00:00,-9.79114274752393,1.51685377032422
2024-07-30 01:00:00,-10.3263229478171,1.4969282877629
2024-07-30 02:00:00,-10.5406936802054,1.47945781709277
2024-07-30 03:00:00,-10.4005218845396,1.46160415499831
2024-07-30 04:00:00,-10.7206997805993,1.46625935546863
2024-07-30 05:00:00,-10.7362857169637,1.45537574862229
2024-07-30 06:00:00,-10.8374923940964,1.44036280009197
2024-07-30 07:00:00,-11.2190894787917,1.45434597710718
2024-07-30 08:00:00,-11.1496290836127,1.4696877808362
2024-07-30 09:00:00,-10.7145563521329,1.45107792630834
2024-07-30 10:00:00,-10.6913699158462,1.44273914878384
2024-07-30 11:00:00,-10.5306380592184,1.43384789726139
2024-07-30 12:00:00,-10.6893668039241,1.44548621685038
2024-07-30 13:00:00,-9.78861790477913,1.42755323157467
2024-07-30 14:00:00,-10.331050544052,1.43051209328234
2024-07-30 15:00:00,-10.0587895863864,1.4163309307377
2024-07-30 16:00:00,-9.91476397355132,1.39877124029267
2024-07-30 17:00:00,-10.3942535736246,1.38948480093833
2024-07-30 18:00:00,-10.4053686370696,1.37515357908024
2024-07-30 19:00:00,-10.1406162942281,1.35754972843597
2024-07-30 20:00:00,-10.1082463060447,1.34102363235787
2024-07-30 21:00:00,-9.85123146256387,1.32595806129139
2024-07-30 22:00:00,-10.3280498145699,1.32966627001784
2024-07-30 23:00:00,-10.7289133635745,1.34332019331172
2024-07-31 00:00:00,-11.1961386947881,1.35198686602769
2024-07-31 01:00:00,-10.9801652143001,1.33465251550332
2024-07-31 02:00:00,-10.9399693210182,1.31879984287456
2024-07-31 03:00:00,-10.8993811304475,1.30211728437499
2024-07-31 04:00:00,-11.0452774816023,1.30346645040981
2024-07-31 05:00:00,-10.5472981844859,1.29391377813932
2024-07-31 06:00:00,-10.9273175236499,1.279450040421
2024-07-31 07:00:00,-10.9815040496425,1.26362765140093
2024-07-31 08:00:00,-11.0047785667733,1.25609068559
2024-07-31 09:00:00,-10.9617619571593,1.2433645139788
2024-07-31 10:00:00,-11.0010132453091,1.23926267613888
2024-07-31 11:00:00,-10.9735311098606,1.24381077292905
2024-07-31 12:00:00,-11.0558468156422,1.25863912432076
2024-07-31 13:00:00,-10.3835724750951,1.24593049245437
2024-07-31 14:00:00,-10.3847632152397,1.2309008349079
2024-07-31 15:00:00,-9.94506301171318,1.21819225187503
2024-07-31 16:00:00,-10.7272531300193,1.263568324082
2024-07-31 17:00:00,-10.8335554484194,1.25343044758749
2024-07-31 18:00:00,-10.8036921167697,1.24286893771116
2024-07-31 19:00:00,-10.2935281170387,1.230549294312
2024-07-31 20:00:00,-10.095624515566,1.2194784112945
2024-07-31 21:00:00,-10.1107141112815,1.20520852686962
2024-07-31 22:00:00,-10.0235643584422,1.19432679269603
2024-07-31 23:00:00,-10.8054348118401,1.2064425501079
2024-08-01 00:00:00,-11.0148227057228,1.21274422207153
2024-08-01 01:00:00,-10.6410781868933,1.20478361821727
2024-08-01 02:00:00,-10.4820298566765,1.19486446328772
2024-08-01 03:00:00,-10.6880318768018,1.18018359860213
2024-08-01 04:00:00,-10.5886658219763,1.16594939091125
2024-08-01 05:00:00,-10.6865821903128,1.15255966750133
2024-08-01 06:00:00,-10.7381605617833,1.13924978510813
2024-08-01 07:00:00,-11.021976136168,1.1296154394053
2024-08-01 08:00:00,-11.0970182832054,1.1326773086358
2024-08-01 09:00:00,-11.2265037686409,1.14011058479782
2024-08-01 10:00:00,-11.0998218365528,1.14091413820731
2024-08-01 11:00:00,-11.0093342059025,1.15062104871595
2024-08-01 12:00:00,-10.6361959903468,1.13817274899639
2024-08-01 13:00:00,-10.2649083760269,1.1300971231307
2024-08-01 14:00:00,-10.3384934135198,1.11753563872301
2024-08-01 15:00:00,-9.83321279914515,1.10936448133909
2024-08-01 16:00:00,-9.93993508521886,1.09612466976012
2024-08-01 17:00:00,-10.5855275071448,1.092027719045
2024-08-01 18:00:00,-9.99796472030673,1.10534386450446
2024-08-01 19:00:00,-10.2670752382699,1.09376636808607
2024-08-01 20:00:00,-10.6977532086036,1.10450757545981
2024-08-01 21:00:00,-9.84221195751765,1.12344629658502
2024-08-01 22:00:00,-10.4667135109076,1.12689679163729
2024-08-01 23:00:00,-10.4960589449531,1.11368026950986
2024-08-02 00:00:00,-10.2461982625507,1.10155210755522
2024-08-02 01:00:00,-10.486848646516,1.08947670517147
2024-08-02 02:00:00,-10.5913818333301,1.08061463513124
2024-08-02 03:00:00,-10.0720588446006,1.08767502685644
2024-08-02 04:00:00,-10.6793009053351,1.11313817883472
2024-08-02 05:00:00,-10.7317252733467,1.11235816940752
2024-08-02 06:00:00,-10.6815355933646,1.09986819449531
2024-08-02 07:00:00,-10.3391015899106,1.09360164537864
2024-08-02 08:00:00,-10.6784519834556,1.10172273938207
2024-08-02 09:00:00,-10.3702362837745,1.08893686987823
2024-08-02 10:00:00,-10.6533268625646,1.09784772926793
2024-08-02 11:00:00,-10.3175931587379,1.08719939689118
2024-08-02 12:00:00,-10.3438276499521,1.0840882185123
2024-08-02 13:00:00,-9.49545247682082,1.07665758144176
2024-08-02 14:00:00,-9.8488902464277,1.06514327536488
2024-08-02 15:00:00,-9.14939468580804,1.08109816996372
2024-08-02 16:00:00,-9.49104981252268,1.06840305348744
2024-08-02 17:00:00,-10.1719390607781,1.06308396853567
2024-08-02 18:00:00,-10.1744747180386,1.05123837157533
2024-08-02 19:00:00,-10.0730720404329,1.04000696354228
2024-08-02 20:00:00,-10.2665418270658,1.03977959076742
2024-08-02 21:00:00,-9.78664512559296,1.03246332947303
2024-08-02 22:00:00,-9.61469263635896,1.02602026056117
2024-08-02 23:00:00,-10.083772753871,1.01733314088339
2024-08-03 00:00:00,-9.64346213544527,1.00579007821797
2024-08-03 01:00:00,-10.0447823167023,0.996944080674443
2024-08-03 02:00:00,-9.9157904134944,0.985823036389305
2024-08-03 03:00:00,-10.2695144237143,0.985544487248285
2024-08-03 04:00:00,-10.214329199895,0.987346325404604
2024-08-03 05:00:00,-10.0925739460014,0.978474706110656
2024-08-03 06:00:00,-10.7443296028478,1.0173962577623
2024-08-03 07:00:00,-10.7787504241654,1.03085481142755
2024-08-03 08:00:00,-10.4970787407741,1.03619389237226
2024-08-03 09:00:00,-10.2849247045033,1.02952119564878
2024-08-03 10:00:00,-10.4579986434578,1.05386901424111
2024-08-03 11:00:00,-10.5424885982295,1.10276041952802
2024-08-03 12:00:00,-10.5116676340794,1.14192247422436
2024-08-03 13:00:00,-9.77298779946968,1.1382089287239
2024-08-03 14:00:00,-10.2088200335158,1.17437676296198
2024-08-03 15:00:00,-9.8913004231444,1.17977763094637
2024-08-03 16:00:00,-9.35524596528985,1.16597014938162
2024-08-03 17:00:00,-9.38646979069901,1.15624298299925
2024-08-03 18:00:00,-10.1968828317458,1.19211483285935
2024-08-03 19:00:00,-9.55943012261719,1.1795780891959
2024-08-03 20:00:00,-9.42197932286394,1.16551079521134
2024-08-03 21:00:00,-9.70905334636306,1.16180727834627
2024-08-03 22:00:00,-9.41876984740499,1.14874079169181
2024-08-03 23:00:00,-10.2014130775213,1.18241925693896
2024-08-04 00:00:00,-10.4683210831566,1.17293360042432
2024-08-04 01:00:00,-10.6992490282204,1.16693164613793
2024-08-04 02:00:00,-10.5638691267756,1.15449452843089
2024-08-04 03:00:00,-10.3695848428236,1.14105161813498
2024-08-04 04:00:00,-10.7190698395159,1.16234852414685
2024-08-04 05:00:00,-10.9587909618265,1.18708520914716
2024-08-04 06:00:00,-10.839739960849,1.17720241934785
2024-08-04 07:00:00,-11.0571572741988,1.18704599590456
2024-08-04 08:00:00,-10.3807040215217,1.17322363649275
2024-08-04 09:00:00,-10.5101545104318,1.16480124552648
2024-08-04 10:00:00,-10.9204524321047,1.20577063717809
2024-08-04 11:00:00,-10.5080328625993,1.1999741568114
2024-08-04 12:00:00,-10.3950658497156,1.19658156060708
2024-08-04 13:00:00,-10.3210171909161,1.2276045902817
2024-08-04 14:00:00,-10.6258445631837,1.25845707298636
2024-08-04 15:00:00,-9.39206147477361,1.26968077392236
2024-08-04 16:00:00,-9.96560840072495,1.27754680922712
2024-08-04 17:00:00,-10.1390750989053,1.26243827324328
2024-08-04 18:00:00,-9.37805374462025,1.29913576264921
2024-08-04 19:00:00,-9.65863956833333,1.28269949068653
2024-08-04 20:00:00,-9.69900586100713,1.26705571500172
2024-08-04 21:00:00,-9.80793465198997,1.25144945895435
2024-08-04 22:00:00,-9.99153381666423,1.23991394427305
2024-08-04 23:00:00,-9.83525161730466,1.22801851197691
2024-08-05 00:00:00,-9.7669092343879,1.21289393950795
2024-08-05 01:00:00,-9.33634605499213,1.25103493997392
2024-08-05 02:00:00,-8.94334083601177,1.31938179202606
2024-08-05 03:00:00,-9.26167752339208,1.32552925687685
2024-08-05 04:00:00,-9.51113012294705,1.30981363695298
2024-08-05 05:00:00,-9.52445536266075,1.30122359272506
2024-08-05 06:00:00,-9.43069200468723,1.31838074177762
2024-08-05 07:00:00,-8.86905227902153,1.4339667377339
2024-08-05 08:00:00,-9.23845050472969,1.4252777331908
2024-08-05 09:00:00,-9.43524009113534,1.41583111143436
2024-08-05 10:00:00,-9.27743354215097,1.41658079740504
2024-08-05 11:00:00,-8.89685785174429,1.4384862743586
2024-08-05 12:00:00,-8.91536962694115,1.44172751930346
2024-08-05 13:00:00,-8.56555065728774,1.44547872421042
2024-08-05 14:00:00,-8.53524880054453,1.48001479299818
2024-08-05 15:00:00,-8.48220469832221,1.48933120348611
2024-08-05 16:00:00,-9.00884967035803,1.46970632950285
2024-08-05 17:00:00,-9.25765149140607,1.45980798063117
2024-08-05 18:00:00,-9.41725368973447,1.44350292016075
2024-08-05 19:00:00,-9.26803300314832,1.43113750351577
2024-08-05 20:00:00,-9.08759177742932,1.42822024416755
2024-08-05 21:00:00,-8.97996037007264,1.42733144894772
2024-08-05 22:00:00,-9.3737147534332,1.40883388203202
2024-08-05 23:00:00,-9.46875717855133,1.39328991319808
2024-08-06 00:00:00,-7.40691868850933,1.37658239199661
2024-08-06 01:00:00,-7.98663626326576,1.37367688611706
2024-08-06 02:00:00,-8.18982683806127,1.37762948966938
2024-08-06 03:00:00,-8.50848674757838,1.40650871147405
2024-08-06 04:00:00,-8.70774238223888,1.48814646626055
2024-08-06 05:00:00,-8.47918997731888,1.50250031000542
2024-08-06 06:00:00,-8.44162790106484,1.50165355133654
2024-08-06 07:00:00,-8.69071095158962,1.5330895791887
2024-08-06 08:00:00,-8.33156576534922,1.53456528569575
2024-08-06 09:00:00,-8.07333595049443,1.52103325185864
2024-08-06 10:00:00,-8.47000582791827,1.58016190083845
2024-08-06 11:00:00,-8.07506123935952,1.58135460637627
2024-08-06 12:00:00,-8.24941087269259,1.62599625355232
2024-08-06 13:00:00,-7.7544650524821,1.63908152282565
2024-08-06 14:00:00,-7.53582372859856,1.62042152376383
2024-08-06 15:00:00,-7.3198808970983,1.60619555558855
2024-08-06 16:00:00,-7.70872243987226,1.63488270038795
2024-08-06 17:00:00,-8.20979212616486,1.6675655011822
2024-08-06 18:00:00,-8.28524988429721,1.69318072817272
2024-08-06 19:00:00,-8.03955773676806,1.69879443281969
2024-08-06 20:00:00,-8.28372191876858,1.75410728064793
2024-08-06 21:00:00,-7.82023181474343,1.74039561409333
2024-08-06 22:00:00,-8.11502712748519,1.78075058817157
2024-08-06 23:00:00,-7.81685247321878,1.76089151976182
2024-08-07 00:00:00,-9.94883453202242,1.79635095273968
2024-08-07 01:00:00,-9.39123585121077,1.77654473092627
2024-08-07 02:00:00,-9.28357511299735,1.75239014114981
2024-08-07 03:00:00,-9.41625554787366,1.72886501127594
2024-08-07 04:00:00,-9.68193987169295,1.73340103049294
2024-08-07 05:00:00,-9.66482046471283,1.71971418539614
2024-08-07 06:00:00,-9.61258360229202,1.69677141214553
2024-08-07 07:00:00,-10.0409271826842,1.70441335565002
2024-08-07 08:00:00,-9.59893504311265,1.68341905827271
2024-08-07 09:00:00,-9.5862344181022,1.66626742058315
2024-08-07 10:00:00,-9.72633150464749,1.66884034989196
2024-08-07 11:00:00,-9.38740663901961,1.65189862571196
2024-08-07 12:00:00,-9.43255123408636,1.64700881439649
2024-08-07 13:00:00,-8.73845442441858,1.62480752554109
2024-08-07 14:00:00,-9.16003675044623,1.61805576118975
2024-08-07 15:00:00,-8.47138109953705,1.60331351196183
2024-08-07 16:00:00,-9.22771783370081,1.63598732399063
2024-08-07 17:00:00,-9.48870279837547,1.62782784235454
2024-08-07 18:00:00,-9.06421802972438,1.60729241974995
2024-08-07 19:00:00,-9.35061468775555,1.60841618954028
2024-08-07 20:00:00,-9.37017338443988,1.60192434448435
2024-08-07 21:00:00,-9.23851272102409,1.58742736822884
2024-08-07 22:00:00,-9.04083110529531,1.5669833681624
2024-08-07 23:00:00,-9.1713337099808,1.54829420274684
2024-08-08 00:00:00,-9.91754922261461,1.54442284771346
2024-08-08 01:00:00,-9.72453048226919,1.52602373909646
2024-08-08 02:00:00,-8.85438259827569,1.59329527976111
2024-08-08 03:00:00,-9.75115838244297,1.58087963419728
2024-08-08 04:00:00,-9.78445993039063,1.56472064552971
2024-08-08 05:00:00,-9.8649455440045,1.54785117337695
2024-08-08 06:00:00,-10.2873101352858,1.54610351724461
2024-08-08 07:00:00,-10.4421545715127,1.54516304091265
2024-08-08 08:00:00,-10.0529075234825,1.52846532995477
2024-08-08 09:00:00,-10.4177678912564,1.55341726981088
2024-08-08 10:00:00,-9.9008005268365,1.53348000445085
2024-08-08 11:00:00,-10.1199092798177,1.55782025145616
2024-08-08 12:00:00,-9.54815569552013,1.53706179554372
2024-08-08 13:00:00,-8.36869218862846,1.56573435675134
2024-08-08 14:00:00,-9.17960051026394,1.55124218142867
2024-08-08 15:00:00,-8.91072184711176,1.53144130511081
2024-08-08 16:00:00,-9.2604144853464,1.52106768843414
2024-08-08 17:00:00,-9.83422602268155,1.52020263050639
2024-08-08 18:00:00,-9.75265953511213,1.50397300022432
2024-08-08 19:00:00,-9.92214372415988,1.51363103868843
2024-08-08 20:00:00,-9.47897227489718,1.49357195736218
2024-08-08 21:00:00,-9.85287844229464,1.50892271212873
2024-08-08 22:00:00,-8.85828482204044,1.52785326588284
2024-08-08 23:00:00,-9.20326332653423,1.50772205375393
2024-08-09 00:00:00,-9.0442684412859,1.49641485478496
2024-08-09 01:00:00,-9.64174447784385,1.50506318498893
2024-08-09 02:00:00,-9.40564336712485,1.4869565835499
2024-08-09 03:00:00,-9.71167826139599,1.49242921487506
2024-08-09 04:00:00,-9.6281508126378,1.4995662235229
2024-08-09 05:00:00,-9.4951120797794,1.48927093199916
2024-08-09 06:00:00,-9.68329660596414,1.48325319621983
2024-08-09 07:00:00,-9.74538136576813,1.47701912051874
2024-08-09 08:00:00,-9.65020068370523,1.47957338724067
2024-08-09 09:00:00,-9.68932444009259,1.48368640992183
2024-08-09 10:00:00,-9.51103852535741,1.47905724900892
2024-08-09 11:00:00,-8.94653849561311,1.45958056492798
2024-08-09 12:00:00,-9.22509948781454,1.46664364245161
2024-08-09 13:00:00,-8.92145586006255,1.46849604226813
2024-08-09 14:00:00,-8.77760245699322,1.44961695910935
2024-08-09 15:00:00,-8.26645630525209,1.43429380545344
2024-08-09 16:00:00,-8.81370156455701,1.44271711160579
2024-08-09 17:00:00,-9.17215973728265,1.43542274111303
2024-08-09 18:00:00,-9.33212877288712,1.43588588239304
2024-08-09 19:00:00,-9.07819584053731,1.42285417884015
2024-08-09 20:00:00,-9.21801029600523,1.42738988817473
2024-08-09 21:00:00,-9.21798118343408,1.42934176851422
2024-08-09 22:00:00,-8.74556893711575,1.41110342610853
2024-08-09 23:00:00,-9.18969196446589,1.41153614419341
2024-08-10 00:00:00,-10.0023765239588,1.40394364719073
2024-08-10 01:00:00,-9.93172557472587,1.38574816727864
2024-08-10 02:00:00,-9.90129020158954,1.36816588041233
2024-08-10 03:00:00,-10.3596732947432,1.37665505805244
2024-08-10 04:00:00,-10.8536052342109,1.47823755935617
2024-08-10 05:00:00,-10.3201405676211,1.46450437748662
2024-08-10 06:00:00,-10.8885571192956,1.51862263064579
2024-08-10 07:00:00,-10.8784344515123,1.53868345936559
2024-08-10 08:00:00,-10.5394625648203,1.54349034734653
2024-08-10 09:00:00,-10.479570741413,1.54825826823158
2024-08-10 10:00:00,-10.0842258972258,1.53190666312276
2024-08-10 11:00:00,-10.1361697744167,1.54316756032759
2024-08-10 12:00:00,-10.0334756088137,1.54179647629758
2024-08-10 13:00:00,-10.2892691312531,1.64842123081205
2024-08-10 14:00:00,-10.0832704528498,1.6471990196935
2024-08-10 15:00:00,-10.1119051817375,1.68992469359197
2024-08-10 16:00:00,-9.90980838761014,1.69331756822441
2024-08-10 17:00:00,-10.557897378199,1.75509321828085
2024-08-10 18:00:00,-10.1999942403285,1.74362203119701
2024-08-10 19:00:00,-9.76110983901302,1.72191236556612
2024-08-10 20:00:00,-10.1234517888524,1.74703440492084
2024-08-10 21:00:00,-10.0741988826426,1.75175432612724
2024-08-10 22:00:00,-10.213857564094,1.77599719316853
2024-08-10 23:00:00,-10.5369391351509,1.82130636714704
2024-08-11 00:00:00,-12.1575480859412,1.85559949453514
2024-08-11 01:00:00,-11.4009530341512,1.83906451803911
2024-08-11 02:00:00,-11.5702133419186,1.81892356119729
2024-08-11 03:00:00,-11.8562480836168,1.81199997896701
2024-08-11 04:00:00,-11.1876218535599,1.79003128710363
2024-08-11 05:00:00,-11.2098958968797,1.76531487972914
2024-08-11 06:00:00,-11.7236961396032,1.75327311982577
2024-08-11 07:00:00,-11.959180799841,1.74613925058487
2024-08-11 08:00:00,-11.6085079995056,1.72530817275791
2024-08-11 09:00:00,-11.48090496695,1.70287750019244
2024-08-11 10:00:00,-10.9459268880805,1.68935266611029
2024-08-11 11:00:00,-10.9984993091747,1.66724703382169
2024-08-11 12:00:00,-10.8059844456771,1.64617323870599
2024-08-11 13:00:00,-10.3713842359456,1.62597151016293
2024-08-11 14:00:00,-10.9907002361824,1.6148520015218
2024-08-11 15:00:00,-10.6018404374607,1.59368550804227
2024-08-11 16:00:00,-10.6398811639407,1.57245755297155
2024-08-11 17:00:00,-11.1920053751493,1.55805474783225
2024-08-11 18:00:00,-11.2142803586192,1.53910742831491
2024-08-11 19:00:00,-11.2918156892051,1.53047788768092
2024-08-11 20:00:00,-10.5575370873157,1.53281835794594
2024-08-11 21:00:00,-10.3762824902616,1.52649956793027
2024-08-11 22:00:00,-10.5458946852157,1.50804098706173
2024-08-11 23:00:00,-10.5411166359148,1.50088601264304
2024-08-12 00:00:00,-10.4780396892283,1.48422236790128
2024-08-12 01:00:00,-10.3445328259587,1.48010439849866
2024-08-12 02:00:00,-10.3429037043384,1.46787994562863
2024-08-12 03:00:00,-10.609999881829,1.44869222921013
2024-08-12 04:00:00,-10.5586973507273,1.42984627988054
2024-08-12 05:00:00,-10.7389023835005,1.41344406315069
2024-08-12 06:00:00,-10.9621190271555,1.39682409936689
2024-08-12 07:00:00,-10.9482046887313,1.37884455635698
2024-08-12 08:00:00,-10.1124308603182,1.40078457114869
2024-08-12 09:00:00,-10.482122534622,1.38265016642754
2024-08-12 10:00:00,-10.5086956009936,1.36481729494508
2024-08-12 11:00:00,-10.3055485406582,1.34763605838513
2024-08-12 12:00:00,-10.0338136195267,1.3378088982153
2024-08-12 13:00:00,-10.0587964588644,1.32606473010236
2024-08-12 14:00:00,-9.786660099302,1.32703152675242
2024-08-12 15:00:00,-9.20309847884948,1.36040556046885
2024-08-12 16:00:00,-9.40109221838835,1.3548629252585
2024-08-12 17:00:00,-10.3086611527953,1.34119555884614
2024-08-12 18:00:00,-10.4995618287239,1.32551286499695
2024-08-12 19:00:00,-9.99266519355539,1.32166390886152
2024-08-12 20:00:00,-10.1903932520428,1.30496701553839
2024-08-12 21:00:00,-10.2508947844889,1.28869974900322
2024-08-12 22:00:00,-10.1494050243781,1.2732040092362
2024-08-12 23:00:00,-10.5886038335977,1.26428481553978
2024-08-13 00:00:00,-8.81507357043877,1.27387572545821
2024-08-13 01:00:00,-9.69579036022385,1.27441985052597
2024-08-13 02:00:00,-9.89699372331349,1.27235762252079
2024-08-13 03:00:00,-9.83225380564111,1.2596065625875
2024-08-13 04:00:00,-9.42133046989014,1.24385881655697
2024-08-13 05:00:00,-10.1199307419583,1.29039037315934
2024-08-13 06:00:00,-10.4764807120824,1.32621846993186
2024-08-13 07:00:00,-9.96640715069075,1.30948196557568
2024-08-13 08:00:00,-9.89100758014003,1.3070991337829
2024-08-13 09:00:00,-9.93752259677779,1.30610079827121
2024-08-13 10:00:00,-9.60506025593083,1.29114794942907
2024-08-13 11:00:00,-9.30267781904004,1.27544745653575
2024-08-13 12:00:00,-9.99768522395449,1.34811110102089
2024-08-13 13:00:00,-9.13137401258336,1.33255554869678
2024-08-13 14:00:00,-9.64657043106943,1.35809181794193
2024-08-13 15:00:00,-9.04658198672518,1.34098198917023
2024-08-13 16:00:00,-9.43158465242925,1.36327473785365
2024-08-13 17:00:00,-9.18363981476683,1.34783967006645
2024-08-13 18:00:00,-9.31524267295602,1.33273504870634
2024-08-13 19:00:00,-9.54704255571422,1.3387990435883
2024-08-13 20:00:00,-9.23378729785273,1.32199052110283
2024-08-13 21:00:00,-9.59082409270952,1.33873353847704
2024-08-13 22:00:00,-9.42346347082289,1.32831160886871
2024-08-13 23:00:00,-9.69511628419643,1.33226944350245
2024-08-14 00:00:00,-11.0019796901131,1.40013194004736
2024-08-14 01:00:00,-10.69283358295,1.38425945768157
2024-08-14 02:00:00,-10.4651843138571,1.36730504480645
2024-08-14 03:00:00,-10.62635746949,1.35893581682932
2024-08-14 04:00:00,-10.340838596356,1.34396046707729
2024-08-14 05:00:00,-10.4588436030562,1.33530922120777
2024-08-14 06:00:00,-10.7559701896034,1.33248862107089
2024-08-14 07:00:00,-10.8523970874752,1.32914324354905
2024-08-14 08:00:00,-10.8396458893956,1.34240366811429
2024-08-14 09:00:00,-10.4544555636789,1.32586935377793
2024-08-14 10:00:00,-10.9970909297994,1.39215087725458
2024-08-14 11:00:00,-10.293926262311,1.37533303020969
2024-08-14 12:00:00,-10.1128206987725,1.36082871779665
2024-08-14 13:00:00,-9.1631389741937,1.35913109522364
2024-08-14 14:00:00,-9.54234844623024,1.34168274984066
2024-08-14 15:00:00,-9.40498781995412,1.324672273994
2024-08-14 16:00:00,-9.26594486662517,1.31188707865734
2024-08-14 17:00:00,-9.91457730202314,1.29854835974873
2024-08-14 18:00:00,-10.2249000694924,1.29331692014942
2024-08-14 19:00:00,-9.96961821564451,1.27758818895173
2024-08-14 20:00:00,-9.99594026313513,1.26543857079136
2024-08-14 21:00:00,-10.2922526657045,1.27784588192722
2024-08-14 22:00:00,-10.1691909493875,1.26966145735377
2024-08-14 23:00:00,-10.2361837735859,1.25963004951959
2024-08-15 00:00:00,-10.7650736688035,1.29113765904211
2024-08-15 01:00:00,-11.0374229086107,1.30787960244946
2024-08-15 02:00:00,-9.83878966390347,1.34575265206417
2024-08-15 03:00:00,-10.4261178241276,1.33671180327982
2024-08-15 04:00:00,-10.9711860624169,1.39620391704589
2024-08-15 05:00:00,-10.5505686888479,1.37967087145823
2024-08-15 06:00:00,-10.3764885693226,1.36283220103373
2024-08-15 07:00:00,-10.5069871292417,1.34641353155099
2024-08-15 08:00:00,-10.2639568528878,1.32923367409474
2024-08-15 09:00:00,-10.6111510635457,1.33053947637452
2024-08-15 10:00:00,-10.6255436520183,1.33129949919125
2024-08-15 11:00:00,-10.439958218911,1.32798346982964
2024-08-15 12:00:00,-10.12258811244,1.31210113438121
2024-08-15 13:00:00,-9.3141966877996,1.30285381033205
2024-08-15 14:00:00,-9.89041485246359,1.29494180753807
2024-08-15 15:00:00,-9.66757625028396,1.27922387450924
2024-08-15 16:00:00,-9.72131379586703,1.26556123919265
2024-08-15 17:00:00,-10.1094401621393,1.25328163174049
2024-08-15 18:00:00,-9.87981772339725,1.23962134350566
2024-08-15 19:00:00,-9.52874104156106,1.23326640655121
2024-08-15 20:00:00,-9.55370632686717,1.22011724478591
2024-08-15 21:00:00,-9.98185029660613,1.21575419264212
2024-08-15 22:00:00,-9.63251183136128,1.20532525431175
2024-08-15 23:00:00,-10.1982209932097,1.20392694907134
2024-08-16 00:00:00,-10.3052115475259,1.21070984438638
2024-08-16 01:00:00,-10.5238569942964,1.20802481549854
2024-08-16 02:00:00,-9.98641534928434,1.19850869251875
2024-08-16 03:00:00,-9.87174922726135,1.18803193439295
2024-08-16 04:00:00,-10.086856429775,1.18168920256044
2024-08-16 05:00:00,-10.3019258388813,1.17886969520855
2024-08-16 06:00:00,-10.9179265364587,1.2181784801358
2024-08-16 07:00:00,-10.4180511648848,1.2032087848974
2024-08-16 08:00:00,-10.6960792923939,1.23455155767805
2024-08-16 09:00:00,-10.5400222431155,1.23135153052291
2024-08-16 10:00:00,-10.3559864548605,1.22597973149055
2024-08-16 11:00:00,-10.2216557590537,1.22614425657801
2024-08-16 12:00:00,-9.92799402684273,1.21265442005524
2024-08-16 13:00:00,-9.27331300006914,1.19842315368201
2024-08-16 14:00:00,-9.15235833569874,1.19439866823183
2024-08-16 15:00:00,-9.3467125307145,1.18248200105411
2024-08-16 16:00:00,-9.69249293718866,1.18411413034542
2024-08-16 17:00:00,-9.90403097050612,1.17148575510441
2024-08-16 18:00:00,-9.81135364944772,1.1572240911959
2024-08-16 19:00:00,-9.83047450250521,1.14739509322186
2024-08-16 20:00:00,-9.8804679057177,1.13972216648465
2024-08-16 21:00:00,-9.98414026371422,1.13943719055368
2024-08-16 22:00:00,-10.1444956159226,1.14989648040722
2024-08-16 23:00:00,-10.4373444130018,1.17104190839524
2024-08-17 00:00:00,-10.3960599394625,1.16362146210885
2024-08-17 01:00:00,-10.5728824152301,1.15753699873819
2024-08-17 02:00:00,-10.6527552237703,1.1579592903305
2024-08-17 03:00:00,-10.9182639174341,1.17830573629827
2024-08-17 04:00:00,-10.6125680749776,1.17834254223133
2024-08-17 05:00:00,-10.9220738453723,1.21697812392083
2024-08-17 06:00:00,-11.1848181024574,1.25169435063688
2024-08-17 07:00:00,-11.4264999213673,1.31115952894608
2024-08-17 08:00:00,-10.7787077224088,1.30415815013854
2024-08-17 09:00:00,-11.2503160684327,1.38688129038443
2024-08-17 10:00:00,-10.6689096048515,1.37818968783367
2024-08-17 11:00:00,-10.7779140958107,1.42268405466477
2024-08-17 12:00:00,-10.8133559012444,1.46690338910194
2024-08-17 13:00:00,-10.236450646973,1.47634521533094
2024-08-17 14:00:00,-10.3763550004661,1.48683028801783
2024-08-17 15:00:00,-10.0404533904379,1.48124301310591
2024-08-17 16:00:00,-10.3854146147355,1.52646473312072
2024-08-17 17:00:00,-10.6714618398539,1.54470535164959
2024-08-17 18:00:00,-10.6241837088155,1.55144620006581
2024-08-17 19:00:00,-10.4854211970412,1.55819966363078
2024-08-17 20:00:00,-10.7535650053652,1.61142645623711
2024-08-17 21:00:00,-10.6484258912491,1.63504338517351
2024-08-17 22:00:00,-10.484843457981,1.64073634613614
2024-08-17 23:00:00,-11.0182851883248,1.71966460542245
2024-08-18 00:00:00,-12.7006160223079,1.71962939138524
2024-08-18 01:00:00,-12.0829555145561,1.70582745049426
2024-08-18 02:00:00,-12.2530113179485,1.68558497479146
2024-08-18 03:00:00,-11.5608293440789,1.70908861585761
2024-08-18 04:00:00,-11.5605477686958,1.68998734195527
2024-08-18 05:00:00,-12.0669040715343,1.67275353197617
2024-08-18 06:00:00,-12.0501231850402,1.6524188529019
2024-08-18 07:00:00,-12.5080837080668,1.64169611117924
2024-08-18 08:00:00,-11.8662559485983,1.62776522093905
2024-08-18 09:00:00,-12.1893309862627,1.6113511635706
2024-08-18 10:00:00,-11.627740221818,1.60410581559384
2024-08-18 11:00:00,-11.3077343865053,1.59572444736294
2024-08-18 12:00:00,-11.6531471325887,1.5760036871649
2024-08-18 13:00:00,-11.0498340677318,1.56207117747685
2024-08-18 14:00:00,-11.4532950597034,1.54132631116998
2024-08-18 15:00:00,-11.2443672621738,1.52174566184921
2024-08-18 16:00:00,-11.6870699747476,1.51684110420501
2024-08-18 17:00:00,-11.9128754095761,1.49785614496308
2024-08-18 18:00:00,-11.4300502990567,1.49720100045766
2024-08-18 19:00:00,-11.8374645302642,1.48712604281864
2024-08-18 20:00:00,-11.5926687855035,1.46861354063807
2024-08-18 21:00:00,-11.9692877286212,1.4665425783376
2024-08-18 22:00:00,-11.5741127330866,1.44976480766308
2024-08-18 23:00:00,-12.1669959432814,1.45287883649128
2024-08-19 00:00:00,-10.4680611038471,1.48933751258488
2024-08-19 01:00:00,-10.7771377553482,1.47958617492381
2024-08-19 02:00:00,-11.2383758952087,1.4621371069601
2024-08-19 03:00:00,-11.2459765305556,1.44342486518481
2024-08-19 04:00:00,-11.3307896693521,1.43026755022052
2024-08-19 05:00:00,-11.4608245167702,1.41787676184817
2024-08-19 06:00:00,-11.2988160283574,1.40207791300902
2024-08-19 07:00:00,-11.5231277325722,1.38576622419147
2024-08-19 08:00:00,-11.2710526390193,1.3678766035126
2024-08-19 09:00:00,-11.4683899082914,1.35687959414086
2024-08-19 10:00:00,-10.6907887470332,1.36915620893798
2024-08-19 11:00:00,-10.9176466957569,1.35347687473291
2024-08-19 12:00:00,-10.7786270781272,1.33690025812021
2024-08-19 13:00:00,-10.8420145321844,1.33644372354739
2024-08-19 14:00:00,-10.2930510805507,1.35050390913397
2024-08-19 15:00:00,-10.4276389758285,1.33328096113452
2024-08-19 16:00:00,-10.5940027220291,1.31714438775247
2024-08-19 17:00:00,-10.9737226543487,1.30098395433933
2024-08-19 18:00:00,-10.4759333244538,1.31366508132887
2024-08-19 19:00:00,-10.814712282487,1.29895903166513
2024-08-19 20:00:00,-10.8024561212959,1.28251723599597
2024-08-19 21:00:00,-10.8315792077224,1.26671582012347
2024-08-19 22:00:00,-10.8261069742884,1.25093713425814
2024-08-19 23:00:00,-11.2488723820468,1.24657101615526
2024-08-20 00:00:00,-10.2430901703042,1.23362811200206
2024-08-20 01:00:00,-10.0747463315774,1.24033456518273
2024-08-20 02:00:00,-10.5011548543123,1.22648608488499
2024-08-20 03:00:00,-10.8798412371798,1.22192009228622
2024-08-20 04:00:00,-10.8749791450459,1.22288523396213
2024-08-20 05:00:00,-10.6327555308143,1.20793295440525
2024-08-20 06:00:00,-10.5042222304036,1.19678621412945
2024-08-20 07:00:00,-11.1398547889892,1.21069913943855
2024-08-20 08:00:00,-11.0133404827649,1.21124471367211
2024-08-20 09:00:00,-11.1165581629217,1.22038237860092
2024-08-20 10:00:00,-11.1398049970787,1.23941608361266
2024-08-20 11:00:00,-10.7554845130855,1.23397396098426
2024-08-20 12:00:00,-10.4046883238903,1.21937230219579
2024-08-20 13:00:00,-10.2664343053073,1.2239954810657
2024-08-20 14:00:00,-10.0683970318312,1.20930671355218
2024-08-20 15:00:00,-9.65448460169781,1.19843629937559
2024-08-20 16:00:00,-9.73217198949045,1.18377718051073
2024-08-20 17:00:00,-10.3285181088879,1.17404816229337
2024-08-20 18:00:00,-10.5467214632284,1.16819339120336
2024-08-20 19:00:00,-10.2110213304426,1.15398501574488
2024-08-20 20:00:00,-10.5095174589202,1.15801679068063
2024-08-20 21:00:00,-10.3442034939238,1.14655927160151
2024-08-20 22:00:00,-10.4758582179396,1.1452914589556
2024-08-20 23:00:00,-10.6570834462754,1.1434016354122
2024-08-21 00:00:00,-10.896782347346,1.15706978440724
2024-08-21 01:00:00,-10.8032385125012,1.14392641565408
2024-08-21 02:00:00,-10.7023015005348,1.13104106830258
2024-08-21 03:00:00,-11.0443535825675,1.13788468986754
2024-08-21 04:00:00,-11.0614030732469,1.1560010977983
2024-08-21 05:00:00,-10.9421957592015,1.15303147483955
2024-08-21 06:00:00,-11.289504441422,1.17030283055203
2024-08-21 07:00:00,-11.033798250674,1.15841390932838
2024-08-21 08:00:00,-10.9100627673431,1.15626068573676
2024-08-21 09:00:00,-10.3682103230853,1.14856282042002
2024-08-21 10:00:00,-10.6872333289178,1.150481300758
2024-08-21 11:00:00,-10.7555507036076,1.16222401536158
2024-08-21 12:00:00,-10.7885133169822,1.17534999541199
2024-08-21 13:00:00,-10.1502675827573,1.1650260316557
2024-08-21 14:00:00,-9.5216493762245,1.18580218258173
2024-08-21 15:00:00,-9.35193462558538,1.18034700755123
2024-08-21 16:00:00,-10.0268157534737,1.18371131015165
2024-08-21 17:00:00,-10.6868448601707,1.19605044536005
2024-08-21 18:00:00,-10.7732084405897,1.19946070211689
2024-08-21 19:00:00,-9.98578655952755,1.19491013911337
2024-08-21 20:00:00,-9.7789781706958,1.18666823485877
2024-08-21 21:00:00,-9.90991695733785,1.17213307152284
2024-08-21 22:00:00,-10.1906538821794,1.16322622613525
2024-08-21 23:00:00,-10.6726123280332,1.17320660201802
2024-08-22 00:00:00,-10.4867179330333,1.17126702264964
2024-08-22 01:00:00,-10.7234901812679,1.16914934681658
2024-08-22 02:00:00,-10.6291712251411,1.16045940742014
2024-08-22 03:00:00,-10.0430728648284,1.16307021355129
2024-08-22 04:00:00,-10.3451920818219,1.16133204616115
2024-08-22 05:00:00,-10.8953722092193,1.20118963333101
2024-08-22 06:00:00,-11.1175030376605,1.21996270683734
2024-08-22 07:00:00,-10.9216027366757,1.2129892726889
2024-08-22 08:00:00,-10.6827243041433,1.20890293016814
2024-08-22 09:00:00,-10.6701769759395,1.20585217874222
2024-08-22 10:00:00,-10.9887099426593,1.25468132004851
2024-08-22 11:00:00,-10.4228324396646,1.24408094745427
2024-08-22 12:00:00,-10.4492715313432,1.2504980985241
2024-08-22 13:00:00,-9.50110319670467,1.23824356268949
2024-08-22 14:00:00,-9.80220300699793,1.22472597716965
2024-08-22 15:00:00,-9.88449542134437,1.22215471638325
2024-08-22 16:00:00,-9.87042029610487,1.21301302860778
2024-08-22 17:00:00,-10.4043855163915,1.21919328870144
2024-08-22 18:00:00,-10.1583455922213,1.20442148320943
2024-08-22 19:00:00,-10.2071470719406,1.20067981876078
2024-08-22 20:00:00,-10.0938932677356,1.18952834451004
2024-08-22 21:00:00,-10.013876410313,1.17786487546627
2024-08-22 22:00:00,-10.6505590216686,1.24020917652534
2024-08-22 23:00:00,-10.7120192589304,1.2551851370649
2024-08-23 00:00:00,-11.4132751641114,1.27385518546504
2024-08-23 01:00:00,-10.7221466600531,1.27550493017563
2024-08-23 02:00:00,-11.1335672230086,1.27191271026407
2024-08-23 03:00:00,-11.3501638394882,1.27066910462451
2024-08-23 04:00:00,-11.5830992099386,1.31466243619528
2024-08-23 05:00:00,-11.4546024153137,1.31846883333912
2024-08-23 06:00:00,-11.3248902417261,1.30459312655001
2024-08-23 07:00:00,-10.910415766078,1.29329615260842
2024-08-23 08:00:00,-11.1908511471297,1.29764474218994
2024-08-23 09:00:00,-11.1769645447427,1.28884168575713
2024-08-23 10:00:00,-11.1158671938411,1.28294236711543
2024-08-23 11:00:00,-10.9843598175555,1.2794924058929
2024-08-23 12:00:00,-10.4388921421228,1.26646800579027
2024-08-23 13:00:00,-10.3753527015162,1.26174497946994
2024-08-23 14:00:00,-10.5247253572947,1.24868221634435
2024-08-23 15:00:00,-9.3246334104445,1.32123048579895
2024-08-23 16:00:00,-10.3748715469974,1.33672674547181
2024-08-23 17:00:00,-10.5985709246258,1.31997299365583
2024-08-23 18:00:00,-10.0572006656359,1.33330419899955
2024-08-23 19:00:00,-10.1150172864615,1.31865254047112
2024-08-23 20:00:00,-10.3680896623281,1.30275868032393
2024-08-23 21:00:00,-10.6309994435712,1.29571962417854
2024-08-23 22:00:00,-10.0245134649086,1.29960341488618
2024-08-23 23:00:00,-10.2974962197955,1.2839278395632
2024-08-24 00:00:00,-10.0757802585192,1.27977307573446
2024-08-24 01:00:00,-10.565104305687,1.28340316333022
2024-08-24 02:00:00,-10.5511762092973,1.27775361716391
2024-08-24 03:00:00,-10.8020160579945,1.29186046673203
2024-08-24 04:00:00,-10.822183300528,1.32433293373716
2024-08-24 05:00:00,-11.0326207697275,1.37469500660549
2024-08-24 06:00:00,-11.1900431912356,1.40889778308283
2024-08-24 07:00:00,-10.7166382427935,1.39291738846281
2024-08-24 08:00:00,-10.7403135968322,1.40873893931269
2024-08-24 09:00:00,-10.7962742652503,1.42325111635295
2024-08-24 10:00:00,-10.7313628978634,1.43939776259556
2024-08-24 11:00:00,-10.616897753306,1.46196877713607
2024-08-24 12:00:00,-10.2993526873765,1.45499296777724
2024-08-24 13:00:00,-10.1485068424548,1.48236003673617
2024-08-24 14:00:00,-10.5563009223027,1.5305733417194
2024-08-24 15:00:00,-10.4636432490073,1.5763279410645
2024-08-24 16:00:00,-10.2110643088767,1.5813396874294
2024-08-24 17:00:00,-10.223754812492,1.56659762530031
2024-08-24 18:00:00,-10.3697347258642,1.56725890555679
2024-08-24 19:00:00,-9.85618758353277,1.54630221879017
2024-08-24 20:00:00,-10.7017541530897,1.64394643621686
2024-08-24 21:00:00,-10.5732903062632,1.66549952069631
2024-08-24 22:00:00,-9.80036329641298,1.64457966713937
2024-08-24 23:00:00,-10.2244589850931,1.64307212277182
2024-08-25 00:00:00,-12.0046170744811,1.6590824673055
2024-08-25 01:00:00,-11.7091493835171,1.63685333737272
2024-08-25 02:00:00,-11.68795625342,1.61590836794865
2024-08-25 03:00:00,-12.0323732055282,1.61325245082593
2024-08-25 04:00:00,-11.6733895308414,1.59359887877123
2024-08-25 05:00:00,-12.0374760348241,1.60479261070905
2024-08-25 06:00:00,-12.4320910071829,1.62805126145453
2024-08-25 07:00:00,-11.9032872801782,1.6062739002832
2024-08-25 08:00:00,-11.3962420177851,1.58741161347801
2024-08-25 09:00:00,-11.7306038405708,1.57635583899598
2024-08-25 10:00:00,-11.8312499394153,1.57216187911843
2024-08-25 11:00:00,-11.5742313673388,1.55743453567232
2024-08-25 12:00:00,-11.6282940993108,1.55341240864668
2024-08-25 13:00:00,-11.2811437014578,1.5481541615537
2024-08-25 14:00:00,-11.2270591899926,1.52874735398371
2024-08-25 15:00:00,-11.2064062370843,1.52061533940565
2024-08-25 16:00:00,-11.0718701221622,1.50261166489288
2024-08-25 17:00:00,-11.7887675690925,1.51917057849614
2024-08-25 18:00:00,-11.861889174311,1.52167036654982
2024-08-25 19:00:00,-11.4570047256034,1.50362717277106
2024-08-25 20:00:00,-12.0188832026507,1.56422844715898
2024-08-25 21:00:00,-11.6396460364227,1.55273485495581
2024-08-25 22:00:00,-11.137735175768,1.5330455056902
2024-08-25 23:00:00,-11.1799164119197,1.51272663078371
2024-08-26 00:00:00,-11.0916211688132,1.51440625209448
2024-08-26 01:00:00,-11.3928834698037,1.50012297599109
2024-08-26 02:00:00,-11.7009894372814,1.48059417562656
2024-08-26 03:00:00,-11.9518011572719,1.46368448886447
2024-08-26 04:00:00,-11.6999313155576,1.44449827003165
2024-08-26 05:00:00,-11.8176117601242,1.42756304771697
2024-08-26 06:00:00,-12.1426402998958,1.41545488360099
2024-08-26 07:00:00,-11.7055812103472,1.4083611497303
2024-08-26 08:00:00,-11.5522378724263,1.39129288438355
2024-08-26 09:00:00,-11.9343482070793,1.38208819186628
2024-08-26 10:00:00,-11.4629093312752,1.37023071988852
2024-08-26 11:00:00,-11.5424938748651,1.35542367972988
2024-08-26 12:00:00,-11.5773067067831,1.34132793214433
2024-08-26 13:00:00,-10.920688009866,1.32673572392595
2024-08-26 14:00:00,-11.0848319245668,1.31070032391535
2024-08-26 15:00:00,-10.4909631236676,1.32455473846934
2024-08-26 16:00:00,-11.1119472689095,1.31496341542996
2024-08-26 17:00:00,-11.375233984626,1.29841621164395
2024-08-26 18:00:00,-11.0101625513065,1.30421880771346
2024-08-26 19:00:00,-11.0718370713654,1.28958032093776
2024-08-26 20:00:00,-11.4544207700491,1.27944301464477
2024-08-26 21:00:00,-11.3851709152678,1.26365502115815
2024-08-26 22:00:00,-11.1351282529042,1.25161695654228
2024-08-26 23:00:00,-11.5344783624474,1.23889912923524
2024-08-27 00:00:00,-10.8359136746893,1.22392186260539
2024-08-27 01:00:00,-11.075115215636,1.20916868931029
2024-08-27 02:00:00,-11.1615779860297,1.19635727652464
2024-08-27 03:00:00,-11.2239104320673,1.18335556873211
2024-08-27 04:00:00,-11.3842234963654,1.19387326671343
2024-08-27 05:00:00,-11.6448342432204,1.21810044904988
2024-08-27 06:00:00,-11.8744170331008,1.23704661621893
2024-08-27 07:00:00,-11.4080788366184,1.22164990005394
2024-08-27 08:00:00,-11.1745728769711,1.20865640570851
2024-08-27 09:00:00,-11.2131726752072,1.19830667806361
2024-08-27 10:00:00,-10.8427269362206,1.18440703696534
2024-08-27 11:00:00,-10.7196428991398,1.17033074946265
2024-08-27 12:00:00,-11.1804557273487,1.19348968165972
2024-08-27 13:00:00,-10.4513261138359,1.17894662378719
2024-08-27 14:00:00,-10.5880407181791,1.16550232343221
2024-08-27 15:00:00,-10.3233878835039,1.15131108954674
2024-08-27 16:00:00,-10.2593820403774,1.13745793016017
2024-08-27 17:00:00,-10.6811771894411,1.12439829240867
2024-08-27 18:00:00,-10.9693532968202,1.11952672638334
2024-08-27 19:00:00,-10.6488838011261,1.10616741083024
2024-08-27 20:00:00,-10.65393191995,1.09390889788486
2024-08-27 21:00:00,-10.9845373277905,1.10347663006699
2024-08-27 22:00:00,-9.69688089382184,1.19849772998813
2024-08-27 23:00:00,-9.47885021092369,1.27476639941918
2024-08-28 00:00:00,-9.25497080209782,1.26671347184682
2024-08-28 01:00:00,-9.88861289017917,1.26118077805784
2024-08-28 02:00:00,-9.80444929022153,1.24591257899339
2024-08-28 03:00:00,-10.3791720363869,1.27555719969661
2024-08-28 04:00:00,-10.2363892447295,1.28723709524795
2024-08-28 05:00:00,-10.2745989942901,1.29835468899832
2024-08-28 06:00:00,-10.4991238352681,1.31321910064544
2024-08-28 07:00:00,-10.494343775776,1.31860999912134
2024-08-28 08:00:00,-9.98567871075185,1.30421755340737
2024-08-28 09:00:00,-9.99294110256802,1.29607140042795
2024-08-28 10:00:00,-9.47772210074425,1.28224506105958
2024-08-28 11:00:00,-9.81169526096807,1.29550345450572
2024-08-28 12:00:00,-9.73059110973587,1.29047981486278
2024-08-28 13:00:00,-9.44287915637639,1.29306943385901
2024-08-28 14:00:00,-9.39544827126475,1.27861940782598
2024-08-28 15:00:00,-9.09869285215252,1.26310281064942
2024-08-28 16:00:00,-9.24324399347093,1.25491751564478
2024-08-28 17:00:00,-9.11610407492508,1.24691037790374
2024-08-28 18:00:00,-9.50739498931196,1.23753046372957
2024-08-28 19:00:00,-9.22205719396088,1.22260851178299
2024-08-28 20:00:00,-9.183401683988,1.20746085878099
2024-08-28 21:00:00,-8.86125509938226,1.20253185924111
2024-08-28 22:00:00,-9.77531981119495,1.24801216531108
2024-08-28 23:00:00,-9.78542677196365,1.24109810713685
2024-08-29 00:00:00,-10.2991748521313,1.26516074765344
2024-08-29 01:00:00,-10.163691540644,1.25079565719806
2024-08-29 02:00:00,-10.0311416635134,1.23629297082729
2024-08-29 03:00:00,-10.4022634674949,1.24633167355892
2024-08-29 04:00:00,-10.7044472728636,1.31393978744461
2024-08-29 05:00:00,-10.5635738137467,1.32767632973681
2024-08-29 06:00:00,-10.5642714846257,1.32785647755739
2024-08-29 07:00:00,-10.1340902914233,1.31118277790704
2024-08-29 08:00:00,-10.4456636499452,1.33977157699286
2024-08-29 09:00:00,-10.2585556132019,1.33140294815814
2024-08-29 10:00:00,-10.4392483757473,1.35875546678201
2024-08-29 11:00:00,-10.15017258801,1.36083072706102
2024-08-29 12:00:00,-9.53047144306882,1.34460403619533
2024-08-29 13:00:00,-9.89194315096555,1.40518823519365
2024-08-29 14:00:00,-9.53140780030412,1.3869638345562
2024-08-29 15:00:00,-9.57397357870682,1.38733685156715
2024-08-29 16:00:00,-9.62982265616806,1.3860037464338
2024-08-29 17:00:00,-9.87077778539307,1.37603455493522
2024-08-29 18:00:00,-9.90978998562756,1.36689450456664
2024-08-29 19:00:00,-9.1869936902817,1.3626334662162
2024-08-29 20:00:00,-9.36699285324404,1.34597385580734
2024-08-29 21:00:00,-9.99862265544349,1.38197208416082
2024-08-29 22:00:00,-10.0410781518893,1.39252870549161
2024-08-29 23:00:00,-9.40990495186123,1.38452091558318
2024-08-30 00:00:00,-11.296404947335,1.53487923198709
2024-08-30 01:00:00,-10.5768502969292,1.51825703991358
2024-08-30 02:00:00,-10.7174261759726,1.5069918368359
2024-08-30 03:00:00,-11.1208394590462,1.52669939519669
2024-08-30 04:00:00,-10.6566816839706,1.5104978129317
2024-08-30 05:00:00,-10.863824593689,1.51536292207227
2024-08-30 06:00:00,-10.7892867069034,1.49756242712436
2024-08-30 07:00:00,-10.6395123963607,1.47780035402808
2024-08-30 08:00:00,-10.4932964979445,1.46041378009329
2024-08-30 09:00:00,-10.4700362106437,1.44251514324454
2024-08-30 10:00:00,-10.5740995630952,1.43517721933065
2024-08-30 11:00:00,-10.7576836918014,1.45891011853218
2024-08-30 12:00:00,-10.4793876585806,1.44818180463464
2024-08-30 13:00:00,-10.0331316695832,1.43763542578033
2024-08-30 14:00:00,-9.84929062075527,1.41976052541814
2024-08-30 15:00:00,-9.42833757773882,1.40701458270969
2024-08-30 16:00:00,-9.67322666439051,1.39006531017596
2024-08-30 17:00:00,-9.96312097117811,1.37216806562827
2024-08-30 18:00:00,-10.2617570203851,1.36045434747924
2024-08-30 19:00:00,-9.79534576678799,1.34847582609108
2024-08-30 20:00:00,-10.0835836363118,1.33718384035355
2024-08-30 21:00:00,-10.3270301839362,1.3381267753574
2024-08-30 22:00:00,-10.4487002238152,1.34185555741222
2024-08-30 23:00:00,-10.6127042748389,1.34338851904649
2024-08-31 00:00:00,-11.0153849088833,1.36200294116946
2024-08-31 01:00:00,-10.9302745033352,1.34791623903031
2024-08-31 02:00:00,-11.2539468909228,1.3716047318227
2024-08-31 03:00:00,-11.4349658411858,1.39818683925516
2024-08-31 04:00:00,-11.2714226774447,1.42136894757402
2024-08-31 05:00:00,-11.5954839769113,1.49387642872334
2024-08-31 06:00:00,-11.7434937487752,1.53855547815446
2024-08-31 07:00:00,-11.6615000883866,1.56139943153272
2024-08-31 08:00:00,-11.0947571012971,1.55006960881477
2024-08-31 09:00:00,-11.4020642700947,1.59148258239185
2024-08-31 10:00:00,-10.8194083559856,1.57250997413267
2024-08-31 11:00:00,-10.859300266415,1.58353357614918
2024-08-31 12:00:00,-11.192918151607,1.64607757603705
2024-08-31 13:00:00,-10.7698152605532,1.67479404088579
2024-08-31 14:00:00,-10.6974217859221,1.67140875731709
2024-08-31 15:00:00,-10.5465200733508,1.67839902862973
2024-08-31 16:00:00,-10.7487413769595,1.71233405706635
2024-08-31 17:00:00,-11.0538190606921,1.73022914697401
2024-08-31 18:00:00,-10.7093372040327,1.71128761719251
2024-08-31 19:00:00,-10.7075454899173,1.71060642761443
2024-08-31 20:00:00,-10.9677114346487,1.74406322402412
2024-08-31 21:00:00,-10.8124265719598,1.7467188945138
2024-08-31 22:00:00,-10.8946809512891,1.76530183713334
2024-08-31 23:00:00,-11.2950155444986,1.82146178012349
2024-09-01 00:00:00,-13.6100120579676,1.92308639064037
2024-09-01 01:00:00,-12.4640438224015,1.91907141757168
2024-09-01 02:00:00,-12.5989170600955,1.89490374510396
2024-09-01 03:00:00,-11.6397824892709,1.96159377758283
2024-09-01 04:00:00,-11.8257955873562,1.93763500047578
2024-09-01 05:00:00,-12.2425464016786,1.91125540506383
2024-09-01 06:00:00,-11.7104244903945,1.95268833225813
2024-09-01 07:00:00,-12.4625425270476,1.92838063164119
2024-09-01 08:00:00,-11.8800949090611,1.92602283241912
2024-09-01 09:00:00,-12.2323073768439,1.89914579841642
2024-09-01 10:00:00,-12.1413648778656,1.87331052205185
2024-09-01 11:00:00,-11.6076731218674,1.86941808830725
2024-09-01 12:00:00,-11.9324421935057,1.84400075586917
2024-09-01 13:00:00,-11.6097645449578,1.81838411849895
2024-09-01 14:00:00,-11.3940812302852,1.81575257426666
2024-09-01 15:00:00,-10.7569080543765,1.86115345857656
2024-09-01 16:00:00,-11.2928754744769,1.83610730143003
2024-09-01 17:00:00,-11.9550535671671,1.81093208143753
2024-09-01 18:00:00,-11.7671953165733,1.79684935872071
2024-09-01 19:00:00,-11.4745150103539,1.79170780765394
2024-09-01 20:00:00,-11.7622474387075,1.76704820733884
2024-09-01 21:00:00,-11.8719793864899,1.7427233317838
2024-09-01 22:00:00,-11.884233657838,1.71888879568548
2024-09-01 23:00:00,-11.0916994393091,1.80369486215242
2024-09-02 00:00:00,-9.79113040290816,1.7819333533394
2024-09-02 01:00:00,-10.578730751016,1.76254989830555
2024-09-02 02:00:00,-10.7592456373722,1.74257529270793
2024-09-02 03:00:00,-10.6374258737208,1.71882152121375
2024-09-02 04:00:00,-10.5776566389977,1.69787511109024
2024-09-02 05:00:00,-10.9981245733196,1.70354722412984
2024-09-02 06:00:00,-10.8323418408685,1.68030345292183
2024-09-02 07:00:00,-11.0962370915471,1.67010800427972
2024-09-02 08:00:00,-10.7049887210105,1.64786591782258
2024-09-02 09:00:00,-10.3943592677418,1.62886889690278
2024-09-02 10:00:00,-10.3693884770817,1.60688231307986
2024-09-02 11:00:00,-10.4431175557375,1.59170374091483
2024-09-02 12:00:00,-10.5146241578077,1.57986464697457
2024-09-02 13:00:00,-10.2576769426567,1.57336255437592
2024-09-02 14:00:00,-10.3956823694212,1.55980078851954
2024-09-02 15:00:00,-9.8849045107241,1.53969965761603
2024-09-02 16:00:00,-10.1665429055656,1.53082056970841
2024-09-02 17:00:00,-10.7656806744626,1.53717628629472
2024-09-02 18:00:00,-10.7394717517771,1.52733917472811
2024-09-02 19:00:00,-10.4769500301759,1.51051923615643
2024-09-02 20:00:00,-11.0192489373954,1.56501551361294
2024-09-02 21:00:00,-9.87589842315632,1.57336501685784
2024-09-02 22:00:00,-10.2684133199426,1.56094582148834
2024-09-02 23:00:00,-10.7188184157822,1.56291838810676
2024-09-03 00:00:00,-10.9312788890545,1.5480372694952
2024-09-03 01:00:00,-11.3218667423871,1.54706686274473
2024-09-03 02:00:00,-11.1149321598664,1.52877435388979
2024-09-03 03:00:00,-10.7771570945543,1.5118326101039
2024-09-03 04:00:00,-11.0370028221329,1.51119923654368
2024-09-03 05:00:00,-11.0003746871603,1.49549792908882
2024-09-03 06:00:00,-11.1178537508904,1.4782003364657
2024-09-03 07:00:00,-11.4258134044241,1.47834048552211
2024-09-03 08:00:00,-11.1641871040697,1.46655886255163
2024-09-03 09:00:00,-10.7994052053061,1.44791085218441
2024-09-03 10:00:00,-11.0700238945834,1.44952942367504
2024-09-03 11:00:00,-10.8414642669024,1.4373802331389
2024-09-03 12:00:00,-11.0867606923211,1.45637385912027
2024-09-03 13:00:00,-10.4126183373772,1.44038652689271
2024-09-03 14:00:00,-10.0311020926421,1.43292240652285
2024-09-03 15:00:00,-9.82229939951278,1.41747708083172
2024-09-03 16:00:00,-10.2297356967414,1.4063251611952
2024-09-03 17:00:00,-10.6327441943941,1.39163092914802
2024-09-03 18:00:00,-10.4965315100687,1.37385852249634
2024-09-03 19:00:00,-10.6192536720853,1.36328304642931
2024-09-03 20:00:00,-10.4793331926834,1.346225022174
2024-09-03 21:00:00,-10.8252074192763,1.35567393323147
2024-09-03 22:00:00,-10.9610570797434,1.36592320377911
2024-09-03 23:00:00,-10.80548759434,1.35069783281333
2024-09-04 00:00:00,-10.6924215547789,1.33358917761864
2024-09-04 01:00:00,-10.3325614640903,1.35116663126796
2024-09-04 02:00:00,-10.3487477356097,1.34695694793374
2024-09-04 03:00:00,-11.2238878733521,1.35702298109689
2024-09-04 04:00:00,-11.2615844971653,1.36075870719329
2024-09-04 05:00:00,-11.3714313161606,1.36506535573567
2024-09-04 06:00:00,-11.0457325145818,1.34882353575659
2024-09-04 07:00:00,-10.7680915441114,1.34019888844447
2024-09-04 08:00:00,-10.6369537503148,1.3241283911205
2024-09-04 09:00:00,-11.1745194046597,1.32864912485056
2024-09-04 10:00:00,-10.9634273614694,1.31377034331727
2024-09-04 11:00:00,-10.8711312793406,1.30468604750337
2024-09-04 12:00:00,-10.8304044561684,1.29550873547967
2024-09-04 13:00:00,-10.167746750391,1.27936498296678
2024-09-04 14:00:00,-10.3150798256359,1.26325368729045
2024-09-04 15:00:00,-9.65536760918674,1.27460656168648
2024-09-04 16:00:00,-9.98844171382203,1.2585991833935
2024-09-04 17:00:00,-10.3924077664529,1.2429769864513
2024-09-04 18:00:00,-10.4658910312795,1.2277188356014
2024-09-04 19:00:00,-10.6906662170165,1.22137384607163
2024-09-04 20:00:00,-10.6566282817695,1.20932863749046
2024-09-04 21:00:00,-10.5275782481822,1.19495179172009
2024-09-04 22:00:00,-11.0004845536588,1.21886673951831
2024-09-04 23:00:00,-10.5780188798218,1.20642096561959
2024-09-05 00:00:00,-10.3397682084333,1.20203728876265
2024-09-05 01:00:00,-10.7045218870891,1.20005839652358
2024-09-05 02:00:00,-10.600405746345,1.18879448338052
2024-09-05 03:00:00,-10.5697631291971,1.17625863902256
2024-09-05 04:00:00,-9.90528758973283,1.17341508563001
2024-09-05 05:00:00,-10.6825398328658,1.20054686210505
2024-09-05 06:00:00,-10.9309943773487,1.20450840452837
2024-09-05 07:00:00,-9.97795022158006,1.23652113865323
2024-09-05 08:00:00,-10.5190103227638,1.24400648544809
2024-09-05 09:00:00,-10.6816823801498,1.24392120574657
2024-09-05 10:00:00,-10.3455790827489,1.22901737097874
2024-09-05 11:00:00,-10.4555621614693,1.23620840803686
2024-09-05 12:00:00,-10.3563970391054,1.2318359607261
2024-09-05 13:00:00,-9.48634504561828,1.22012563747926
2024-09-05 14:00:00,-9.59384624736761,1.20611866675445
2024-09-05 15:00:00,-9.3269981120615,1.19490944042012
2024-09-05 16:00:00,-9.31191212768602,1.18324228873174
2024-09-05 17:00:00,-10.0547898907862,1.17583409046199
2024-09-05 18:00:00,-10.1559038954619,1.16399489645393
2024-09-05 19:00:00,-10.2799488803279,1.16486738225593
2024-09-05 20:00:00,-9.66447760454162,1.16107526236486
2024-09-05 21:00:00,-10.0720310804325,1.16048545483099
2024-09-05 22:00:00,-10.2149990463152,1.15947307335444
2024-09-05 23:00:00,-10.3412978167885,1.15376269763541
2024-09-06 00:00:00,-10.6758125709519,1.20094590800237
2024-09-06 01:00:00,-10.3580956257231,1.1861682978785
2024-09-06 02:00:00,-10.2987049569313,1.17360207146195
2024-09-06 03:00:00,-10.3079186217482,1.16077629124044
2024-09-06 04:00:00,-10.3443528805222,1.16098301179578
2024-09-06 05:00:00,-10.8508846857001,1.21280523497571
2024-09-06 06:00:00,-10.6219451092754,1.20135192562671
2024-09-06 07:00:00,-10.7057756581038,1.19959978198302
2024-09-06 08:00:00,-9.48827609374787,1.24090959165679
2024-09-06 09:00:00,-10.5461620013855,1.28586834888186
2024-09-06 10:00:00,-10.4894845615718,1.28833166365991
2024-09-06 11:00:00,-10.2462553299983,1.28398398893429
2024-09-06 12:00:00,-10.2512831774668,1.28765097615601
2024-09-06 13:00:00,-9.03595607820292,1.29497313439104
2024-09-06 14:00:00,-9.51425358816024,1.28016242717745
2024-09-06 15:00:00,-9.00697648444919,1.27675555829702
2024-09-06 16:00:00,-9.02845063010487,1.26513252789265
2024-09-06 17:00:00,-10.2358280355442,1.30035798691147
2024-09-06 18:00:00,-9.83386649111852,1.28498572439472
2024-09-06 19:00:00,-9.87629120306986,1.27372471698259
2024-09-06 20:00:00,-9.57866636559075,1.25905465879152
2024-09-06 21:00:00,-9.27211529905441,1.25294030646216
2024-09-06 22:00:00,-9.70360461024475,1.24388841651295
2024-09-06 23:00:00,-10.2219249357879,1.25332671405949
2024-09-07 00:00:00,-10.1398004395547,1.26833554416502
2024-09-07 01:00:00,-10.4227061513586,1.28042191830107
2024-09-07 02:00:00,-10.4042882254663,1.28740869901766
2024-09-07 03:00:00,-10.588143882307,1.31153872242683
2024-09-07 04:00:00,-10.6610218651513,1.36986058339545
2024-09-07 05:00:00,-10.6230582383458,1.4013475312371
2024-09-07 06:00:00,-9.97591562159677,1.38611783115793
2024-09-07 07:00:00,-10.4607812595659,1.4026849428939
2024-09-07 08:00:00,-10.3074290821258,1.40683291019952
2024-09-07 09:00:00,-10.0805902817873,1.39363887784485
2024-09-07 10:00:00,-10.4302966409978,1.43821413709661
2024-09-07 11:00:00,-10.2910541411394,1.46376129814341
2024-09-07 12:00:00,-10.2779464002725,1.49472170375677
2024-09-07 13:00:00,-9.76051256467081,1.50349093766806
2024-09-07 14:00:00,-10.0184874210952,1.52584864322078
2024-09-07 15:00:00,-9.93244264602113,1.55491363947283
2024-09-07 16:00:00,-9.9500725579168,1.58155275752069
2024-09-07 17:00:00,-10.1744985655175,1.59161388348581
2024-09-07 18:00:00,-10.1350633886061,1.59449103525758
2024-09-07 19:00:00,-10.0335862241546,1.60124687138996
2024-09-07 20:00:00,-10.3699373305949,1.66562105204068
2024-09-07 21:00:00,-10.1519001491881,1.67818176266261
2024-09-07 22:00:00,-9.79391202502767,1.66318528696275
2024-09-07 23:00:00,-10.2608138196171,1.69815572154504
2024-09-08 00:00:00,-12.088437808858,1.70828357173344
2024-09-08 01:00:00,-11.5666967750925,1.68999314747972
2024-09-08 02:00:00,-11.7129819692872,1.67100340376022
2024-09-08 03:00:00,-11.7540306354808,1.65029050401444
2024-09-08 04:00:00,-11.8183473926324,1.64518160648928
2024-09-08 05:00:00,-11.3915092337964,1.62560733321558
2024-09-08 06:00:00,-12.1605128573374,1.64320938778702
2024-09-08 07:00:00,-11.9477463379388,1.62228039480444
2024-09-08 08:00:00,-11.437457327053,1.60197300968284
2024-09-08 09:00:00,-11.9831181685658,1.61507572089465
2024-09-08 10:00:00,-11.0613854054717,1.61799349371773
2024-09-08 11:00:00,-11.5667171961301,1.62534114190403
2024-09-08 12:00:00,-11.3491281829148,1.60495514991608
2024-09-08 13:00:00,-10.580871553506,1.58929618403247
2024-09-08 14:00:00,-11.2163592711036,1.58170074774837
2024-09-08 15:00:00,-10.9543305416285,1.56138683699622
2024-09-08 16:00:00,-10.7318510745027,1.54178771645362
2024-09-08 17:00:00,-11.5297134853599,1.54270798300008
2024-09-08 18:00:00,-11.1445995439376,1.52564867832322
2024-09-08 19:00:00,-11.2611255047503,1.50994604935511
2024-09-08 20:00:00,-11.5001041356847,1.50796075864707
2024-09-08 21:00:00,-11.2595581494873,1.48904639797896
2024-09-08 22:00:00,-10.8476485628349,1.4761820587204
2024-09-08 23:00:00,-10.3587181936707,1.51900509081577
2024-09-09 00:00:00,-10.3822840889219,1.49899660654576
2024-09-09 01:00:00,-10.667845295396,1.48066527760653
2024-09-09 02:00:00,-10.7297917134399,1.46188054657482
2024-09-09 03:00:00,-11.1471297516098,1.45116511083703
2024-09-09 04:00:00,-10.4549967859508,1.44712414534366
2024-09-09 05:00:00,-11.0782047662857,1.44765628605341
2024-09-09 06:00:00,-10.9116582130929,1.43122899080695
2024-09-09 07:00:00,-11.3445611554992,1.42598684416474
2024-09-09 08:00:00,-10.933221532498,1.40740816775307
2024-09-09 09:00:00,-11.1979296646179,1.40281629818624
2024-09-09 10:00:00,-10.5311152284863,1.39604508094435
2024-09-09 11:00:00,-10.780500734068,1.38884046920461
2024-09-09 12:00:00,-11.0064521701943,1.39446771404719
2024-09-09 13:00:00,-10.3716895077095,1.37735365762248
2024-09-09 14:00:00,-10.3296403826685,1.36002969726076
2024-09-09 15:00:00,-10.0502321487489,1.34378748632674
2024-09-09 16:00:00,-10.0096298155909,1.32793413283012
2024-09-09 17:00:00,-10.1934142959098,1.31815300176567
2024-09-09 18:00:00,-10.4205475813124,1.30149396697557
2024-09-09 19:00:00,-10.5955555093808,1.28918949766523
2024-09-09 20:00:00,-10.4071341583997,1.27334243981385
2024-09-09 21:00:00,-10.8020969700615,1.27787944136728
2024-09-09 22:00:00,-9.93076647447839,1.30250017004859
2024-09-09 23:00:00,-10.9480033402714,1.32465123043998
2024-09-10 00:00:00,-10.5388534607804,1.31858409887391
2024-09-10 01:00:00,-10.4421621264318,1.30203995937813
2024-09-10 02:00:00,-10.5583532643572,1.28910368571096
2024-09-10 03:00:00,-10.7048879454983,1.27925015631098
2024-09-10 04:00:00,-10.7630970152979,1.28636287133399
2024-09-10 05:00:00,-10.5729433579476,1.27265373589105
2024-09-10 06:00:00,-10.9487097702995,1.27619048032651
2024-09-10 07:00:00,-11.2003001150893,1.29285378102173
2024-09-10 08:00:00,-10.407423451972,1.27857792579161
2024-09-10 09:00:00,-10.63050302759,1.27327379852507
2024-09-10 10:00:00,-10.4244411024081,1.25898883200884
2024-09-10 11:00:00,-10.5100441725626,1.26372263480443
2024-09-10 12:00:00,-10.3613049899978,1.254977093952
2024-09-10 13:00:00,-9.87162566882931,1.24223498363918
2024-09-10 14:00:00,-9.91632134714319,1.2269849914863
2024-09-10 15:00:00,-9.43965867827523,1.21751848890629
2024-09-10 16:00:00,-9.86731690458413,1.21340244955258
2024-09-10 17:00:00,-10.6246296893607,1.23720277048637
2024-09-10 18:00:00,-9.91276110173889,1.23499901874461
2024-09-10 19:00:00,-9.85913313271635,1.21969806213737
2024-09-10 20:00:00,-10.1640162567361,1.21479710708423
2024-09-10 21:00:00,-10.1616432188649,1.20502266933906
2024-09-10 22:00:00,-10.3524768484111,1.20831468443948
2024-09-10 23:00:00,-10.5633365993868,1.21162022165433
2024-09-11 00:00:00,-10.7043013297769,1.20105133194011
2024-09-11 01:00:00,-10.9655483701893,1.19491486378866
2024-09-11 02:00:00,-9.91267824297107,1.25383673463598
2024-09-11 03:00:00,-10.6562455572174,1.24601090818811
2024-09-11 04:00:00,-10.6812695535379,1.23684013000192
2024-09-11 05:00:00,-10.2577677118039,1.23099884962111
2024-09-11 06:00:00,-10.8492850238426,1.22423993299031
2024-09-11 07:00:00,-11.3556906633665,1.24704981467363
2024-09-11 08:00:00,-10.9115640606631,1.23477297780904
2024-09-11 09:00:00,-10.9919084086796,1.23320335516552
2024-09-11 10:00:00,-10.6062815719202,1.21798431155546
2024-09-11 11:00:00,-10.6318735446037,1.21566531743028
2024-09-11 12:00:00,-10.7437042880195,1.22300883249915
2024-09-11 13:00:00,-9.80345761615753,1.21192196503896
2024-09-11 14:00:00,-9.67881423552323,1.20856513029244
2024-09-11 15:00:00,-9.77513453971162,1.1938851672106
2024-09-11 16:00:00,-9.78079501724236,1.17941929722823
2024-09-11 17:00:00,-10.0706437090527,1.16598910808817
2024-09-11 18:00:00,-10.1680436236412,1.1519788210799
2024-09-11 19:00:00,-10.2320657397939,1.1395027683111
2024-09-11 20:00:00,-10.3623345314333,1.13129250893171
2024-09-11 21:00:00,-10.7192753542694,1.15316933817997
2024-09-11 22:00:00,-10.5187689362962,1.14491595435334
2024-09-11 23:00:00,-10.6866789505232,1.14253579599788
2024-09-12 00:00:00,-10.8144525017755,1.19103713363895
2024-09-12 01:00:00,-10.2932245054427,1.18007036968415
2024-09-12 02:00:00,-10.0457260978428,1.16919836542517
2024-09-12 03:00:00,-10.1618416435844,1.15499340146803
2024-09-12 04:00:00,-10.4785441606049,1.16549162514291
2024-09-12 05:00:00,-10.4638684526299,1.15832557370786
2024-09-12 06:00:00,-10.7782265002548,1.16168394742679
2024-09-12 07:00:00,-10.7816971739191,1.15677100473672
2024-09-12 08:00:00,-10.4985404338726,1.14789368230174
2024-09-12 09:00:00,-10.6165910555087,1.14986751221532
2024-09-12 10:00:00,-10.7382725098776,1.17100077691111
2024-09-12 11:00:00,-10.6927597695362,1.19918153301257
2024-09-12 12:00:00,-10.5118082476813,1.20738320370006
2024-09-12 13:00:00,-9.64742725742102,1.1924883338002
2024-09-12 14:00:00,-9.78943557785601,1.17912797329201
2024-09-12 15:00:00,-9.1782264778864,1.17735800189017
2024-09-12 16:00:00,-9.81232985051412,1.18666904629152
2024-09-12 17:00:00,-10.4095270126473,1.20026019909306
2024-09-12 18:00:00,-10.2917742809498,1.19133407083117
2024-09-12 19:00:00,-10.0592419004375,1.1795412460019
2024-09-12 20:00:00,-10.1417975312528,1.17667825555725
2024-09-12 21:00:00,-10.3607347588867,1.19475353405453
2024-09-12 22:00:00,-10.0493386505739,1.182174838766
2024-09-12 23:00:00,-10.451789709207,1.19657818520649
2024-09-13 00:00:00,-10.9730673447957,1.20749315760636
2024-09-13 01:00:00,-10.9757854778205,1.19763790163425
2024-09-13 02:00:00,-11.131863210124,1.2047276311452
2024-09-13 03:00:00,-11.5334649109613,1.25249737489112
2024-09-13 04:00:00,-11.135282316568,1.25577327694589
2024-09-13 05:00:00,-11.2391482419491,1.27564711337388
2024-09-13 06:00:00,-11.1584016858416,1.26747073221216
2024-09-13 07:00:00,-11.3682463816115,1.28011597897009
2024-09-13 08:00:00,-10.8860351236087,1.26681425119557
2024-09-13 09:00:00,-11.0362368189009,1.27090506283377
2024-09-13 10:00:00,-11.0644210212431,1.28286977541727
2024-09-13 11:00:00,-10.9091605383092,1.29216538703887
2024-09-13 12:00:00,-10.4616479590302,1.27658180500211
2024-09-13 13:00:00,-10.0558410453149,1.26421248028982
2024-09-13 14:00:00,-10.2607118972323,1.25276436867354
2024-09-13 15:00:00,-9.74185260440796,1.24045640513871
2024-09-13 16:00:00,-9.49363945667903,1.23542822315757
2024-09-13 17:00:00,-10.4960552998499,1.24329667723988
2024-09-13 18:00:00,-10.3906980737688,1.22811959425076
2024-09-13 19:00:00,-10.273288107403,1.21392761476091
2024-09-13 20:00:00,-10.3154005119588,1.20247154024828
2024-09-13 21:00:00,-10.657280079742,1.21959641581652
2024-09-13 22:00:00,-10.5710577168351,1.21586159510809
2024-09-13 23:00:00,-10.4789280102673,1.2021362261894
2024-09-14 00:00:00,-11.0966370238002,1.20902808956061
2024-09-14 01:00:00,-11.1528215246547,1.19709697905442
2024-09-14 02:00:00,-11.4619598787548,1.21377145022041
2024-09-14 03:00:00,-11.5350073391387,1.22131997646198
2024-09-14 04:00:00,-11.4031785642355,1.23388682206903
2024-09-14 05:00:00,-11.5396196805242,1.25752275795208
2024-09-14 06:00:00,-11.1004725693273,1.24256813166279
2024-09-14 07:00:00,-11.4093152922799,1.24337841687938
2024-09-14 08:00:00,-11.5430071363422,1.27179061775557
2024-09-14 09:00:00,-11.6381373928403,1.29872578899553
2024-09-14 10:00:00,-11.2031496162957,1.28900244546389
2024-09-14 11:00:00,-11.016950634597,1.28664706569495
2024-09-14 12:00:00,-10.8369353893074,1.27684277369909
2024-09-14 13:00:00,-10.6684666400071,1.28738088562758
2024-09-14 14:00:00,-11.0982013567502,1.31840415720425
2024-09-14 15:00:00,-10.5498249353553,1.30486093792373
2024-09-14 16:00:00,-10.8961260879889,1.3358861101489
2024-09-14 17:00:00,-11.2674814885718,1.35445094608926
2024-09-14 18:00:00,-11.3963537456245,1.38021266941604
2024-09-14 19:00:00,-10.307044031919,1.38076994309205
2024-09-14 20:00:00,-11.2819077146914,1.46669092466044
2024-09-14 21:00:00,-10.8929294683488,1.45445787638985
2024-09-14 22:00:00,-11.1061242609859,1.47496029091759
2024-09-14 23:00:00,-11.1722035577778,1.47726466165105
2024-09-15 00:00:00,-12.9199443453608,1.56548948605972
2024-09-15 01:00:00,-12.5238472478043,1.54721027650004
2024-09-15 02:00:00,-12.003346274799,1.52962382730835
2024-09-15 03:00:00,-12.4969761893928,1.53416265171242
2024-09-15 04:00:00,-12.4235744111677,1.53468831558053
2024-09-15 05:00:00,-12.2345057310402,1.51766502134073
2024-09-15 06:00:00,-12.7616124927268,1.53717921897523
2024-09-15 07:00:00,-12.7412721901499,1.53365768270755
2024-09-15 08:00:00,-12.4080593575402,1.52168753214451
2024-09-15 09:00:00,-12.1669044050573,1.50237183088059
2024-09-15 10:00:00,-12.4262475648059,1.51478387947217
2024-09-15 11:00:00,-12.2639209585692,1.51507304891379
2024-09-15 12:00:00,-12.367321906611,1.53437355038016
2024-09-15 13:00:00,-11.6316612606446,1.51704756695838
2024-09-15 14:00:00,-11.745475195394,1.50165207385799
2024-09-15 15:00:00,-10.997051114395,1.49691996660429
2024-09-15 16:00:00,-11.3375415564824,1.48070666181853
2024-09-15 17:00:00,-11.6521924591278,1.4613406173849
2024-09-15 18:00:00,-11.6478482651424,1.44222535294348
2024-09-15 19:00:00,-11.1611262578051,1.44048314611369
2024-09-15 20:00:00,-11.6424568338398,1.4295223689178
2024-09-15 21:00:00,-11.4378644151287,1.41173367536554
2024-09-15 22:00:00,-11.3991839473206,1.3938457473462
2024-09-15 23:00:00,-12.2924221837965,1.43228193519585
2024-09-16 00:00:00,-10.5718291415374,1.5165391562323
2024-09-16 01:00:00,-11.2347633988058,1.49670874570304
2024-09-16 02:00:00,-11.2405452148289,1.48158137313973
2024-09-16 03:00:00,-11.2819010551593,1.46703529639393
2024-09-16 04:00:00,-11.3170154865288,1.44779910904262
2024-09-16 05:00:00,-11.920616458732,1.45997596646644
2024-09-16 06:00:00,-11.4648197650323,1.45277186395083
2024-09-16 07:00:00,-11.7384526819304,1.43506471072776
2024-09-16 08:00:00,-11.4501252057757,1.41677011880243
2024-09-16 09:00:00,-11.3598561422997,1.39971963263735
2024-09-16 10:00:00,-11.2832582825549,1.38193624570991
2024-09-16 11:00:00,-11.3229346898444,1.36680584116924
2024-09-16 12:00:00,-11.541521997459,1.36443411273395
2024-09-16 13:00:00,-10.8869333511915,1.34691906767067
2024-09-16 14:00:00,-10.6113939743862,1.34764898199531
2024-09-16 15:00:00,-10.3266474499531,1.34545000451506
2024-09-16 16:00:00,-10.7873489143963,1.3304007984449
2024-09-16 17:00:00,-11.280229650075,1.3154761339063
2024-09-16 18:00:00,-10.9136720626894,1.31276885665617
2024-09-16 19:00:00,-10.6816820946855,1.3087243035522
2024-09-16 20:00:00,-11.0373154097531,1.29331896494788
2024-09-16 21:00:00,-10.7767955361625,1.28464083376879
2024-09-16 22:00:00,-11.2383965403641,1.27782499939926
2024-09-16 23:00:00,-11.4082877497466,1.26439986001795
2024-09-17 00:00:00,-10.5482720430545,1.24880471806705
2024-09-17 01:00:00,-10.7408319918978,1.23330416889643
2024-09-17 02:00:00,-11.0346844062487,1.23032270937359
2024-09-17 03:00:00,-10.9308159791578,1.21570285167494
2024-09-17 04:00:00,-11.2825817395609,1.25221798800356
2024-09-17 05:00:00,-11.3342637173176,1.26641184373707
2024-09-17 06:00:00,-10.7195257012307,1.26103104603962
2024-09-17 07:00:00,-11.3564230195771,1.27953916388649
2024-09-17 08:00:00,-11.1129560645854,1.27355004318445
2024-09-17 09:00:00,-10.9425602678329,1.26024541673706
2024-09-17 10:00:00,-10.5057681983848,1.24628588197642
2024-09-17 11:00:00,-10.7574104603442,1.25097098827717
2024-09-17 12:00:00,-10.7743744114573,1.24980364236234
2024-09-17 13:00:00,-10.1902107560476,1.2357053558763
2024-09-17 14:00:00,-10.4076931722416,1.22518040069941
2024-09-17 15:00:00,-9.54447245909191,1.23997046683418
2024-09-17 16:00:00,-9.88898870769144,1.22511293415091
2024-09-17 17:00:00,-10.2893957466177,1.20994091653762
2024-09-17 18:00:00,-10.6187541323986,1.20286987638427
2024-09-17 19:00:00,-10.3024322246456,1.1882795289615
2024-09-17 20:00:00,-9.79171677699889,1.19704095187125
2024-09-17 21:00:00,-10.2584128586726,1.18769508689013
2024-09-17 22:00:00,-10.645594226543,1.19489891014103
2024-09-17 23:00:00,-11.0292546741456,1.21391764438235
2024-09-18 00:00:00,-10.7486041097675,1.2103772330941
2024-09-18 01:00:00,-10.5820603315988,1.19567881995485
2024-09-18 02:00:00,-10.3900170357418,1.18239616734309
2024-09-18 03:00:00,-10.8921292977918,1.18742695077884
2024-09-18 04:00:00,-10.3395189478196,1.17424794248416
2024-09-18 05:00:00,-10.722834410834,1.17600067122983
2024-09-18 06:00:00,-11.1757947904443,1.19249141513101
2024-09-18 07:00:00,-11.066617576315,1.18509829365101
2024-09-18 08:00:00,-10.9768910841011,1.1901642056149
2024-09-18 09:00:00,-10.8252202754153,1.18192207181309
2024-09-18 10:00:00,-10.6205085683081,1.17125290087182
2024-09-18 11:00:00,-10.1897885687453,1.15711480949937
2024-09-18 12:00:00,-10.8546153849787,1.21359043848815
2024-09-18 13:00:00,-10.116052886435,1.20173166951541
2024-09-18 14:00:00,-10.0618456098852,1.18708462823717
2024-09-18 15:00:00,-10.007787397174,1.17836550273436
2024-09-18 16:00:00,-10.1041925568257,1.17298765989566
2024-09-18 17:00:00,-10.1599592695308,1.15882161661269
2024-09-18 18:00:00,-10.0759318410779,1.14557732470381
2024-09-18 19:00:00,-9.38136671353471,1.1771416421113
2024-09-18 20:00:00,-9.86753395819191,1.16379653817082
2024-09-18 21:00:00,-10.1419610811379,1.15550484108455
2024-09-18 22:00:00,-10.1956475201743,1.14507637441714
2024-09-18 23:00:00,-10.4767511121277,1.1412503478505
2024-09-19 00:00:00,-9.89395792758704,1.13197166081177
2024-09-19 01:00:00,-10.2254822927206,1.11855479789489
2024-09-19 02:00:00,-10.1852343768353,1.10534644239174
2024-09-19 03:00:00,-10.637859653,1.1087789151867
2024-09-19 04:00:00,-10.4213586697299,1.10072962316966
2024-09-19 05:00:00,-10.6596456928015,1.10939321904505
2024-09-19 06:00:00,-11.1021812317152,1.14013695089505
2024-09-19 07:00:00,-10.7486913082456,1.12777279131695
2024-09-19 08:00:00,-10.5906598411549,1.12373068268833
2024-09-19 09:00:00,-10.8899931424463,1.14969192956664
2024-09-19 10:00:00,-10.625243610119,1.14729924345192
2024-09-19 11:00:00,-9.91493018320644,1.1363910787951
2024-09-19 12:00:00,-10.4653188659848,1.16981293098398
2024-09-19 13:00:00,-9.5905329974257,1.15618961453766
2024-09-19 14:00:00,-9.71484020231803,1.14221248555446
2024-09-19 15:00:00,-9.54846820951626,1.12856952486686
2024-09-19 16:00:00,-9.91894722893682,1.13388829207834
2024-09-19 17:00:00,-10.0364474455001,1.1205893309432
2024-09-19 18:00:00,-9.89936412180295,1.10767256953091
2024-09-19 19:00:00,-10.0709302524626,1.1032054646752
2024-09-19 20:00:00,-10.0517917243363,1.09442985633133
2024-09-19 21:00:00,-10.560053567057,1.14338514624607
2024-09-19 22:00:00,-10.2997772764986,1.13921259683901
2024-09-19 23:00:00,-10.2640615193899,1.13000208062559
2024-09-20 00:00:00,-11.1667308685151,1.17465226446043
2024-09-20 01:00:00,-10.9728878236448,1.16189636457803
2024-09-20 02:00:00,-10.6975826696882,1.14781405624597
2024-09-20 03:00:00,-10.7662753021353,1.13498972961687
2024-09-20 04:00:00,-10.5016266665444,1.12132994305155
2024-09-20 05:00:00,-10.4175350340965,1.10846181624108
2024-09-20 06:00:00,-10.8897172270386,1.10260093467319
2024-09-20 07:00:00,-11.0777643389749,1.09832636606626
2024-09-20 08:00:00,-10.7893276621683,1.08744254926555
2024-09-20 09:00:00,-10.6069868203379,1.07456571431195
2024-09-20 10:00:00,-11.0681543890078,1.10642934695322
2024-09-20 11:00:00,-10.5476320506788,1.09405851195179
2024-09-20 12:00:00,-10.5245803265249,1.0880173237239
2024-09-20 13:00:00,-10.2467642456277,1.08740410993128
2024-09-20 14:00:00,-10.2188351011665,1.07502587204573
2024-09-20 15:00:00,-9.64495479844718,1.07109977326767
2024-09-20 16:00:00,-10.0428788709135,1.06629838106998
2024-09-20 17:00:00,-10.4813992708982,1.05951922531023
2024-09-20 18:00:00,-10.6221764636311,1.05537849520292
2024-09-20 19:00:00,-10.3016419828838,1.04309862182472
2024-09-20 20:00:00,-10.8448258768095,1.08326246599824
2024-09-20 21:00:00,-10.6606903388584,1.08266653164366
2024-09-20 22:00:00,-10.4613062401226,1.07363925669036
2024-09-20 23:00:00,-11.339756554581,1.17262205053699
2024-09-21 00:00:00,-11.0924494162197,1.16006602202654
2024-09-21 01:00:00,-10.9062317774443,1.1470819595486
2024-09-21 02:00:00,-11.0089167983734,1.13542746167164
2024-09-21 03:00:00,-11.4421913090154,1.14953642188508
2024-09-21 04:00:00,-11.1287540513971,1.14188134809182
2024-09-21 05:00:00,-11.2819817511763,1.14688170459535
2024-09-21 06:00:00,-11.6279928150694,1.16413338978549
2024-09-21 07:00:00,-11.5667112285848,1.16312205649016
2024-09-21 08:00:00,-11.3598240334083,1.16436689020784
2024-09-21 09:00:00,-11.6091132098574,1.19593047669253
2024-09-21 10:00:00,-11.5078200281439,1.21509256900474
2024-09-21 11:00:00,-11.6373819579513,1.2832370770195
2024-09-21 12:00:00,-11.5716466881195,1.3308475335545
2024-09-21 13:00:00,-11.0354397226436,1.35274446662803
2024-09-21 14:00:00,-11.2440260165363,1.38347506425278
2024-09-21 15:00:00,-10.998922175253,1.40078338416601
2024-09-21 16:00:00,-10.8871671864032,1.40751233972322
2024-09-21 17:00:00,-11.2035469364743,1.41588692722942
2024-09-21 18:00:00,-10.8847921424604,1.39880525240223
2024-09-21 19:00:00,-11.6358319091294,1.51829177665063
2024-09-21 20:00:00,-10.9388830305238,1.50022081262874
2024-09-21 21:00:00,-11.7258693542247,1.64212893777932
2024-09-21 22:00:00,-11.6623826402627,1.70159418089152
2024-09-21 23:00:00,-11.3829201883374,1.70061165529598
2024-09-22 00:00:00,-12.1593102666821,1.67806014319006
2024-09-22 01:00:00,-11.9602260156638,1.66507751219016
2024-09-22 02:00:00,-12.1710066397365,1.64285112892664
2024-09-22 03:00:00,-11.9784033754572,1.6280411821817
2024-09-22 04:00:00,-11.7992284279386,1.60907755016442
2024-09-22 05:00:00,-12.3847893372639,1.60541190904301
2024-09-22 06:00:00,-12.4594232715577,1.58475393717715
2024-09-22 07:00:00,-12.3148035356968,1.56425550316464
2024-09-22 08:00:00,-12.6313837692144,1.57205506036536
2024-09-22 09:00:00,-12.465429942521,1.55425570275968
2024-09-22 10:00:00,-11.7376098662852,1.55235892604313
2024-09-22 11:00:00,-12.0920440383081,1.54526186735276
2024-09-22 12:00:00,-11.8404135140735,1.52474324692625
2024-09-22 13:00:00,-11.7876588307799,1.51938676390104
2024-09-22 14:00:00,-11.7536724000486,1.49925755880048
2024-09-22 15:00:00,-11.3097830116897,1.48376000696791
2024-09-22 16:00:00,-11.6422249253722,1.47039106309154
2024-09-22 17:00:00,-11.8956242630922,1.45117802154808
2024-09-22 18:00:00,-11.7652266207251,1.43415487838724
2024-09-22 19:00:00,-11.8939308365974,1.41862090438053
2024-09-22 20:00:00,-11.6484070875036,1.40200674427456
2024-09-22 21:00:00,-11.8826880876411,1.389186900316
2024-09-22 22:00:00,-11.0875203454565,1.42286690861967
2024-09-22 23:00:00,-11.0795034958613,1.43900942837821
2024-09-23 00:00:00,-10.8059006678217,1.42045788003317
2024-09-23 01:00:00,-10.7995935104955,1.41956540804695
2024-09-23 02:00:00,-11.0502947223085,1.40160833610769
2024-09-23 03:00:00,-11.3165207434705,1.38395275249534
2024-09-23 04:00:00,-10.7692453875817,1.38164906318823
2024-09-23 05:00:00,-10.9812707305851,1.36419658618676
2024-09-23 06:00:00,-11.3038790738764,1.34667997355388
2024-09-23 07:00:00,-11.6252724153104,1.33521150342272
2024-09-23 08:00:00,-11.2644014570611,1.31829431111171
2024-09-23 09:00:00,-11.2189581814184,1.30154300274069
2024-09-23 10:00:00,-11.3166082942747,1.28970381644451
2024-09-23 11:00:00,-11.1776779620768,1.27678731423823
2024-09-23 12:00:00,-11.3088053602388,1.27523306350728
2024-09-23 13:00:00,-10.6406893941022,1.25919859046875
2024-09-23 14:00:00,-10.967549603746,1.24904585424982
2024-09-23 15:00:00,-10.1071453666468,1.26572980111484
2024-09-23 16:00:00,-10.5273935761111,1.25171376192581
2024-09-23 17:00:00,-11.3340716679843,1.25952504033562
2024-09-23 18:00:00,-11.2366064953216,1.24571305904556
2024-09-23 19:00:00,-11.137612457935,1.23427607718498
2024-09-23 20:00:00,-10.9799971542744,1.21937254099281
2024-09-23 21:00:00,-11.1555779503596,1.21574243441422
2024-09-23 22:00:00,-10.7032011333877,1.2056029903408
2024-09-23 23:00:00,-11.1870817966234,1.20037184697117
2024-09-24 00:00:00,-10.815851725692,1.18938257685701
2024-09-24 01:00:00,-10.6080188029379,1.18345875363802
2024-09-24 02:00:00,-10.7566953760296,1.16899535722351
2024-09-24 03:00:00,-10.8870006872289,1.15502735592404
2024-09-24 04:00:00,-10.7804597750802,1.14223606931471
2024-09-24 05:00:00,-11.1302328216075,1.14680845632883
2024-09-24 06:00:00,-11.7298056412993,1.189624130725
2024-09-24 07:00:00,-11.4041373867612,1.17826335332847
2024-09-24 08:00:00,-11.2788223689042,1.17945261116126
2024-09-24 09:00:00,-11.078206340738,1.16775375342335
2024-09-24 10:00:00,-11.1139325644123,1.16829153554564
2024-09-24 11:00:00,-10.9414988714544,1.16555565418034
2024-09-24 12:00:00,-10.8423269530276,1.1604502395094
2024-09-24 13:00:00,-10.4874482805949,1.15746640231678
2024-09-24 14:00:00,-10.4565034807821,1.14403328006661
2024-09-24 15:00:00,-9.94382011070338,1.13505902099884
2024-09-24 16:00:00,-10.3583323490227,1.1336156212989
2024-09-24 17:00:00,-10.8618111662852,1.13393388779054
2024-09-24 18:00:00,-10.5304325003243,1.12147658948339
2024-09-24 19:00:00,-10.4687005502004,1.10865330839165
2024-09-24 20:00:00,-10.3629396505297,1.0954396305329
2024-09-24 21:00:00,-10.58130977585,1.0904946224285
2024-09-24 22:00:00,-10.6858654642137,1.08697222357427
2024-09-24 23:00:00,-10.5432858988403,1.07426644015403
2024-09-25 00:00:00,-11.1167443631448,1.0814502010399
2024-09-25 01:00:00,-10.6856996015311,1.08555697868111
2024-09-25 02:00:00,-10.5817723308082,1.08097941778481
2024-09-25 03:00:00,-11.4057428277988,1.10262003320141
2024-09-25 04:00:00,-11.1218541771092,1.09337561890835
2024-09-25 05:00:00,-11.3227682098147,1.09809634022688
2024-09-25 06:00:00,-11.8689396788915,1.14018469467369
2024-09-25 07:00:00,-11.2358160376064,1.12840890235952
2024-09-25 08:00:00,-10.9998042257258,1.1153103489636
2024-09-25 09:00:00,-11.5240207688235,1.14533956756809
2024-09-25 10:00:00,-11.1253964797761,1.13353682346534
2024-09-25 11:00:00,-10.8496078910222,1.12205625231452
2024-09-25 12:00:00,-10.9964057495977,1.12558948300267
2024-09-25 13:00:00,-10.5648932671066,1.11941780111977
2024-09-25 14:00:00,-10.524468811225,1.10612191847515
2024-09-25 15:00:00,-10.3711968410408,1.09449342164658
2024-09-25 16:00:00,-10.3151207850739,1.08181926908238
2024-09-25 17:00:00,-10.7676687923214,1.07303052844592
2024-09-25 18:00:00,-10.7379394137663,1.06074782942464
2024-09-25 19:00:00,-11.1937234431899,1.09634202402019
2024-09-25 20:00:00,-10.6724974759409,1.08346233596736
2024-09-25 21:00:00,-10.9641324246614,1.09489134171025
2024-09-25 22:00:00,-11.0866019365269,1.10761314687079
2024-09-25 23:00:00,-10.5183368175875,1.10364023743245
2024-09-26 00:00:00,-10.8296310133317,1.09139815400308
2024-09-26 01:00:00,-10.8151918595038,1.08372143050374
2024-09-26 02:00:00,-10.7833408567758,1.07424039406719
2024-09-26 03:00:00,-11.485785500252,1.09013624809684
2024-09-26 04:00:00,-11.3748872610516,1.09133086177637
2024-09-26 05:00:00,-11.6017433071437,1.1101078569856
2024-09-26 06:00:00,-11.4667833269062,1.09890887080341
2024-09-26 07:00:00,-11.432626402887,1.08824522625052
2024-09-26 08:00:00,-11.2676130376656,1.08018450452505
2024-09-26 09:00:00,-11.3104183707698,1.07452122503684
2024-09-26 10:00:00,-10.8557212376539,1.06359221923179
2024-09-26 11:00:00,-10.5832675278836,1.05217798822858
2024-09-26 12:00:00,-10.859331848691,1.04886362576607
2024-09-26 13:00:00,-10.3496926866974,1.03670722800422
2024-09-26 14:00:00,-10.7059716640046,1.03070716964163
2024-09-26 15:00:00,-9.8732652363905,1.04804719921067
2024-09-26 16:00:00,-10.1054530443914,1.03606876291486
2024-09-26 17:00:00,-10.6953054333626,1.025898516769
2024-09-26 18:00:00,-10.7303464706105,1.01407803503359
2024-09-26 19:00:00,-10.73614455138,1.00440280191794
2024-09-26 20:00:00,-10.7366288112564,0.994765849399874
2024-09-26 21:00:00,-10.8617220940867,0.992138600550445
2024-09-26 22:00:00,-10.6098897864814,0.980964093131101
2024-09-26 23:00:00,-11.0766631096077,0.986546069536542
2024-09-27 00:00:00,-10.6229086549326,0.975406904608438
2024-09-27 01:00:00,-10.9446752268493,0.968237423794229
2024-09-27 02:00:00,-10.9384783806849,0.959493274981742
2024-09-27 03:00:00,-11.1427542760994,0.958873106087575
2024-09-27 04:00:00,-10.7518834418309,0.948341781224614
2024-09-27 05:00:00,-11.4908695916721,1.01588597475607
2024-09-27 06:00:00,-11.1783570764595,1.00491958017054
2024-09-27 07:00:00,-11.102966096144,0.994798181791399
2024-09-27 08:00:00,-10.7716167440511,0.983514283527745
2024-09-27 09:00:00,-10.9630015075314,0.980544763052129
2024-09-27 10:00:00,-10.7010537482573,0.969628820913867
2024-09-27 11:00:00,-10.8677263941521,0.980756917078183
2024-09-27 12:00:00,-10.7995094219895,0.981207373520286
2024-09-27 13:00:00,-10.214678665324,0.971398478434545
2024-09-27 14:00:00,-10.4430354021865,0.965411577211498
2024-09-27 15:00:00,-10.1472702463671,0.954951754511033
2024-09-27 16:00:00,-10.6479841972299,0.98562514656328
2024-09-27 17:00:00,-10.7437041789547,0.978334789731393
2024-09-27 18:00:00,-10.4848359054085,0.967635124038185
2024-09-27 19:00:00,-10.6154847531039,0.966427955280641
2024-09-27 20:00:00,-10.6859702357056,0.966829387522019
2024-09-27 21:00:00,-10.8293436830735,0.979810382952564
2024-09-27 22:00:00,-10.9808796051582,1.00343640704771
2024-09-27 23:00:00,-11.3298513625754,1.04863464417334
2024-09-28 00:00:00,-11.7883571803796,1.05400876325898
2024-09-28 01:00:00,-11.7422443142811,1.04553613243829
2024-09-28 02:00:00,-11.7212722247409,1.04045692768862
2024-09-28 03:00:00,-11.8406889471244,1.04080668043559
2024-09-28 04:00:00,-11.5133165015423,1.03183952850171
2024-09-28 05:00:00,-11.802072630903,1.04598191500541
2024-09-28 06:00:00,-12.0350965028289,1.0552997796906
2024-09-28 07:00:00,-11.8276426002362,1.04530766389625
2024-09-28 08:00:00,-11.7363604720314,1.04617020534187
2024-09-28 09:00:00,-11.7611469499415,1.04701305786689
2024-09-28 10:00:00,-11.4819919153667,1.03732437097403
2024-09-28 11:00:00,-11.7150525001017,1.06955453773744
2024-09-28 12:00:00,-11.63209662225,1.08150538604684
2024-09-28 13:00:00,-10.8556647948882,1.06919430777212
2024-09-28 14:00:00,-11.3925213313532,1.09022708061718
2024-09-28 15:00:00,-11.1134738587811,1.08764776074706
2024-09-28 16:00:00,-11.730695997588,1.17949534031301
2024-09-28 17:00:00,-11.6056738305263,1.17389185275507
2024-09-28 18:00:00,-11.489768268667,1.1672453061245
2024-09-28 19:00:00,-11.6414609987805,1.19096434768641
2024-09-28 20:00:00,-11.7508419822385,1.22184832545432
2024-09-28 21:00:00,-11.7664054812887,1.25236620591525
2024-09-28 22:00:00,-11.0722015363493,1.23743369799954
2024-09-28 23:00:00,-11.4171251898569,1.23698227363378
2024-09-29 00:00:00,-12.4769902250256,1.22545034340518
2024-09-29 01:00:00,-12.2057021156418,1.22033225859847
2024-09-29 02:00:00,-12.2327813482899,1.20647973974382
2024-09-29 03:00:00,-12.6319281714717,1.19818886206127
2024-09-29 04:00:00,-12.5710860470089,1.19041400885752
2024-09-29 05:00:00,-12.5033215433783,1.17715508808222
2024-09-29 06:00:00,-12.3105451935581,1.16935153993856
2024-09-29 07:00:00,-12.7166179538459,1.16131575101582
2024-09-29 08:00:00,-12.4633270995149,1.14751374610042
2024-09-29 09:00:00,-12.385482804414,1.13362775420148
2024-09-29 10:00:00,-12.6398889586895,1.13718030694055
2024-09-29 11:00:00,-12.5395217292297,1.13688795784279
2024-09-29 12:00:00,-12.3077669630346,1.12572354089844
2024-09-29 13:00:00,-11.9863414697021,1.11984895077717
2024-09-29 14:00:00,-11.9788805631028,1.1065473883753
2024-09-29 15:00:00,-12.0606627795138,1.10672196921747
2024-09-29 16:00:00,-11.8627281455527,1.09385763404698
2024-09-29 17:00:00,-12.4827967473193,1.09967808781662
2024-09-29 18:00:00,-12.5981535984903,1.10158425124049
2024-09-29 19:00:00,-12.7109225697174,1.12430212622486
2024-09-29 20:00:00,-12.4292924264413,1.11712365720653
2024-09-29 21:00:00,-11.8753306352045,1.10837212160454
2024-09-29 22:00:00,-11.9957768015951,1.09635089501467
2024-09-29 23:00:00,-11.8142940658425,1.09143923905945
2024-09-30 00:00:00,-11.8197021036582,1.08056551126446
2024-09-30 01:00:00,-11.9163694490369,1.07739009397793
2024-09-30 02:00:00,-11.532197035518,1.11124345098738
2024-09-30 03:00:00,-11.7845113441655,1.10814430784041
2024-09-30 04:00:00,-11.6136284607434,1.10904403774513
2024-09-30 05:00:00,-12.1161755285584,1.0974942519778
2024-09-30 06:00:00,-12.7073583577936,1.09957384746723
2024-09-30 07:00:00,-12.2108254832264,1.09978457782814
2024-09-30 08:00:00,-11.7465807441152,1.10701596390205
2024-09-30 09:00:00,-11.8814112409297,1.09760300272307
2024-09-30 10:00:00,-11.5879346027915,1.10510955578907
2024-09-30 11:00:00,-11.2019360253392,1.12870828174106
2024-09-30 12:00:00,-11.5786577376556,1.11542503257645
2024-09-30 13:00:00,-11.2800011733066,1.1039561279302
2024-09-30 14:00:00,-11.542914317985,1.09173351833696
2024-09-30 15:00:00,-11.2485964190472,1.08606620264921
2024-09-30 16:00:00,-11.2188271356636,1.07985743539124
2024-09-30 17:00:00,-12.1913409066234,1.08597703413328
2024-09-30 18:00:00,-11.471918355002,1.11400791316261
2024-09-30 19:00:00,-11.3916793858862,1.11137772779367
2024-09-30 20:00:00,-11.7505183503209,1.09882531585792
2024-09-30 21:00:00,-11.6563305934678,1.08728397891866
2024-09-30 22:00:00,-11.7930067348861,1.07464973777696
2024-09-30 23:00:00,-11.7095809820458,1.06805977860032
2024-10-01 00:00:00,-9.91709903901586,1.08841032104312
2024-10-01 01:00:00,-10.7385817609406,1.07905474826532
2024-10-01 02:00:00,-11.1777370468042,1.08501828945001
2024-10-01 03:00:00,-11.0421153288747,1.07274006679658
2024-10-01 04:00:00,-10.9672745756988,1.06710284730187
2024-10-01 05:00:00,-11.0193875637057,1.06085803564795
2024-10-01 06:00:00,-11.6169001624751,1.0950557739276
2024-10-01 07:00:00,-11.3731822532785,1.08599747344369
2024-10-01 08:00:00,-10.91116479964,1.07319085230119
2024-10-01 09:00:00,-11.2486345197124,1.08500055400006
2024-10-01 10:00:00,-11.0759225690102,1.08061969672037
2024-10-01 11:00:00,-10.9934093126091,1.0854371722861
2024-10-01 12:00:00,-10.9915088850386,1.09310520028981
2024-10-01 13:00:00,-10.6516887392007,1.10177414418488
2024-10-01 14:00:00,-10.1461129598151,1.0979541192101
2024-10-01 15:00:00,-9.89115664462129,1.0872113431818
2024-10-01 16:00:00,-9.98627276372648,1.07437908882375
2024-10-01 17:00:00,-10.1428067145905,1.06803028947037
2024-10-01 18:00:00,-10.0892582462055,1.06496383517058
2024-10-01 19:00:00,-10.3490279765962,1.05399928671584
2024-10-01 20:00:00,-10.2481709768304,1.04238083479634
2024-10-01 21:00:00,-9.87855909296221,1.04777898114302
2024-10-01 22:00:00,-10.2750592958043,1.03739464477575
2024-10-01 23:00:00,-10.7094327629581,1.0343680527933
2024-10-02 00:00:00,-10.1902218113168,1.02240628963453
2024-10-02 01:00:00,-10.4772501264055,1.01210957500011
2024-10-02 02:00:00,-10.7544562188708,1.01567667240053
2024-10-02 03:00:00,-10.6410209532474,1.00534277718498
2024-10-02 04:00:00,-10.5704265412614,1.00294418598863
2024-10-02 05:00:00,-10.4803926350528,0.99327613325823
2024-10-02 06:00:00,-10.7784214492932,0.990766352685285
2024-10-02 07:00:00,-10.6309514735401,0.979586904233594
2024-10-02 08:00:00,-10.472778525463,0.970488718371326
2024-10-02 09:00:00,-10.6541882885255,0.970671947910434
2024-10-02 10:00:00,-10.4182565350414,0.961179896152562
2024-10-02 11:00:00,-10.2042352636054,0.952109544699284
2024-10-02 12:00:00,-9.72249632879454,0.950747847926484
2024-10-02 13:00:00,-9.77072044883986,0.949335367577701
2024-10-02 14:00:00,-9.64568146120482,0.942859822602559
2024-10-02 15:00:00,-9.2905232333538,0.941251781833282
2024-10-02 16:00:00,-9.93021180595273,0.951703680255497
2024-10-02 17:00:00,-10.270693048096,0.946062423494334
2024-10-02 18:00:00,-9.93033075745193,0.939999093313924
2024-10-02 19:00:00,-9.76078417544851,0.931405528114711
2024-10-02 20:00:00,-9.61880452202862,0.926309966195206
2024-10-02 21:00:00,-9.97415643044926,0.92153796152632
2024-10-02 22:00:00,-10.2372249090291,0.925487875577752
2024-10-02 23:00:00,-10.4223085600065,0.925644659467099
2024-10-03 00:00:00,-10.5694180075665,0.953479551519344
2024-10-03 01:00:00,-10.1157411969805,0.948639104127759
2024-10-03 02:00:00,-10.6124028249381,0.966909828255277
2024-10-03 03:00:00,-10.5294956128592,0.960662035967343
2024-10-03 04:00:00,-10.1896429496527,0.950918743450066
2024-10-03 05:00:00,-10.8122415076143,1.00389716391723
2024-10-03 06:00:00,-10.8732525545791,1.01196194381113
2024-10-03 07:00:00,-10.9594989712873,1.02642653714329
2024-10-03 08:00:00,-10.4636865983419,1.01764856295206
2024-10-03 09:00:00,-9.93224542107632,1.01340909787258
2024-10-03 10:00:00,-10.2560080159453,1.01604362052751
2024-10-03 11:00:00,-10.3512647897767,1.03077284360029
2024-10-03 12:00:00,-10.0368066377129,1.02097903805877
2024-10-03 13:00:00,-9.83178726004363,1.02673783873965
2024-10-03 14:00:00,-9.55016783826386,1.01746710802163
2024-10-03 15:00:00,-9.23316015413573,1.00824169184166
2024-10-03 16:00:00,-9.63914413229958,1.0076878563391
2024-10-03 17:00:00,-9.99854451453711,1.00030863621583
2024-10-03 18:00:00,-9.85303969493712,0.98897110005236
2024-10-03 19:00:00,-10.1784789387581,1.00372445238604
2024-10-03 20:00:00,-10.059409673127,0.998942714526778
2024-10-03 21:00:00,-10.113118714044,1.00238469864668
2024-10-03 22:00:00,-10.2095061492366,1.01208104721761
2024-10-03 23:00:00,-10.3619959412372,1.01920116236702
2024-10-04 00:00:00,-11.2345757569239,1.08658754359209
2024-10-04 01:00:00,-10.8304312950294,1.07384449079993
2024-10-04 02:00:00,-10.402966438663,1.06518253695316
2024-10-04 03:00:00,-10.9954416450326,1.08240501455951
2024-10-04 04:00:00,-10.9336080692778,1.09264813087358
2024-10-04 05:00:00,-10.7348044101059,1.08336409104153
2024-10-04 06:00:00,-11.3270904736029,1.12110356565352
2024-10-04 07:00:00,-10.8635146841431,1.10766462715839
2024-10-04 08:00:00,-10.9162743948828,1.11467406069635
2024-10-04 09:00:00,-10.7712753719751,1.10591785359605
2024-10-04 10:00:00,-10.8819169526901,1.1170416123881
2024-10-04 11:00:00,-10.7054830566649,1.12096954947215
2024-10-04 12:00:00,-10.6247688005606,1.12349432601851
2024-10-04 13:00:00,-9.51097978207218,1.12527801153892
2024-10-04 14:00:00,-10.2981004883523,1.13820410094868
2024-10-04 15:00:00,-9.68252386982764,1.12838901855196
2024-10-04 16:00:00,-9.9420776390093,1.12076212303742
2024-10-04 17:00:00,-10.3236034729943,1.11108371764936
2024-10-04 18:00:00,-10.4937872654662,1.10647856991558
2024-10-04 19:00:00,-10.4237215862098,1.10164213037089
2024-10-04 20:00:00,-10.6928008496372,1.12468369645741
2024-10-04 21:00:00,-10.4991350682582,1.12133057912846
2024-10-04 22:00:00,-10.8401230283205,1.16376872133337
2024-10-04 23:00:00,-10.9654479605108,1.18572490856977
2024-10-05 00:00:00,-11.2126846091217,1.17692729927538
2024-10-05 01:00:00,-11.4379500969606,1.17449615708587
2024-10-05 02:00:00,-11.4262107310134,1.17076275956156
2024-10-05 03:00:00,-11.4955797795742,1.16907529041676
2024-10-05 04:00:00,-11.1898514101328,1.15969516220994
2024-10-05 05:00:00,-11.5217777239055,1.18077705839744
2024-10-05 06:00:00,-11.606054561202,1.18003400138935
2024-10-05 07:00:00,-11.823917668028,1.19827975516972
2024-10-05 08:00:00,-11.4211113087944,1.1918110633967
2024-10-05 09:00:00,-11.6018497377617,1.20969721239342
2024-10-05 10:00:00,-11.2391163663394,1.19961322183592
2024-10-05 11:00:00,-11.655579170301,1.27609289239848
2024-10-05 12:00:00,-11.5155422457885,1.30308159398741
2024-10-05 13:00:00,-11.1619089797311,1.33621322609604
2024-10-05 14:00:00,-11.1351378129824,1.33976331567561
2024-10-05 15:00:00,-11.1054162686458,1.36781651621925
2024-10-05 16:00:00,-11.4060170353385,1.43886697363777
2024-10-05 17:00:00,-11.3949786607572,1.44074307672975
2024-10-05 18:00:00,-11.5697440253634,1.47163865518185
2024-10-05 19:00:00,-11.1525900651598,1.46286117413903
2024-10-05 20:00:00,-11.2150365922842,1.47319393140045
2024-10-05 21:00:00,-11.450826616508,1.51759633355897
2024-10-05 22:00:00,-11.1190869860918,1.50944100948739
2024-10-05 23:00:00,-11.3111613560033,1.51645441534906
2024-10-06 00:00:00,-13.1429147577806,1.53232181130881
2024-10-06 01:00:00,-13.0434446063193,1.51581960591768
2024-10-06 02:00:00,-12.4905521155516,1.50383644162571
2024-10-06 03:00:00,-12.6327669468182,1.48399256819396
2024-10-06 04:00:00,-12.4576615362581,1.46443292554354
2024-10-06 05:00:00,-12.5472594215396,1.44563147475992
2024-10-06 06:00:00,-12.8014614685898,1.42803460784004
2024-10-06 07:00:00,-12.6076768168313,1.41298760077453
2024-10-06 08:00:00,-13.0774960819782,1.43267917093384
2024-10-06 09:00:00,-12.8935052594274,1.41741355155668
2024-10-06 10:00:00,-12.509401205981,1.39925674792361
2024-10-06 11:00:00,-12.8813480851704,1.42233509318844
2024-10-06 12:00:00,-12.5133385140046,1.40511957344509
2024-10-06 13:00:00,-12.2175293074399,1.39644258190697
2024-10-06 14:00:00,-12.2610216654713,1.37962937991729
2024-10-06 15:00:00,-11.6229214328275,1.37400212569406
2024-10-06 16:00:00,-11.8372031482067,1.35657046231209
2024-10-06 17:00:00,-12.1432415051843,1.33953967127044
2024-10-06 18:00:00,-12.2529686861245,1.32241427678556
2024-10-06 19:00:00,-12.2457862751288,1.30632151086891
2024-10-06 20:00:00,-12.0051294617417,1.29273474808403
2024-10-06 21:00:00,-12.2366334556587,1.28000409475125
2024-10-06 22:00:00,-11.8547367256655,1.27380757611569
2024-10-06 23:00:00,-12.1791931940273,1.25782720020727
2024-10-07 00:00:00,-11.6166716976388,1.25055177309328
2024-10-07 01:00:00,-11.3048424993627,1.2997051501474
2024-10-07 02:00:00,-11.9025451419307,1.28333186509963
2024-10-07 03:00:00,-12.036480741377,1.26811599947665
2024-10-07 04:00:00,-11.6358829827843,1.26501380882085
2024-10-07 05:00:00,-12.525057854076,1.29116119159786
2024-10-07 06:00:00,-12.1634289032297,1.28159506204975
2024-10-07 07:00:00,-12.2570035983046,1.26551929474769
2024-10-07 08:00:00,-11.9105540168152,1.25382831461443
2024-10-07 09:00:00,-12.0356260664552,1.23814775725584
2024-10-07 10:00:00,-11.7774893055876,1.22755668064498
2024-10-07 11:00:00,-11.8534705426829,1.21354369528382
2024-10-07 12:00:00,-11.254179917125,1.22947957357323
2024-10-07 13:00:00,-11.4498093543217,1.22056808466851
2024-10-07 14:00:00,-11.0979584410385,1.23575733267123
2024-10-07 15:00:00,-10.6484122032594,1.26441054888746
2024-10-07 16:00:00,-11.2910951854606,1.25020274216565
2024-10-07 17:00:00,-11.5966086386891,1.23667049352711
2024-10-07 18:00:00,-11.780951685214,1.22127840625093
2024-10-07 19:00:00,-10.9800431482487,1.26960283023003
2024-10-07 20:00:00,-11.3470715580056,1.25484887836068
2024-10-07 21:00:00,-11.4988107872502,1.23947431544849
2024-10-07 22:00:00,-11.6256618173391,1.22405547154953
2024-10-07 23:00:00,-11.1471123893148,1.25817228223723
2024-10-08 00:00:00,-9.66574613765052,1.25733818741984
2024-10-08 01:00:00,-10.6083328668394,1.25280153450626
2024-10-08 02:00:00,-10.6524829476891,1.2383435865509
2024-10-08 03:00:00,-10.8332103852519,1.2285868741296
2024-10-08 04:00:00,-11.1318634443112,1.26405768598897
2024-10-08 05:00:00,-10.9638442226979,1.25870563544687
2024-10-08 06:00:00,-10.9149813619615,1.24498075860832
2024-10-08 07:00:00,-10.9906258272401,1.23523655925538
2024-10-08 08:00:00,-10.5561588285332,1.21993067459991
2024-10-08 09:00:00,-10.9179186160331,1.22634198953691
2024-10-08 10:00:00,-10.7912729007091,1.22017124144916
2024-10-08 11:00:00,-10.9745622538422,1.25376701831628
2024-10-08 12:00:00,-10.9475362415279,1.27485352559444
2024-10-08 13:00:00,-10.3624060449614,1.27209076643083
2024-10-08 14:00:00,-10.1130807226866,1.25626039742054
2024-10-08 15:00:00,-9.70406334326255,1.24270353240297
2024-10-08 16:00:00,-9.72362897927485,1.22736730428384
2024-10-08 17:00:00,-10.4280214444793,1.22411136319282
2024-10-08 18:00:00,-10.281535665692,1.20894757160346
2024-10-08 19:00:00,-10.3031592772571,1.19791503118224
2024-10-08 20:00:00,-10.1658010537252,1.18332646019272
2024-10-08 21:00:00,-10.6947839273634,1.21545860209511
2024-10-08 22:00:00,-10.5835819888238,1.21330474377052
2024-10-08 23:00:00,-10.8694429424919,1.22876278686971
2024-10-09 00:00:00,-11.1709698699322,1.22695504259404
2024-10-09 01:00:00,-10.9733905808697,1.21211622481887
2024-10-09 02:00:00,-11.1556230128495,1.20510286623731
2024-10-09 03:00:00,-11.6037883622861,1.23207653512437
2024-10-09 04:00:00,-11.0993616728729,1.21929641706332
2024-10-09 05:00:00,-11.3021595113702,1.22592965964626
2024-10-09 06:00:00,-11.5824746438286,1.23588747083932
2024-10-09 07:00:00,-11.680584050222,1.24571313763375
2024-10-09 08:00:00,-11.2893623699348,1.23771572331215
2024-10-09 09:00:00,-11.0168003573717,1.222740091991
2024-10-09 10:00:00,-11.4445829083308,1.26129601801086
2024-10-09 11:00:00,-11.2325897262944,1.2705329679254
2024-10-09 12:00:00,-11.3818630496727,1.30997480539156
2024-10-09 13:00:00,-10.2960153567827,1.29436585455923
2024-10-09 14:00:00,-10.5383089371896,1.28233653370505
2024-10-09 15:00:00,-10.5037870092682,1.27652748495794
2024-10-09 16:00:00,-10.2753643809807,1.26052311832876
2024-10-09 17:00:00,-10.5624865831176,1.24501374738279
2024-10-09 18:00:00,-10.836952859685,1.23853142466158
2024-10-09 19:00:00,-10.3174896257284,1.2282122287222
2024-10-09 20:00:00,-10.5596009929195,1.21794617509181
2024-10-09 21:00:00,-10.1309325268067,1.21199289450729
2024-10-09 22:00:00,-10.5478053879418,1.20573453398796
2024-10-09 23:00:00,-11.2386761779949,1.24392475378024
2024-10-10 00:00:00,-11.2752080138366,1.23068198790193
2024-10-10 01:00:00,-11.2435871081854,1.21541828327702
2024-10-10 02:00:00,-11.478847078133,1.21086508808444
2024-10-10 03:00:00,-11.3364971078614,1.19602419222772
2024-10-10 04:00:00,-11.5485535376611,1.20989993495465
2024-10-10 05:00:00,-11.5920194295419,1.21142045300147
2024-10-10 06:00:00,-11.6392919083153,1.20268592764936
2024-10-10 07:00:00,-11.5975640728481,1.1913185991088
2024-10-10 08:00:00,-11.4485628272988,1.18400427008736
2024-10-10 09:00:00,-11.2572697990017,1.16985333246545
2024-10-10 10:00:00,-10.9106517573944,1.1574304602975
2024-10-10 11:00:00,-10.979043546169,1.14817613351101
2024-10-10 12:00:00,-11.1405415231948,1.14815969918245
2024-10-10 13:00:00,-10.2402285675041,1.14197489370095
2024-10-10 14:00:00,-10.4697795567181,1.12843732781591
2024-10-10 15:00:00,-10.5693796067018,1.11934323537363
2024-10-10 16:00:00,-10.6166716040961,1.10851731534481
2024-10-10 17:00:00,-10.8085479436025,1.09530529361388
2024-10-10 18:00:00,-10.2980267338399,1.11538726286817
2024-10-10 19:00:00,-10.2426336214976,1.11185744400521
2024-10-10 20:00:00,-10.8249964748717,1.10946280733491
2024-10-10 21:00:00,-10.587048808845,1.09755862046244
2024-10-10 22:00:00,-10.7664227800625,1.08693462326069
2024-10-10 23:00:00,-11.128858688821,1.08453900619493
2024-10-11 00:00:00,-11.2032584373633,1.11124768353663
2024-10-11 01:00:00,-11.3798878602427,1.11590656876164
2024-10-11 02:00:00,-10.7428143269417,1.10882657866426
2024-10-11 03:00:00,-11.3015014545589,1.12425767865856
2024-10-11 04:00:00,-10.9893256332471,1.11532361865911
2024-10-11 05:00:00,-11.4239737024528,1.15080241703366
2024-10-11 06:00:00,-11.5346295169544,1.15860024779036
2024-10-11 07:00:00,-11.3302349226148,1.14869451073451
2024-10-11 08:00:00,-11.3413930906428,1.16193583422362
2024-10-11 09:00:00,-11.2789759845541,1.16296946735906
2024-10-11 10:00:00,-10.7779770205809,1.14885661991224
2024-10-11 11:00:00,-10.6388473192109,1.13782108817017
2024-10-11 12:00:00,-10.9347897696563,1.15371225695374
2024-10-11 13:00:00,-10.1994040098297,1.13976397074366
2024-10-11 14:00:00,-10.1113271728358,1.12837496830837
2024-10-11 15:00:00,-10.3693769160475,1.13049293882109
2024-10-11 16:00:00,-10.0534629773639,1.11795978053197
2024-10-11 17:00:00,-10.627236944234,1.11163995148942
2024-10-11 18:00:00,-10.3624132240681,1.10131432137665
2024-10-11 19:00:00,-10.8077679513131,1.11706829918671
2024-10-11 20:00:00,-10.1251078607217,1.11692492516689
2024-10-11 21:00:00,-11.0303852150022,1.1820638363588
2024-10-11 22:00:00,-10.7843104311397,1.17533200261326
2024-10-11 23:00:00,-10.5736322857244,1.16098944565457
2024-10-12 00:00:00,-10.8636159239597,1.14866362142687
2024-10-12 01:00:00,-10.9101361428114,1.13545918669213
2024-10-12 02:00:00,-11.2519201309662,1.13346903738957
2024-10-12 03:00:00,-11.5878161859347,1.14758690849993
2024-10-12 04:00:00,-11.2036908328845,1.13811220836248
2024-10-12 05:00:00,-11.5698733905193,1.16640689473323
2024-10-12 06:00:00,-11.8534547828764,1.19150400169404
2024-10-12 07:00:00,-11.9189259940017,1.21180251480066
2024-10-12 08:00:00,-11.5148863183417,1.20993172317613
2024-10-12 09:00:00,-11.5624902708585,1.22018508546481
2024-10-12 10:00:00,-11.6123395124182,1.24661353936175
2024-10-12 11:00:00,-11.0287066258272,1.23337316444296
2024-10-12 12:00:00,-10.6974206345833,1.21806559211655
2024-10-12 13:00:00,-10.5270605051658,1.21408367806888
2024-10-12 14:00:00,-11.0875677689377,1.24081185534218
2024-10-12 15:00:00,-10.4874824447086,1.22546741387546
2024-10-12 16:00:00,-10.3891724857424,1.2109973454419
2024-10-12 17:00:00,-11.1890684911064,1.23418259890177
2024-10-12 18:00:00,-11.0910555918502,1.22641670397172
2024-10-12 19:00:00,-11.0773247459504,1.22966243431168
2024-10-12 20:00:00,-11.1510600316748,1.24051295651576
2024-10-12 21:00:00,-11.4366398784318,1.2915780208301
2024-10-12 22:00:00,-11.1231973625183,1.28852812318293
2024-10-12 23:00:00,-11.5854958061827,1.33975416267379
2024-10-13 00:00:00,-12.2617651968124,1.33422102541293
2024-10-13 01:00:00,-12.2452981280871,1.32061829329963
2024-10-13 02:00:00,-11.6570955000707,1.31712881323911
2024-10-13 03:00:00,-11.8681010959172,1.30046694867889
2024-10-13 04:00:00,-11.8371911431759,1.28591069458343
2024-10-13 05:00:00,-12.2181121072141,1.29100861039358
2024-10-13 06:00:00,-12.2831630963015,1.27870503804157
2024-10-13 07:00:00,-12.3530115522471,1.26883474708335
2024-10-13 08:00:00,-11.8676959018153,1.25336843432056
2024-10-13 09:00:00,-12.2708607594236,1.26109216290913
2024-10-13 10:00:00,-12.1772458187716,1.25690205333141
2024-10-13 11:00:00,-12.1914890987322,1.27076849078675
2024-10-13 12:00:00,-11.6271076734213,1.2551930245172
2024-10-13 13:00:00,-11.3097835339219,1.24279021401919
2024-10-13 14:00:00,-11.804217496136,1.25013595873282
2024-10-13 15:00:00,-11.101421663906,1.23934981189989
2024-10-13 16:00:00,-11.0195910537003,1.22518568466596
2024-10-13 17:00:00,-11.3966818045323,1.21015777830768
2024-10-13 18:00:00,-11.4218362708079,1.19611482545861
2024-10-13 19:00:00,-11.1767341443279,1.18692031902597
2024-10-13 20:00:00,-11.581646955491,1.18065854651866
2024-10-13 21:00:00,-11.7002015066132,1.17465633827774
2024-10-13 22:00:00,-11.4443005092137,1.16044772215559
2024-10-13 23:00:00,-11.49301254248,1.14654842408733
2024-10-14 00:00:00,-11.7027116274219,1.14180995801928
2024-10-14 01:00:00,-11.7368995251268,1.12811219946295
2024-10-14 02:00:00,-11.7521131099337,1.11478558026418
2024-10-14 03:00:00,-11.9717196903859,1.10670186846259
2024-10-14 04:00:00,-10.7311009660131,1.1866418064056
2024-10-14 05:00:00,-11.2053547854795,1.17298513350701
2024-10-14 06:00:00,-11.7246951340522,1.15961962359021
2024-10-14 07:00:00,-11.4215487359987,1.16329296857572
2024-10-14 08:00:00,-11.2746587772355,1.15480377706552
2024-10-14 09:00:00,-11.42655058604,1.1414469783924
2024-10-14 10:00:00,-11.3993870283053,1.12801558971544
2024-10-14 11:00:00,-11.3047768976105,1.11445492509925
2024-10-14 12:00:00,-11.5039412324982,1.10768778431337
2024-10-14 13:00:00,-10.9753914228495,1.09447656234749
2024-10-14 14:00:00,-10.7145511558169,1.10137003605826
2024-10-14 15:00:00,-10.3661809801483,1.11167065829676
2024-10-14 16:00:00,-11.1427383773477,1.11558304847013
2024-10-14 17:00:00,-11.2380259848176,1.104018680294
2024-10-14 18:00:00,-11.3622386130766,1.09091570541274
2024-10-14 19:00:00,-11.2906817516161,1.0780904647451
2024-10-14 20:00:00,-11.0113434092169,1.07129515092158
2024-10-14 21:00:00,-11.4209030952423,1.06923550914431
2024-10-14 22:00:00,-11.4906027816807,1.0623929713381
2024-10-14 23:00:00,-11.00727332182,1.0712026220291
2024-10-15 00:00:00,-10.2579804974454,1.05860003505058
2024-10-15 01:00:00,-10.6482656695725,1.04678536728959
2024-10-15 02:00:00,-11.2911780517014,1.08338527866252
2024-10-15 03:00:00,-11.0570209204798,1.07312499290438
2024-10-15 04:00:00,-10.7579275515318,1.06258440219202
2024-10-15 05:00:00,-10.8950452195657,1.05944717395042
2024-10-15 06:00:00,-10.908639831637,1.04765679742994
2024-10-15 07:00:00,-10.891136251474,1.03573148715628
2024-10-15 08:00:00,-10.8507791035154,1.02975310617562
2024-10-15 09:00:00,-11.201927383251,1.05118237407929
2024-10-15 10:00:00,-10.8117162720415,1.04073615206659
2024-10-15 11:00:00,-10.7718516747694,1.04382353673929
2024-10-15 12:00:00,-10.2508271311269,1.0339444901888
2024-10-15 13:00:00,-10.0556096146922,1.02633759490815
2024-10-15 14:00:00,-9.6931852059878,1.03571435770331
2024-10-15 15:00:00,-9.29178300583593,1.05054735190687
2024-10-15 16:00:00,-9.51611252419081,1.04203063306524
2024-10-15 17:00:00,-10.1005560859412,1.02993317313477
2024-10-15 18:00:00,-10.3602369377132,1.01922777173653
2024-10-15 19:00:00,-10.0959914183599,1.00938664102275
2024-10-15 20:00:00,-10.369457678474,1.00413650905701
2024-10-15 21:00:00,-10.2592016645929,0.992982839890843
2024-10-15 22:00:00,-10.3924710521224,0.987055102420987
2024-10-15 23:00:00,-10.4017769826261,0.976005892927327
2024-10-16 00:00:00,-10.1259281490644,0.977753824866641
2024-10-16 01:00:00,-10.648825816518,0.998489225444979
2024-10-16 02:00:00,-10.0263870812153,0.992067882991579
2024-10-16 03:00:00,-10.7756864651754,1.03897948894567
2024-10-16 04:00:00,-10.5948749787091,1.05310567015604
2024-10-16 05:00:00,-10.5796803494724,1.06242050579028
2024-10-16 06:00:00,-10.6686413734554,1.06404882092047
2024-10-16 07:00:00,-10.45924294778,1.05290790503183
2024-10-16 08:00:00,-10.3264551446453,1.04844405171496
2024-10-16 09:00:00,-10.7788807216643,1.09317795701433
2024-10-16 10:00:00,-10.3106155776616,1.08384968635495
2024-10-16 11:00:00,-10.1122130250213,1.08027861123403
2024-10-16 12:00:00,-9.81708659259813,1.06794926651049
2024-10-16 13:00:00,-9.89954437566528,1.09633435368296
2024-10-16 14:00:00,-9.45337832702111,1.08825703887984
2024-10-16 15:00:00,-9.17882797702002,1.07663356796275
2024-10-16 16:00:00,-9.91989915474877,1.11586193699042
2024-10-16 17:00:00,-10.0795506869034,1.10898094543945
2024-10-16 18:00:00,-10.162351981645,1.10750919506194
2024-10-16 19:00:00,-10.3627874129652,1.13795100694538
2024-10-16 20:00:00,-10.0731530448031,1.13165023274465
2024-10-16 21:00:00,-10.175708895903,1.14450471204509
2024-10-16 22:00:00,-10.579925934294,1.21203405327832
2024-10-16 23:00:00,-10.7705471082531,1.26142314848493
2024-10-17 00:00:00,-11.3428526384331,1.27353106807515
2024-10-17 01:00:00,-11.050004857911,1.25767318961963
2024-10-17 02:00:00,-10.7475810889313,1.24295920755488
2024-10-17 03:00:00,-10.9646883726338,1.23121248452327
2024-10-17 04:00:00,-11.0621304087578,1.23511909683426
2024-10-17 05:00:00,-11.1498069719361,1.23568924145252
2024-10-17 06:00:00,-11.4109737024523,1.24116655573943
2024-10-17 07:00:00,-10.9096082459137,1.22894438963068
2024-10-17 08:00:00,-11.0327209454255,1.22712855607403
2024-10-17 09:00:00,-11.1440078167352,1.22636650621208
2024-10-17 10:00:00,-10.9606982822444,1.21734240639326
2024-10-17 11:00:00,-10.2969934225451,1.20819481986749
2024-10-17 12:00:00,-10.6185008630253,1.20571251656901
2024-10-17 13:00:00,-10.2566422666775,1.19575842267297
2024-10-17 14:00:00,-10.1642066774236,1.18198289751293
2024-10-17 15:00:00,-10.3089890441413,1.17864062835657
2024-10-17 16:00:00,-10.2620984995498,1.16695122139968
2024-10-17 17:00:00,-10.6246671301398,1.15706362846342
2024-10-17 18:00:00,-10.5840227448582,1.14380600646466
2024-10-17 19:00:00,-10.3920955831152,1.13007288491294
2024-10-17 20:00:00,-10.6918684495942,1.13418603399663
2024-10-17 21:00:00,-10.9150652294811,1.15355745428006
2024-10-17 22:00:00,-11.0459625603267,1.17849994996422
2024-10-17 23:00:00,-10.9176846021502,1.17206637306184
2024-10-18 00:00:00,-11.5471213108505,1.18864084732747
2024-10-18 01:00:00,-11.3794027781241,1.17434580691507
2024-10-18 02:00:00,-10.7887866517382,1.17965619753779
2024-10-18 03:00:00,-11.558587816736,1.19573747490356
2024-10-18 04:00:00,-10.9982432017671,1.18233706422129
2024-10-18 05:00:00,-11.2763429358652,1.17653096070056
2024-10-18 06:00:00,-11.210211663635,1.16264467690764
2024-10-18 07:00:00,-11.5072076692745,1.1558924982098
2024-10-18 08:00:00,-11.0067682235707,1.14400104526713
2024-10-18 09:00:00,-11.402931238886,1.14648412918667
2024-10-18 10:00:00,-11.2866106673371,1.13833182642099
2024-10-18 11:00:00,-11.440853630548,1.16074984010869
2024-10-18 12:00:00,-11.0673977422834,1.1488315430948
2024-10-18 13:00:00,-10.8195660027792,1.15064452672088
2024-10-18 14:00:00,-10.3525838917784,1.15010529301092
2024-10-18 15:00:00,-10.0167557297719,1.14605500086535
2024-10-18 16:00:00,-10.4943043533445,1.13885819782702
2024-10-18 17:00:00,-10.7365232247517,1.1251619660325
2024-10-18 18:00:00,-10.9361574349718,1.11426796336174
2024-10-18 19:00:00,-11.112093285641,1.11775121933381
2024-10-18 20:00:00,-11.0498567120272,1.1119399953895
2024-10-18 21:00:00,-10.9022512009093,1.10135396252299
2024-10-18 22:00:00,-11.0387256950742,1.10095847328142
2024-10-18 23:00:00,-11.3915739664887,1.11595160203613
2024-10-19 00:00:00,-11.3601913329454,1.12079040503286
2024-10-19 01:00:00,-11.4105168426292,1.11251577490133
2024-10-19 02:00:00,-11.4897358908204,1.11287814584821
2024-10-19 03:00:00,-11.7410714273012,1.13101241569125
2024-10-19 04:00:00,-11.0847576996374,1.11743107782206
2024-10-19 05:00:00,-11.4544603295614,1.13161653197288
2024-10-19 06:00:00,-11.8798207024653,1.16086891629507
2024-10-19 07:00:00,-11.8209300705389,1.16548920757652
2024-10-19 08:00:00,-11.7065680450596,1.18277345328665
2024-10-19 09:00:00,-11.7737234280595,1.20611559897462
2024-10-19 10:00:00,-11.8888347947476,1.25856591792377
2024-10-19 11:00:00,-11.7947132371201,1.31173571488941
2024-10-19 12:00:00,-11.503059931627,1.32607671153824
2024-10-19 13:00:00,-11.4151659648248,1.398827334653
2024-10-19 14:00:00,-11.7037220509805,1.46851085462387
2024-10-19 15:00:00,-11.1088692153687,1.46781794912441
2024-10-19 16:00:00,-11.3796552949173,1.52551854945188
2024-10-19 17:00:00,-11.6921052806445,1.56139381075382
2024-10-19 18:00:00,-11.7892201323302,1.60401263797519
2024-10-19 19:00:00,-11.7444811150819,1.65394724087007
2024-10-19 20:00:00,-11.8391412607123,1.72388124945604
2024-10-19 21:00:00,-11.719538564597,1.76790507405737
2024-10-19 22:00:00,-11.2505202074736,1.75605407898798
2024-10-19 23:00:00,-11.4619932991146,1.76774890470215
2024-10-20 00:00:00,-13.3058819461943,1.75982696374267
2024-10-20 01:00:00,-12.9983990457016,1.73730251399772
2024-10-20 02:00:00,-13.1245920048361,1.71728601444834
2024-10-20 03:00:00,-13.4016643591387,1.7095275606722
2024-10-20 04:00:00,-12.9331698838023,1.68617872988076
2024-10-20 05:00:00,-13.0957553929938,1.67004268933539
2024-10-20 06:00:00,-13.3746360594419,1.6569686353347
2024-10-20 07:00:00,-12.7956450867445,1.65184868196995
2024-10-20 08:00:00,-12.9965934829747,1.63534432429475
2024-10-20 09:00:00,-12.8228142910933,1.61385522266086
2024-10-20 10:00:00,-13.1712008155877,1.61385629331373
2024-10-20 11:00:00,-13.3418939146349,1.63760266461422
2024-10-20 12:00:00,-13.024195395582,1.62302788521598
2024-10-20 13:00:00,-12.2859218297759,1.60118271702334
2024-10-20 14:00:00,-12.4220083010614,1.57982904132272
2024-10-20 15:00:00,-12.0334953607981,1.56207961535629
2024-10-20 16:00:00,-12.3255881519168,1.54551672343518
2024-10-20 17:00:00,-13.029349250947,1.54914036441835
2024-10-20 18:00:00,-12.5811144657433,1.53212828879497
2024-10-20 19:00:00,-12.6141733026954,1.51380266240296
2024-10-20 20:00:00,-12.8860193192753,1.51138488585719
2024-10-20 21:00:00,-12.1998659723083,1.50680245347686
2024-10-20 22:00:00,-12.8327836476259,1.51512513523397
2024-10-20 23:00:00,-11.7767342564257,1.59351172866011
2024-10-21 00:00:00,-11.700648949415,1.57261664452594
2024-10-21 01:00:00,-11.8280608193913,1.56460544145788
2024-10-21 02:00:00,-11.8788212857579,1.55140609762004
2024-10-21 03:00:00,-11.8981741200399,1.54130734347669
2024-10-21 04:00:00,-11.969179210871,1.52091349589092
2024-10-21 05:00:00,-12.3792654813279,1.5086198622352
2024-10-21 06:00:00,-12.2676755566809,1.49193424105736
2024-10-21 07:00:00,-11.938682235786,1.49676720810541
2024-10-21 08:00:00,-12.263726907515,1.48119214457874
2024-10-21 09:00:00,-12.1279692479195,1.46315414532934
2024-10-21 10:00:00,-11.7900490646175,1.45469347836564
2024-10-21 11:00:00,-11.8713074464268,1.43576925523891
2024-10-21 12:00:00,-11.823306255931,1.4171720108377
2024-10-21 13:00:00,-11.4416799955441,1.39903325639008
2024-10-21 14:00:00,-11.0224691559469,1.4322021256439
2024-10-21 15:00:00,-10.8596709814742,1.43813487471672
2024-10-21 16:00:00,-11.120017371103,1.42422803440648
2024-10-21 17:00:00,-11.7942232416873,1.40586455735961
2024-10-21 18:00:00,-11.4620932269026,1.41301024759209
2024-10-21 19:00:00,-11.7514774637917,1.39503913542251
2024-10-21 20:00:00,-11.4119280510047,1.39395523368174
2024-10-21 21:00:00,-11.8977780622133,1.38269010797665
2024-10-21 22:00:00,-11.8963522613387,1.36533167344031
2024-10-21 23:00:00,-11.9542312527044,1.34782093602588
2024-10-22 00:00:00,-10.8120658319239,1.3338140868082
2024-10-22 01:00:00,-10.5505836328855,1.33456947865767
2024-10-22 02:00:00,-11.1279084148146,1.3313006018971
2024-10-22 03:00:00,-10.959576866864,1.31484346165326
2024-10-22 04:00:00,-11.0551032069318,1.30787483249644
2024-10-22 05:00:00,-11.2319034815647,1.30493840800644
2024-10-22 06:00:00,-11.6541311098369,1.32056191165982
2024-10-22 07:00:00,-11.5201147781989,1.31081195312989
2024-10-22 08:00:00,-11.2158533781919,1.29890113087336
2024-10-22 09:00:00,-10.9013816810208,1.28292938717775
2024-10-22 10:00:00,-11.000993314989,1.27358658968895
2024-10-22 11:00:00,-10.9997813721101,1.27175559108073
2024-10-22 12:00:00,-10.8493901033608,1.2606391334541
2024-10-22 13:00:00,-10.1409987800893,1.24601647037392
2024-10-22 14:00:00,-10.4259265998518,1.23161604997864
2024-10-22 15:00:00,-9.83492663285498,1.2317563744457
2024-10-22 16:00:00,-10.270726875504,1.22168939729655
2024-10-22 17:00:00,-10.820623196831,1.21525168670098
2024-10-22 18:00:00,-10.9047979914041,1.20602416640745
2024-10-22 19:00:00,-10.8480845328481,1.19908588785223
2024-10-22 20:00:00,-10.912237102404,1.19792289017366
2024-10-22 21:00:00,-11.1203634611124,1.21840974377904
2024-10-22 22:00:00,-11.2385325305851,1.24359711871958
2024-10-22 23:00:00,-11.0795992753092,1.23510253490727
2024-10-23 00:00:00,-11.0348494124531,1.22322568475253
2024-10-23 01:00:00,-11.2942190841437,1.21526145628064
2024-10-23 02:00:00,-11.4919387568813,1.22146851155188
2024-10-23 03:00:00,-11.2383711323358,1.20676247265638
2024-10-23 04:00:00,-11.1655169798311,1.20093331989398
2024-10-23 05:00:00,-11.4671824990313,1.21692343989394
2024-10-23 06:00:00,-11.4132164368588,1.20564869163068
2024-10-23 07:00:00,-11.2323874026455,1.19081394830785
2024-10-23 08:00:00,-11.1938879317079,1.18366798068078
2024-10-23 09:00:00,-10.6620123759125,1.18103158820961
2024-10-23 10:00:00,-10.7276706847403,1.16666237460758
2024-10-23 11:00:00,-11.2089896992209,1.19809269473145
2024-10-23 12:00:00,-10.9240327109672,1.18722172292603
2024-10-23 13:00:00,-10.2646128733943,1.17275200205141
2024-10-23 14:00:00,-10.6366158697345,1.16525754943296
2024-10-23 15:00:00,-10.4173568308675,1.15271405872318
2024-10-23 16:00:00,-10.4962622297701,1.14399925459768
2024-10-23 17:00:00,-10.8447310146044,1.13461207975399
2024-10-23 18:00:00,-10.634325885682,1.12167026586904
2024-10-23 19:00:00,-10.2543272597067,1.11623939337204
2024-10-23 20:00:00,-10.4931814472282,1.10410654480304
2024-10-23 21:00:00,-10.8798672797992,1.11238978653115
2024-10-23 22:00:00,-10.943546000655,1.11350313368562
2024-10-23 23:00:00,-11.100889683706,1.11386805780463
2024-10-24 00:00:00,-11.2761185959206,1.10889483790393
2024-10-24 01:00:00,-10.7583167954353,1.12104216494724
2024-10-24 02:00:00,-10.9443381756756,1.10773440081556
2024-10-24 03:00:00,-11.3272468383363,1.10107819930054
2024-10-24 04:00:00,-11.3562341922348,1.10136277988371
2024-10-24 05:00:00,-11.540440290512,1.10903672918953
2024-10-24 06:00:00,-11.7322510906647,1.1120504103561
2024-10-24 07:00:00,-11.5159714291732,1.09972576030555
2024-10-24 08:00:00,-11.3952255968138,1.09436058040162
2024-10-24 09:00:00,-11.3531821849738,1.08606797930466
2024-10-24 10:00:00,-11.3210764991178,1.08248315809383
2024-10-24 11:00:00,-11.1584444909579,1.07838723848057
2024-10-24 12:00:00,-11.050813823726,1.07164070243724
2024-10-24 13:00:00,-10.5311106580941,1.06008134109325
2024-10-24 14:00:00,-10.756634901945,1.05107060608195
2024-10-24 15:00:00,-10.2089961257338,1.0449144525237
2024-10-24 16:00:00,-10.5052049956512,1.0371139951265
2024-10-24 17:00:00,-10.7661793464417,1.02511006572762
2024-10-24 18:00:00,-11.0990615087504,1.02456080091249
2024-10-24 19:00:00,-10.9536113141766,1.01633109620268
2024-10-24 20:00:00,-10.8502156686642,1.00631950445091
2024-10-24 21:00:00,-11.2793529899324,1.03749202091171
2024-10-24 22:00:00,-10.6520037480325,1.02900645434244
2024-10-24 23:00:00,-11.1967911029902,1.03953138092853
2024-10-25 00:00:00,-11.2914680399398,1.0336998815916
2024-10-25 01:00:00,-11.4097423748379,1.02370003077994
2024-10-25 02:00:00,-11.4927230101276,1.01874718453838
2024-10-25 03:00:00,-11.5883029860876,1.01509576740401
2024-10-25 04:00:00,-11.4893604510262,1.01657520041787
2024-10-25 05:00:00,-11.2558354077961,1.00514972405844
2024-10-25 06:00:00,-11.7687244335325,1.01839675705381
2024-10-25 07:00:00,-11.6058211213798,1.00840731219329
2024-10-25 08:00:00,-10.9123230308165,1.00738813333369
2024-10-25 09:00:00,-11.4104532615891,1.01239362409614
2024-10-25 10:00:00,-11.2011587837581,1.00186887520921
2024-10-25 11:00:00,-11.20957188261,1.00226948452325
2024-10-25 12:00:00,-11.0816808197359,0.995181473756322
2024-10-25 13:00:00,-10.6586663657087,0.987030982666846
2024-10-25 14:00:00,-10.579077455321,0.976917342968138
2024-10-25 15:00:00,-10.4662944670576,0.966103410704157
2024-10-25 16:00:00,-10.1512678989104,0.9653020629707
2024-10-25 17:00:00,-10.7678552568746,0.955449590661146
2024-10-25 18:00:00,-10.2547034894533,0.983526008685554
2024-10-25 19:00:00,-9.80866667062807,1.03312450160645
2024-10-25 20:00:00,-10.5270074264601,1.02355175774633
2024-10-25 21:00:00,-10.645434526695,1.01192185275488
2024-10-25 22:00:00,-10.7620340777591,1.00161348871914
2024-10-25 23:00:00,-10.6560423566758,0.994119743779011
2024-10-26 00:00:00,-8.95837500428858,1.04806606006476
2024-10-26 01:00:00,-10.6444549000455,1.13246534820485
2024-10-26 02:00:00,-10.4117071011645,1.12228206057156
2024-10-26 03:00:00,-10.3345581692645,1.11075326640356
2024-10-26 04:00:00,-10.6414418129015,1.14895944051885
2024-10-26 05:00:00,-10.7878251915913,1.17915411265071
2024-10-26 06:00:00,-10.867594370928,1.1902302729441
2024-10-26 07:00:00,-11.1443846109204,1.23512969399695
2024-10-26 08:00:00,-10.8186366935118,1.2498444653596
2024-10-26 09:00:00,-11.1101762622015,1.31917727108386
2024-10-26 10:00:00,-10.7547109360728,1.3314011051428
2024-10-26 11:00:00,-10.6421556028271,1.36373473051884
2024-10-26 12:00:00,-10.5732113963775,1.39175816150796
2024-10-26 13:00:00,-10.2724197205833,1.4306002619435
2024-10-26 14:00:00,-10.1534143196791,1.42675075318182
2024-10-26 15:00:00,-10.6490801264632,1.55254556580738
2024-10-26 16:00:00,-10.4916111615452,1.59339966431187
2024-10-26 17:00:00,-10.7129782565813,1.62337173968287
2024-10-26 18:00:00,-11.0454635146426,1.71189953270107
2024-10-26 19:00:00,-10.5394812106529,1.71524631392766
2024-10-26 20:00:00,-10.5857510217301,1.7481743455293
2024-10-26 21:00:00,-10.3221035956196,1.74675297470098
2024-10-26 22:00:00,-10.6188190290575,1.80064921087231
2024-10-26 23:00:00,-10.9783389904383,1.87655053106996
2024-10-27 00:00:00,-13.2522148832631,1.95479862544731
2024-10-27 01:00:00,-12.3730245183733,1.93209786886566
2024-10-27 02:00:00,-12.0775106456258,1.90683451882487
2024-10-27 03:00:00,-12.7579154406946,1.92300860968966
2024-10-27 04:00:00,-12.0380232645436,1.89830792737775
2024-10-27 05:00:00,-12.4826668510691,1.89638931591736
2024-10-27 06:00:00,-12.9698922496103,1.91406919347999
2024-10-27 07:00:00,-13.1861962209791,1.93848424829706
2024-10-27 08:00:00,-12.9325531413131,1.94637931241217
2024-10-27 09:00:00,-12.7133068945626,1.9342542256427
2024-10-27 10:00:00,-12.770748025369,1.94800708627842
2024-10-27 11:00:00,-12.4285027908015,1.93694107845419
2024-10-27 12:00:00,-12.0278776838006,1.91084962659595
2024-10-27 13:00:00,-11.2824470014331,1.88703255116124
2024-10-27 14:00:00,-11.7202033717887,1.86561305565464
2024-10-27 15:00:00,-11.710508096076,1.84803897940072
2024-10-27 16:00:00,-11.8238523782011,1.83465429112931
2024-10-27 17:00:00,-12.0641416109843,1.81331685632071
2024-10-27 18:00:00,-11.7576986998764,1.79064817278804
2024-10-27 19:00:00,-11.8906253681925,1.77133417409308
2024-10-27 20:00:00,-11.7101293585923,1.74694965389468
2024-10-27 21:00:00,-12.1107342305012,1.74883671127676
2024-10-27 22:00:00,-11.8920520126123,1.72617533901515
2024-10-27 23:00:00,-11.6685979584106,1.70645364006551
2024-10-28 00:00:00,-12.1911954416865,1.68482582836254
2024-10-28 01:00:00,-12.4989577953876,1.6636233191962
2024-10-28 02:00:00,-12.5924956415789,1.64482480738994
2024-10-28 03:00:00,-12.1363293457729,1.63698583548307
2024-10-28 04:00:00,-12.1403175895028,1.61486439592901
2024-10-28 05:00:00,-12.3580914040126,1.59529589567881
2024-10-28 06:00:00,-12.2448458838442,1.57985078067381
2024-10-28 07:00:00,-12.6887595485418,1.56610630654665
2024-10-28 08:00:00,-11.6139327792123,1.61192883678549
2024-10-28 09:00:00,-12.2888679000243,1.59620628168895
2024-10-28 10:00:00,-11.9500326288747,1.58162086595513
2024-10-28 11:00:00,-11.962038725649,1.56050222612191
2024-10-28 12:00:00,-11.9524666540315,1.53969242948884
2024-10-28 13:00:00,-11.2996966758688,1.52827191971701
2024-10-28 14:00:00,-11.2870705895756,1.52612121352438
2024-10-28 15:00:00,-11.1961167566772,1.51363709182253
2024-10-28 16:00:00,-11.4250522855734,1.49398784971698
2024-10-28 17:00:00,-11.3654797054612,1.50750525008201
2024-10-28 18:00:00,-11.6141958912824,1.49278054363987
2024-10-28 19:00:00,-11.3816939390411,1.49222102806175
2024-10-28 20:00:00,-11.2998434309597,1.49210951496377
2024-10-28 21:00:00,-11.6611197585546,1.47241281340634
2024-10-28 22:00:00,-11.8025256308454,1.45305842985747
2024-10-28 23:00:00,-11.5751517814808,1.45352695312673
2024-10-29 00:00:00,-10.4110578482926,1.43647737732772
2024-10-29 01:00:00,-10.9542688976197,1.41925357004968
2024-10-29 02:00:00,-11.0212723447917,1.40128996408519
2024-10-29 03:00:00,-10.372407153087,1.43222508958812
2024-10-29 04:00:00,-10.9616435644374,1.42892202986852
2024-10-29 05:00:00,-11.1760911886939,1.4197615574784
2024-10-29 06:00:00,-11.4939619969021,1.41567224575816
2024-10-29 07:00:00,-11.5488058371889,1.40745919598071
2024-10-29 08:00:00,-11.1506581967081,1.39019941479377
2024-10-29 09:00:00,-11.5009631020807,1.40398715087298
2024-10-29 10:00:00,-11.3689990856225,1.40169677225141
2024-10-29 11:00:00,-10.939290337065,1.38546538777317
2024-10-29 12:00:00,-10.9195854198468,1.37552223492689
2024-10-29 13:00:00,-10.3987453136218,1.35892273968785
2024-10-29 14:00:00,-10.1797853643542,1.34981353144502
2024-10-29 15:00:00,-10.1526852921447,1.33251566150731
2024-10-29 16:00:00,-10.2365620698876,1.31565700014954
2024-10-29 17:00:00,-10.9475773441942,1.31555771418071
2024-10-29 18:00:00,-10.6835045025753,1.29947815419928
2024-10-29 19:00:00,-10.5811000505536,1.28318947703307
2024-10-29 20:00:00,-10.0621915861697,1.29029365774763
2024-10-29 21:00:00,-10.3165806071925,1.27400332241002
2024-10-29 22:00:00,-10.8825722848064,1.28426185943277
2024-10-29 23:00:00,-10.4875935096448,1.27569652389444
2024-10-30 00:00:00,-10.5404443286317,1.27262692004767
2024-10-30 01:00:00,-10.7452412086427,1.259436921401
2024-10-30 02:00:00,-10.7686637765604,1.24738284328743
2024-10-30 03:00:00,-11.1334115207795,1.25953031021082
2024-10-30 04:00:00,-10.7349559785144,1.24712416528671
2024-10-30 05:00:00,-11.2749551437653,1.29778676777324
2024-10-30 06:00:00,-11.2488034754824,1.29700071270503
2024-10-30 07:00:00,-11.1212149317213,1.28769037697466
2024-10-30 08:00:00,-10.9623856192946,1.28529321805533
2024-10-30 09:00:00,-10.9751875304076,1.28384413645484
2024-10-30 10:00:00,-10.7562691319886,1.27394858287272
2024-10-30 11:00:00,-10.8244203157852,1.28909969359048
2024-10-30 12:00:00,-10.7093753581958,1.29002024812426
2024-10-30 13:00:00,-9.95733405006747,1.27379555524102
2024-10-30 14:00:00,-10.1451479692749,1.26012071185765
2024-10-30 15:00:00,-9.95096112708297,1.24565932463458
2024-10-30 16:00:00,-9.68128334939473,1.23292428024149
2024-10-30 17:00:00,-10.5947546680534,1.24781781353674
2024-10-30 18:00:00,-10.6418985137332,1.24257893176537
2024-10-30 19:00:00,-10.3380239554398,1.22830745618546
2024-10-30 20:00:00,-10.3147139350406,1.21684923966677
2024-10-30 21:00:00,-9.8214380790023,1.21090684904816
2024-10-30 22:00:00,-10.1389456542533,1.20046307608393
2024-10-30 23:00:00,-10.5089596475366,1.19707330648386
2024-10-31 00:00:00,-11.0734123707268,1.19907810600454
2024-10-31 01:00:00,-11.1275639446063,1.1866143270395
2024-10-31 02:00:00,-10.9557384719055,1.17211703623908
2024-10-31 03:00:00,-10.9873764989175,1.15830791999731
2024-10-31 04:00:00,-11.1024694223404,1.16043013588027
2024-10-31 05:00:00,-11.326799944743,1.17169403879129
2024-10-31 06:00:00,-11.4073449813853,1.16741807091479
2024-10-31 07:00:00,-11.5224791614078,1.16992139728662
2024-10-31 08:00:00,-11.163131943511,1.16004934130401
2024-10-31 09:00:00,-11.5585136655174,1.19591359095797
2024-10-31 10:00:00,-11.4106856540287,1.2070710166152
2024-10-31 11:00:00,-10.748047561066,1.1921796478842
2024-10-31 12:00:00,-11.0883205604144,1.21598265668783
2024-10-31 13:00:00,-10.3979722493302,1.20260998854478
2024-10-31 14:00:00,-10.2982034667734,1.18835887249115
2024-10-31 15:00:00,-9.95548027826139,1.17655711205237
2024-10-31 16:00:00,-10.0280749336339,1.16224908678616
2024-10-31 17:00:00,-10.6296625195403,1.15335876014822
2024-10-31 18:00:00,-10.4691503006272,1.14051668960128
2024-10-31 19:00:00,-10.3511971674403,1.12691849573897
2024-10-31 20:00:00,-10.1679495616225,1.11729328011744
2024-10-31 21:00:00,-10.3848023608993,1.10554177420209
2024-10-31 22:00:00,-10.5800946759016,1.09852828652769
2024-10-31 23:00:00,-10.9429989933101,1.10235062128429
2024-11-01 00:00:00,-10.9884110242408,1.09698392651198
2024-11-01 01:00:00,-10.9237450576556,1.08407293369055
2024-11-01 02:00:00,-10.4443161765153,1.09160879639465
2024-11-01 03:00:00,-10.5945371610103,1.08129873451248
2024-11-01 04:00:00,-10.847585777141,1.07603787684563
2024-11-01 05:00:00,-11.3881592912311,1.10747961494065
2024-11-01 06:00:00,-11.8325790782082,1.15072142092573
2024-11-01 07:00:00,-11.0004828895198,1.1462977966006
2024-11-01 08:00:00,-10.9896561287404,1.13711690799397
2024-11-01 09:00:00,-11.1271904747497,1.13288279142939
2024-11-01 10:00:00,-11.1799968903835,1.13691778500086
2024-11-01 11:00:00,-10.4224754924616,1.12995396003645
2024-11-01 12:00:00,-10.7716541757491,1.13239890051609
2024-11-01 13:00:00,-9.98144733963403,1.12280016830521
2024-11-01 14:00:00,-10.0388990947369,1.11331180433224
2024-11-01 15:00:00,-9.90497977709419,1.10155144966503
2024-11-01 16:00:00,-9.6013923065537,1.11015724382408
2024-11-01 17:00:00,-10.1377892521549,1.09889716980595
2024-11-01 18:00:00,-10.1532295894767,1.09281684247745
2024-11-01 19:00:00,-10.7105030708301,1.10116195021856
2024-11-01 20:00:00,-10.3338493458596,1.09035958481003
2024-11-01 21:00:00,-10.6043456319596,1.08660057661245
2024-11-01 22:00:00,-10.3661441792139,1.07412371505157
2024-11-01 23:00:00,-10.9040692529198,1.08159651103778
2024-11-02 00:00:00,-10.5456179738788,1.09776757349365
2024-11-02 01:00:00,-11.0722920402978,1.14260427270285
2024-11-02 02:00:00,-10.8860655512529,1.14833282796207
2024-11-02 03:00:00,-10.9615023385509,1.16381625739736
2024-11-02 04:00:00,-10.8868052452535,1.19242399348519
2024-11-02 05:00:00,-10.868945991918,1.20971327420833
2024-11-02 06:00:00,-11.2168133463175,1.25173614293409
2024-11-02 07:00:00,-11.0475576839365,1.25569708423562
2024-11-02 08:00:00,-10.9274735478318,1.27666146835707
2024-11-02 09:00:00,-10.9054641686751,1.29261900424761
2024-11-02 10:00:00,-10.7574517463111,1.30348684509411
2024-11-02 11:00:00,-10.6927997567128,1.33054685080584
2024-11-02 12:00:00,-10.9748432117705,1.4120385338618
2024-11-02 13:00:00,-10.2254012330065,1.41480690254772
2024-11-02 14:00:00,-10.417449479228,1.43126903129464
2024-11-02 15:00:00,-10.0501512479415,1.42591076139292
2024-11-02 16:00:00,-10.0731687252066,1.42854756059088
2024-11-02 17:00:00,-10.6822566105965,1.46508850994965
2024-11-02 18:00:00,-10.8940553179932,1.51048046198147
2024-11-02 19:00:00,-10.2745688702464,1.49419280287148
2024-11-02 20:00:00,-10.9187529553213,1.59790313280451
2024-11-02 21:00:00,-10.7269540237166,1.62428223611056
2024-11-02 22:00:00,-11.110475331992,1.73826087246828
2024-11-02 23:00:00,-10.8499990238591,1.74909373114449
2024-11-03 00:00:00,-12.7686592398316,1.75072561311545
2024-11-03 01:00:00,-12.1586591302668,1.73768036153991
2024-11-03 02:00:00,-12.0300589739662,1.71669706582327
2024-11-03 03:00:00,-11.4490612427893,1.75649776928383
2024-11-03 04:00:00,-11.5525808217157,1.73857556305352
2024-11-03 05:00:00,-11.9131913675218,1.71472597838229
2024-11-03 06:00:00,-12.0766074788675,1.6934093320121
2024-11-03 07:00:00,-12.0232735405868,1.67735430775814
2024-11-03 08:00:00,-12.0662863156871,1.65462618539653
2024-11-03 09:00:00,-12.2343922448483,1.63399714538895
2024-11-03 10:00:00,-12.0176482300337,1.61220108126067
2024-11-03 11:00:00,-11.6367382872501,1.59576715226489
2024-11-03 12:00:00,-11.8420283076942,1.57618869219016
2024-11-03 13:00:00,-11.5612202224802,1.55691829636871
2024-11-03 14:00:00,-11.7356049454033,1.53668523070002
2024-11-03 15:00:00,-10.9198663758346,1.55547055977177
2024-11-03 16:00:00,-10.955050539741,1.54708869685328
2024-11-03 17:00:00,-11.5479327770844,1.52730609790028
2024-11-03 18:00:00,-11.7806263275152,1.50701663059198
2024-11-03 19:00:00,-11.3010515698751,1.50920651623235
2024-11-03 20:00:00,-11.6136148939618,1.48937874007436
2024-11-03 21:00:00,-11.6522167391089,1.46973705405346
2024-11-03 22:00:00,-11.3682614667671,1.46183905741831
2024-11-03 23:00:00,-11.7017463131611,1.44274238672314
2024-11-04 00:00:00,-10.6067609866736,1.4242247300731
2024-11-04 01:00:00,-10.9033343360169,1.4057001020518
2024-11-04 02:00:00,-11.0125288978486,1.38790633934749
2024-11-04 03:00:00,-11.1863036933008,1.37263923360425
2024-11-04 04:00:00,-11.0210340749908,1.35696538018434
2024-11-04 05:00:00,-11.1243733682923,1.34423663568897
2024-11-04 06:00:00,-11.5240361063481,1.34442725975762
2024-11-04 07:00:00,-11.229300851302,1.32745764667468
2024-11-04 08:00:00,-11.0174728511733,1.31091683363384
2024-11-04 09:00:00,-11.0727225356635,1.29620390733304
2024-11-04 10:00:00,-10.9001077573234,1.27996558789247
2024-11-04 11:00:00,-11.0095108818776,1.27785721226672
2024-11-04 12:00:00,-10.6858909381428,1.26177853030994
2024-11-04 13:00:00,-10.5413111167717,1.25700496147931
2024-11-04 14:00:00,-10.7362015636613,1.24716514743611
2024-11-04 15:00:00,-10.209264522489,1.23400894470158
2024-11-04 16:00:00,-10.4134466787802,1.22242854211906
2024-11-04 17:00:00,-10.6150867563862,1.20735816878466
2024-11-04 18:00:00,-10.4753866214175,1.19624809159411
2024-11-04 19:00:00,-10.7222962030612,1.18804904683558
2024-11-04 20:00:00,-10.7493987151348,1.17709415433156
2024-11-04 21:00:00,-10.8311986382382,1.17128645047744
2024-11-04 22:00:00,-10.0611316000788,1.18993099453821
2024-11-04 23:00:00,-10.74816004097,1.18394523726586
2024-11-05 00:00:00,-10.5665985342831,1.16950874072033
2024-11-05 01:00:00,-11.1098251063636,1.16896036331536
2024-11-05 02:00:00,-10.5914232181194,1.16442175335745
2024-11-05 03:00:00,-11.3300095175684,1.18916257883348
2024-11-05 04:00:00,-10.8897919901889,1.17553076211572
2024-11-05 05:00:00,-11.1589800018964,1.18165122591248
2024-11-05 06:00:00,-11.126060919023,1.16879743832096
2024-11-05 07:00:00,-11.443079315547,1.17742069881344
2024-11-05 08:00:00,-10.8553896667033,1.16319576816724
2024-11-05 09:00:00,-11.0924349732936,1.16275553131673
2024-11-05 10:00:00,-10.910763668094,1.15237761256477
2024-11-05 11:00:00,-10.8221099117653,1.14860389939906
2024-11-05 12:00:00,-10.801536607548,1.14592885922892
2024-11-05 13:00:00,-10.4817662968449,1.14619675995606
2024-11-05 14:00:00,-11.1649020691356,1.20903700880008
2024-11-05 15:00:00,-9.71696146007936,1.24205478667903
2024-11-05 16:00:00,-9.99793939070856,1.22720750626827
2024-11-05 17:00:00,-10.2276227763933,1.21396809797695
2024-11-05 18:00:00,-10.4890912185454,1.200247793281
2024-11-05 19:00:00,-10.3385218988882,1.18548380619874
2024-11-05 20:00:00,-10.0652419800813,1.17735267305095
2024-11-05 21:00:00,-10.2773577025704,1.1639755436106
2024-11-05 22:00:00,-10.3900436781321,1.1516170977449
2024-11-05 23:00:00,-10.2673753643565,1.14143243308486
2024-11-06 00:00:00,-10.2919377283103,1.1283835852369
2024-11-06 01:00:00,-9.98409093297392,1.14728536122089
2024-11-06 02:00:00,-10.4058037445133,1.13393121232904
2024-11-06 03:00:00,-9.93272295357677,1.16135971541496
2024-11-06 04:00:00,-9.94345210957748,1.15274457962541
2024-11-06 05:00:00,-10.0946505164468,1.14177518925273
2024-11-06 06:00:00,-10.533258928829,1.12824465622995
2024-11-06 07:00:00,-10.0371987639662,1.15633661191738
2024-11-06 08:00:00,-10.1783246130264,1.14295719007769
2024-11-06 09:00:00,-9.98787168664326,1.14501679548771
2024-11-06 10:00:00,-10.3673978347264,1.13464424050666
2024-11-06 11:00:00,-10.3060322575593,1.12275796950823
2024-11-06 12:00:00,-10.1254284360403,1.10939164578627
2024-11-06 13:00:00,-9.81540718809424,1.09674903721941
2024-11-06 14:00:00,-10.0468518197304,1.08450086308987
2024-11-06 15:00:00,-9.46402542687007,1.08634460965931
2024-11-06 16:00:00,-9.65806321318454,1.07354275801018
2024-11-06 17:00:00,-10.2145708620759,1.06281948958335
2024-11-06 18:00:00,-10.6361611834713,1.07012790289433
2024-11-06 19:00:00,-10.117907220117,1.05936931434639
2024-11-06 20:00:00,-10.0233181172194,1.04719822347268
2024-11-06 21:00:00,-9.99644134010225,1.03502937797622
2024-11-06 22:00:00,-10.1180614858097,1.02433908553575
2024-11-06 23:00:00,-10.3554283182282,1.01538277492097
2024-11-07 00:00:00,-9.72204138827863,1.01636727273299
2024-11-07 01:00:00,-10.0529285942883,1.01858443315325
2024-11-07 02:00:00,-9.65552553919277,1.00788140228517
2024-11-07 03:00:00,-10.3137800048896,1.04587148211661
2024-11-07 04:00:00,-10.0858562851898,1.05267925614921
2024-11-07 05:00:00,-10.1885464042027,1.06879397579165
2024-11-07 06:00:00,-10.8900312231415,1.16818313191327
2024-11-07 07:00:00,-10.0621664310343,1.154796245453
2024-11-07 08:00:00,-10.2854340614056,1.1874091335129
2024-11-07 09:00:00,-10.0140157530651,1.1790097923636
2024-11-07 10:00:00,-10.3032863967192,1.22326128423873
2024-11-07 11:00:00,-9.90934401093504,1.22323893544582
2024-11-07 12:00:00,-10.1434121885166,1.27070244002321
2024-11-07 13:00:00,-9.83315936547762,1.31073364876402
2024-11-07 14:00:00,-10.1682572487656,1.3699032170943
2024-11-07 15:00:00,-9.4150682324908,1.3554209549258
2024-11-07 16:00:00,-9.22967204804766,1.34171195947097
2024-11-07 17:00:00,-10.0978429651366,1.39335155223331
2024-11-07 18:00:00,-9.86795932783884,1.3855791842523
2024-11-07 19:00:00,-9.51139023223099,1.37007706708867
2024-11-07 20:00:00,-9.18366167399573,1.35290591686728
2024-11-07 21:00:00,-9.59078435570731,1.36206760754848
2024-11-07 22:00:00,-9.69359538408942,1.36627606360324
2024-11-07 23:00:00,-10.0523733767403,1.39203122638762
2024-11-08 00:00:00,-11.4467229638753,1.42793655000333
2024-11-08 01:00:00,-10.9561323219812,1.41050498796844
2024-11-08 02:00:00,-10.8155824727756,1.39218421289408
2024-11-08 03:00:00,-11.3847105719907,1.4115006273561
2024-11-08 04:00:00,-10.7486655427162,1.393555872452
2024-11-08 05:00:00,-11.2954043270442,1.41940798617386
2024-11-08 06:00:00,-11.4163630678448,1.41691130551848
2024-11-08 07:00:00,-11.4131146053826,1.41073022018655
2024-11-08 08:00:00,-10.804816818866,1.39294053895238
2024-11-08 09:00:00,-11.384443019293,1.42589173830972
2024-11-08 10:00:00,-11.1113393316132,1.41710706410901
2024-11-08 11:00:00,-10.7016380592229,1.4002859825391
2024-11-08 12:00:00,-10.9543422348355,1.41294346162266
2024-11-08 13:00:00,-10.5352980008166,1.40964795359446
2024-11-08 14:00:00,-10.7058301334222,1.40531894650512
2024-11-08 15:00:00,-10.1013282075848,1.38805723515484
2024-11-08 16:00:00,-10.0432628358919,1.37011451970706
2024-11-08 17:00:00,-10.521517817808,1.35533253165565
2024-11-08 18:00:00,-10.3727792668217,1.3391253756069
2024-11-08 19:00:00,-10.2456520247838,1.32233909683446
2024-11-08 20:00:00,-10.4420985754284,1.30940457946386
2024-11-08 21:00:00,-10.4353893827412,1.2948192020512
2024-11-08 22:00:00,-10.6522276414787,1.29206630789479
2024-11-08 23:00:00,-10.9665101056125,1.2979615175571
2024-11-09 00:00:00,-11.7189546801237,1.34092881387832
2024-11-09 01:00:00,-11.2342773693046,1.32566059228528
2024-11-09 02:00:00,-11.3907028548717,1.31693747639516
2024-11-09 03:00:00,-11.3700222104245,1.30262799509133
2024-11-09 04:00:00,-11.3999553434201,1.30342229345573
2024-11-09 05:00:00,-11.6767840199488,1.32351570277971
2024-11-09 06:00:00,-11.6690262756985,1.3158798925297
2024-11-09 07:00:00,-11.4497747399766,1.29963381846081
2024-11-09 08:00:00,-11.428714872075,1.29592914352458
2024-11-09 09:00:00,-11.5832087277608,1.30166914371341
2024-11-09 10:00:00,-11.6707417464766,1.32288619491247
2024-11-09 11:00:00,-11.5044605273983,1.33699836166728
2024-11-09 12:00:00,-11.4416417396368,1.35077136956776
2024-11-09 13:00:00,-10.963108107955,1.35292397588281
2024-11-09 14:00:00,-11.4920051628514,1.40513287135553
2024-11-09 15:00:00,-11.0305584426297,1.40156357268412
2024-11-09 16:00:00,-11.557661482442,1.49472999728619
2024-11-09 17:00:00,-11.5112976843825,1.49494199114649
2024-11-09 18:00:00,-11.1346175533242,1.47658002557048
2024-11-09 19:00:00,-11.4178498517564,1.5053036109681
2024-11-09 20:00:00,-10.9579748784015,1.48623516319246
2024-11-09 21:00:00,-11.2268173499508,1.49979587317305
2024-11-09 22:00:00,-11.052889633286,1.48784237530992
2024-11-09 23:00:00,-11.4847883866023,1.51094615693261
2024-11-10 00:00:00,-12.0958879470714,1.49207158400306
2024-11-10 01:00:00,-12.1388525554621,1.47334025807341
2024-11-10 02:00:00,-12.0231439348566,1.45660440690274
2024-11-10 03:00:00,-11.4941318105353,1.49199186871903
2024-11-10 04:00:00,-11.8339188298697,1.47247740849889
2024-11-10 05:00:00,-10.8642764824031,1.60253168905449
2024-11-10 06:00:00,-11.4333627295083,1.60064048807778
2024-11-10 07:00:00,-11.8291952599237,1.58439666378288
2024-11-10 08:00:00,-11.771753247781,1.56748833866607
2024-11-10 09:00:00,-12.0833554774048,1.54728251333577
2024-11-10 10:00:00,-12.030508907407,1.52670421563215
2024-11-10 11:00:00,-11.764663426322,1.50724955541032
2024-11-10 12:00:00,-11.4919437637282,1.49516809359888
2024-11-10 13:00:00,-10.8542130404322,1.49926885468592
2024-11-10 14:00:00,-11.6346441422424,1.48490698992846
2024-11-10 15:00:00,-11.1391528928276,1.47737574449942
2024-11-10 16:00:00,-11.500670242155,1.4604820743078
2024-11-10 17:00:00,-11.7550572772137,1.44173136461929
2024-11-10 18:00:00,-11.2035788361867,1.47081376670394
2024-11-10 19:00:00,-11.5055828520368,1.45157318668259
2024-11-10 20:00:00,-11.2055376383094,1.45447096630834
2024-11-10 21:00:00,-11.3923443025281,1.43714276232923
2024-11-10 22:00:00,-11.0004293193112,1.45817616832581
2024-11-10 23:00:00,-10.9134760871876,1.49305786001804
2024-11-11 00:00:00,-9.62824438003746,1.47334611494494
2024-11-11 01:00:00,-10.6535157611822,1.49217867133909
2024-11-11 02:00:00,-10.106203488808,1.47992829116337
2024-11-11 03:00:00,-10.8048951774963,1.5001739847589
2024-11-11 04:00:00,-10.0790032386869,1.48386642294159
2024-11-11 05:00:00,-10.371230824064,1.47313760854837
2024-11-11 06:00:00,-10.249175877651,1.45552432878953
2024-11-11 07:00:00,-10.3977404658735,1.43693966996268
2024-11-11 08:00:00,-10.5694364653685,1.43661004547067
2024-11-11 09:00:00,-10.5559492606025,1.42631943447476
2024-11-11 10:00:00,-10.5255512259679,1.42141881937655
2024-11-11 11:00:00,-9.90383064234526,1.4046973919935
2024-11-11 12:00:00,-10.2078690204718,1.40479191572667
2024-11-11 13:00:00,-9.56805974671521,1.38656903783595
2024-11-11 14:00:00,-10.018631864341,1.38257242936866
2024-11-11 15:00:00,-9.2890712211529,1.37609240908709
2024-11-11 16:00:00,-9.51933804589873,1.35967522840689
2024-11-11 17:00:00,-9.82170709883961,1.34221829519601
2024-11-11 18:00:00,-10.0837681831123,1.32986727446768
2024-11-11 19:00:00,-9.77820424372169,1.31343418733294
2024-11-11 20:00:00,-9.5689101479722,1.30027261817873
2024-11-11 21:00:00,-9.65059330687297,1.28380914889669
2024-11-11 22:00:00,-9.59221809439172,1.26861772460629
2024-11-11 23:00:00,-9.67369036150827,1.25481713079447
2024-11-12 00:00:00,-9.40597918601977,1.24187523528208
2024-11-12 01:00:00,-9.29254370428804,1.25507571243231
2024-11-12 02:00:00,-9.78422097496364,1.2405960009691
2024-11-12 03:00:00,-9.62167197365597,1.23386850479498
2024-11-12 04:00:00,-9.89959430069787,1.22654854036585
2024-11-12 05:00:00,-9.95432228209119,1.21334779552045
2024-11-12 06:00:00,-10.1823589370514,1.20145231031006
2024-11-12 07:00:00,-9.93617572087412,1.18968699041811
2024-11-12 08:00:00,-9.75985838918755,1.17527464581344
2024-11-12 09:00:00,-10.1992385904573,1.1797117646063
2024-11-12 10:00:00,-9.51359798819607,1.17816769736458
2024-11-12 11:00:00,-8.94973800162368,1.19493407514902
2024-11-12 12:00:00,-9.28640407374599,1.18027395562881
2024-11-12 13:00:00,-9.1272569396583,1.16679946400184
2024-11-12 14:00:00,-9.05677905243139,1.15992605105517
2024-11-12 15:00:00,-9.10181077301838,1.1460175008074
2024-11-12 16:00:00,-9.14828859494327,1.13216814011604
2024-11-12 17:00:00,-9.26888653860279,1.12426021835671
2024-11-12 18:00:00,-9.5089531840724,1.1108699300004
2024-11-12 19:00:00,-9.4332259483434,1.09759970875097
2024-11-12 20:00:00,-9.42506197091146,1.08456533451715
2024-11-12 21:00:00,-9.73374905149971,1.08553542528225
2024-11-12 22:00:00,-9.65644533220038,1.07542399268512
2024-11-12 23:00:00,-9.63221143927104,1.06276490616645
2024-11-13 00:00:00,-8.82725454930525,1.0504747216408
2024-11-13 01:00:00,-9.37589031371148,1.04882518015853
2024-11-13 02:00:00,-9.27590024686422,1.03743329586767
2024-11-13 03:00:00,-9.23537164487323,1.02552112160901
2024-11-13 04:00:00,-9.0138380613417,1.01378921923765
2024-11-13 05:00:00,-9.07186845693727,1.00277462441405
2024-11-13 06:00:00,-9.70934918889142,1.02175611928597
2024-11-13 07:00:00,-9.55023581380835,1.01204923835132
2024-11-13 08:00:00,-9.3625999334445,1.00573825787738
2024-11-13 09:00:00,-9.58421320845679,1.01700692677169
2024-11-13 10:00:00,-9.49415678194152,1.02172998150171
2024-11-13 11:00:00,-9.51579891331457,1.04778734250819
2024-11-13 12:00:00,-9.17252560213654,1.04149860376571
2024-11-13 13:00:00,-9.13750366996384,1.07970318069172
2024-11-13 14:00:00,-8.78297425874692,1.0669686239264
2024-11-13 15:00:00,-8.34676356912637,1.05562029732753
2024-11-13 16:00:00,-8.547800636184,1.04742903828639
2024-11-13 17:00:00,-8.8659412673934,1.03637936134902
2024-11-13 18:00:00,-9.24845878215822,1.04547995702262
2024-11-13 19:00:00,-9.06171837298949,1.03958111216263
2024-11-13 20:00:00,-8.38722376803107,1.04418572254758
2024-11-13 21:00:00,-8.52262680285355,1.03204968305936
2024-11-13 22:00:00,-8.6491076164354,1.02088018395534
2024-11-13 23:00:00,-9.33337859620718,1.04773077102018
2024-11-14 00:00:00,-9.5221910912033,1.04744981414006
2024-11-14 01:00:00,-9.91450204261412,1.06341807813624
2024-11-14 02:00:00,-9.5018261025288,1.05097866009609
2024-11-14 03:00:00,-9.63512838901163,1.04569213884307
2024-11-14 04:00:00,-9.68288348866859,1.05716290534794
2024-11-14 05:00:00,-9.66834514676534,1.05744864196021
2024-11-14 06:00:00,-10.0718545803226,1.08154433810894
2024-11-14 07:00:00,-9.78755867757524,1.0709501259393
2024-11-14 08:00:00,-9.33081809885683,1.05835827309674
2024-11-14 09:00:00,-9.69380494962997,1.06994835764628
2024-11-14 10:00:00,-9.47660913902177,1.06259976457606
2024-11-14 11:00:00,-9.35555144917168,1.06118269561044
2024-11-14 12:00:00,-9.1804108541655,1.05251010416086
2024-11-14 13:00:00,-9.12773724311761,1.07372845508143
2024-11-14 14:00:00,-9.46054727856206,1.0975189414463
2024-11-14 15:00:00,-8.20764502449287,1.12361124148675
2024-11-14 16:00:00,-8.55513112909378,1.11225474325393
2024-11-14 17:00:00,-9.03329523913674,1.1017655400187
2024-11-14 18:00:00,-9.37912929984142,1.10638187484112
2024-11-14 19:00:00,-9.39815893397436,1.11313985856747
2024-11-14 20:00:00,-9.35279367443086,1.11488555400345
2024-11-14 21:00:00,-8.92145883419656,1.10166094228218
2024-11-14 22:00:00,-8.95317892525602,1.09080715511464
2024-11-14 23:00:00,-8.92408092718838,1.07810210300779
2024-11-15 00:00:00,-9.32826245515698,1.06649076723144
2024-11-15 01:00:00,-9.77564005844035,1.06254869554961
2024-11-15 02:00:00,-9.80508206848683,1.05562106861511
2024-11-15 03:00:00,-9.85934540793944,1.04870208083531
2024-11-15 04:00:00,-9.84169720592081,1.05360817335885
2024-11-15 05:00:00,-9.40103048695447,1.04356438162627
2024-11-15 06:00:00,-10.1241349120096,1.0672574572596
2024-11-15 07:00:00,-9.84352547457012,1.05480086587581
2024-11-15 08:00:00,-9.95781228595398,1.06591993269176
2024-11-15 09:00:00,-9.74586397416005,1.05577069122717
2024-11-15 10:00:00,-9.47596763972673,1.04366366694744
2024-11-15 11:00:00,-9.74305076880196,1.06618587874085
2024-11-15 12:00:00,-9.83795739909158,1.08933870645109
2024-11-15 13:00:00,-8.74147920616588,1.08215802438978
2024-11-15 14:00:00,-9.28807920791722,1.08542888708231
2024-11-15 15:00:00,-8.64210414463011,1.07909957222584
2024-11-15 16:00:00,-8.80183490275063,1.06717979090531
2024-11-15 17:00:00,-9.2396002355004,1.05654514680637
2024-11-15 18:00:00,-9.46411465483835,1.05180827518743
2024-11-15 19:00:00,-9.43995420487138,1.0485321315758
2024-11-15 20:00:00,-9.15421319530575,1.03631059130329
2024-11-15 21:00:00,-9.18567301399919,1.02695612236294
2024-11-15 22:00:00,-9.59002986839355,1.04839459501186
2024-11-15 23:00:00,-9.83362075337134,1.06470640086852
2024-11-16 00:00:00,-10.3608454067969,1.09223955039236
2024-11-16 01:00:00,-10.0269477799388,1.07940472197805
2024-11-16 02:00:00,-10.4599590628288,1.10627382457728
2024-11-16 03:00:00,-10.2811091367941,1.09825360581999
2024-11-16 04:00:00,-10.1856930053292,1.10208970447476
2024-11-16 05:00:00,-10.6029000181098,1.15254412463649
2024-11-16 06:00:00,-10.3011767718684,1.14021243792576
2024-11-16 07:00:00,-10.5955555293478,1.1571862244748
2024-11-16 08:00:00,-10.5753977933764,1.18582573577885
2024-11-16 09:00:00,-10.4188762426831,1.18997041403161
2024-11-16 10:00:00,-10.4169587157622,1.21071563710734
2024-11-16 11:00:00,-10.3857967400428,1.2469066775546
2024-11-16 12:00:00,-10.12700994164,1.25193012636163
2024-11-16 13:00:00,-9.34989441493887,1.23710875555329
2024-11-16 14:00:00,-10.1541556940927,1.30092110715693
2024-11-16 15:00:00,-9.57512215039845,1.28889033333841
2024-11-16 16:00:00,-9.41624245887594,1.27620156703119
2024-11-16 17:00:00,-10.1145345621528,1.30039763015572
2024-11-16 18:00:00,-10.4098424139712,1.3405519248417
2024-11-16 19:00:00,-10.3072126271916,1.36775931941907
2024-11-16 20:00:00,-10.1726878654758,1.38111586910996
2024-11-16 21:00:00,-10.0540774990388,1.38863477865119
2024-11-16 22:00:00,-10.5341496064256,1.4818029121035
2024-11-16 23:00:00,-10.1228308268104,1.47009050002722
2024-11-17 00:00:00,-11.6234394211913,1.47398276659917
2024-11-17 01:00:00,-11.6884037702585,1.46301024123693
2024-11-17 02:00:00,-11.0079950871832,1.45895462131419
2024-11-17 03:00:00,-11.0689665637359,1.44130839494114
2024-11-17 04:00:00,-10.9348477923568,1.42294036058271
2024-11-17 05:00:00,-10.9673644626621,1.40507424538541
2024-11-17 06:00:00,-11.3772613540618,1.38928126874924
2024-11-17 07:00:00,-11.5169711211205,1.37366772435634
2024-11-17 08:00:00,-11.5542931129184,1.36974317645067
2024-11-17 09:00:00,-10.9575907601273,1.36396317843971
2024-11-17 10:00:00,-10.9420472773426,1.34654152286899
2024-11-17 11:00:00,-11.2631391441631,1.35140584372527
2024-11-17 12:00:00,-11.0191445615857,1.33497422318298
2024-11-17 13:00:00,-10.5848419308611,1.31882320731904
2024-11-17 14:00:00,-10.7869749543511,1.30348793139082
2024-11-17 15:00:00,-10.5967198016389,1.28762707670765
2024-11-17 16:00:00,-10.7659707584562,1.27859012812414
2024-11-17 17:00:00,-11.2322460836452,1.27427073963526
2024-11-17 18:00:00,-11.0486095008491,1.25834868262536
2024-11-17 19:00:00,-10.7565314785662,1.24324711382245
2024-11-17 20:00:00,-11.1211713655402,1.24503861925042
2024-11-17 21:00:00,-10.8300932818498,1.22951011429846
2024-11-17 22:00:00,-10.6505002316331,1.21526546870845
2024-11-17 23:00:00,-10.6686857930144,1.20314987692007
2024-11-18 00:00:00,-11.0013980074069,1.20038032195868
2024-11-18 01:00:00,-11.1871170811679,1.18709551442127
2024-11-18 02:00:00,-10.961976734258,1.17380286558271
2024-11-18 03:00:00,-11.5603157538573,1.19127953512491
2024-11-18 04:00:00,-11.0943451419138,1.17704006299286
2024-11-18 05:00:00,-11.4590747499021,1.19064379291095
2024-11-18 06:00:00,-11.4393631906807,1.17935158510492
2024-11-18 07:00:00,-10.5506027971064,1.22376269354522
2024-11-18 08:00:00,-10.9373456920156,1.21284004222536
2024-11-18 09:00:00,-10.9011191879898,1.19797915471247
2024-11-18 10:00:00,-10.6929082305029,1.18519290747233
2024-11-18 11:00:00,-10.9159826696302,1.18157412040333
2024-11-18 12:00:00,-10.2494382735626,1.18857468963668
2024-11-18 13:00:00,-10.2748018707573,1.17748880403024
2024-11-18 14:00:00,-10.6021207165746,1.16622755794144
2024-11-18 15:00:00,-10.1050108649153,1.15768549353489
2024-11-18 16:00:00,-9.78668700618268,1.16488506648371
2024-11-18 17:00:00,-10.4627601155634,1.15073909351108
2024-11-18 18:00:00,-10.2620800860056,1.1518281316828
2024-11-18 19:00:00,-10.3771739723254,1.13819116138177
2024-11-18 20:00:00,-10.3009996109004,1.12785600121039
2024-11-18 21:00:00,-9.96593647142975,1.13844949167103
2024-11-18 22:00:00,-10.5771082065269,1.13255789039348
2024-11-18 23:00:00,-10.7867116518068,1.1204650909561
2024-11-19 00:00:00,-9.538906054978,1.11744623116843
2024-11-19 01:00:00,-10.3832528969122,1.12592142250167
2024-11-19 02:00:00,-10.4394278889311,1.12091245015776
2024-11-19 03:00:00,-10.7460874072655,1.1378195010968
2024-11-19 04:00:00,-10.4281598660997,1.13407887180086
2024-11-19 05:00:00,-10.3613137091128,1.12740174169483
2024-11-19 06:00:00,-10.5401876117402,1.12228428581052
2024-11-19 07:00:00,-10.6409886320081,1.11978375932753
2024-11-19 08:00:00,-10.3958924190055,1.11311304202161
2024-11-19 09:00:00,-10.3832655101978,1.10744145928792
2024-11-19 10:00:00,-10.0501543835894,1.09431504861565
2024-11-19 11:00:00,-10.2524400952973,1.10872442384491
2024-11-19 12:00:00,-10.6233807920973,1.16817626910683
2024-11-19 13:00:00,-9.74463834988901,1.15612878526526
2024-11-19 14:00:00,-9.5019618182814,1.14406944927859
2024-11-19 15:00:00,-9.29167664078521,1.13037293479014
2024-11-19 16:00:00,-9.4759810053736,1.11981129137118
2024-11-19 17:00:00,-10.1875077964094,1.1320890094626
2024-11-19 18:00:00,-9.71546400878483,1.12264453118649
2024-11-19 19:00:00,-9.61255874849655,1.10918025575741
2024-11-19 20:00:00,-9.67756231595288,1.09687798068988
2024-11-19 21:00:00,-9.51123788158095,1.08449622777227
2024-11-19 22:00:00,-9.66241994132118,1.07346325836562
2024-11-19 23:00:00,-9.99180499885412,1.06848322974268
2024-11-20 00:00:00,-10.4107923202607,1.06758632195208
2024-11-20 01:00:00,-10.5073474128465,1.05692101583224
2024-11-20 02:00:00,-10.431897385478,1.04548134103317
2024-11-20 03:00:00,-10.4608983330138,1.0344215273613
2024-11-20 04:00:00,-10.5254441796367,1.03718912053065
2024-11-20 05:00:00,-10.8350292242273,1.06063864185315
2024-11-20 06:00:00,-10.7128587075064,1.05074654425224
2024-11-20 07:00:00,-11.0622099145035,1.07191876952587
2024-11-20 08:00:00,-10.5673729157938,1.06145570430507
2024-11-20 09:00:00,-10.6928939773911,1.06533532830413
2024-11-20 10:00:00,-10.2211892631289,1.05301300075972
2024-11-20 11:00:00,-10.3934476869878,1.06280770496019
2024-11-20 12:00:00,-10.0425901099385,1.05046460688673
2024-11-20 13:00:00,-9.78896973020364,1.04541186416307
2024-11-20 14:00:00,-9.96109174799318,1.0370324262645
2024-11-20 15:00:00,-9.43916188691382,1.02860190875623
2024-11-20 16:00:00,-9.82869263882462,1.02946731730963
2024-11-20 17:00:00,-9.88160721416705,1.01844834496757
2024-11-20 18:00:00,-9.88431460898872,1.00700347905295
2024-11-20 19:00:00,-9.76499414662226,0.995715026803963
2024-11-20 20:00:00,-9.90763192065084,0.986519541915265
2024-11-20 21:00:00,-10.089002540878,0.985152386098678
2024-11-20 22:00:00,-10.2155899170831,0.987927811993091
2024-11-20 23:00:00,-10.6000469044636,1.01086991276532
2024-11-21 00:00:00,-10.6882141249745,1.00579384217643
2024-11-21 01:00:00,-10.6725707208769,0.994634632142783
2024-11-21 02:00:00,-10.945400364494,1.00209607811969
2024-11-21 03:00:00,-10.6054618922222,0.9913383886385
2024-11-21 04:00:00,-10.0073122122173,0.99450161025878
2024-11-21 05:00:00,-10.0236413988849,0.988880882166588
2024-11-21 06:00:00,-10.4097707197054,0.977706285585932
2024-11-21 07:00:00,-10.534279031643,0.966773103864523
2024-11-21 08:00:00,-10.5171488031087,0.957728669910308
2024-11-21 09:00:00,-10.8847064517682,0.969604193848223
2024-11-21 10:00:00,-10.659651308408,0.962875228206005
2024-11-21 11:00:00,-10.6034275670152,0.966545712116384
2024-11-21 12:00:00,-10.1690152308338,0.956075233063865
2024-11-21 13:00:00,-9.84269187544504,0.946993786734607
2024-11-21 14:00:00,-10.3053753434673,0.951787699566447
2024-11-21 15:00:00,-9.4023122177389,0.96721101847387
2024-11-21 16:00:00,-9.56355119052431,0.956820116482526
2024-11-21 17:00:00,-10.4369031456369,0.966143234728488
2024-11-21 18:00:00,-10.2212940397586,0.955545437453552
2024-11-21 19:00:00,-10.2110959790466,0.947232443421187
2024-11-21 20:00:00,-9.93470576133564,0.93876671782668
2024-11-21 21:00:00,-9.95241935559115,0.928395610836033
2024-11-21 22:00:00,-10.3479339293645,0.93519631602983
2024-11-21 23:00:00,-10.6629155124508,0.945079346291232
2024-11-22 00:00:00,-10.2439515313755,0.937638218327488
2024-11-22 01:00:00,-10.4416634267374,0.931171837077485
2024-11-22 02:00:00,-10.3652264035069,0.92231531798043
2024-11-22 03:00:00,-10.6545194638304,0.928799071153842
2024-11-22 04:00:00,-10.0536067977315,0.920168358651241
2024-11-22 05:00:00,-10.6367717438882,0.94929231402599
2024-11-22 06:00:00,-10.5477150173715,0.940280948619082
2024-11-22 07:00:00,-10.5204955610334,0.93147409121415
2024-11-22 08:00:00,-10.6433762757161,0.945983549933393
2024-11-22 09:00:00,-10.4523724093344,0.938968175982959
2024-11-22 10:00:00,-10.5167235952663,0.947325327262023
2024-11-22 11:00:00,-10.2613052285158,0.945099655913437
2024-11-22 12:00:00,-10.4290187863037,0.966848355128276
2024-11-22 13:00:00,-10.3582674123582,1.02104896780436
2024-11-22 14:00:00,-9.67976242128692,1.0154839155989
2024-11-22 15:00:00,-9.56437683231599,1.005209188297
2024-11-22 16:00:00,-9.60980339032497,0.995811056380195
2024-11-22 17:00:00,-10.2920359129795,1.0091915346605
2024-11-22 18:00:00,-10.2179568874793,1.00265463477124
2024-11-22 19:00:00,-10.156894325868,1.0013631155657
2024-11-22 20:00:00,-9.87826928241997,0.990087866578097
2024-11-22 21:00:00,-10.2497098514492,1.01086834914116
2024-11-22 22:00:00,-10.1662922096143,1.01016876157344
2024-11-22 23:00:00,-10.4208228875038,1.02153792496131
2024-11-23 00:00:00,-11.3929781516559,1.06233027613607
2024-11-23 01:00:00,-11.1775482339808,1.05162976023146
2024-11-23 02:00:00,-11.2534865685027,1.05300365443348
2024-11-23 03:00:00,-11.1860709875933,1.04551061841499
2024-11-23 04:00:00,-10.9885534397395,1.03968330489415
2024-11-23 05:00:00,-10.9483682483515,1.03100921458062
2024-11-23 06:00:00,-11.3637090626652,1.03975921931794
2024-11-23 07:00:00,-11.6706502054133,1.06732728518823
2024-11-23 08:00:00,-11.2299612789846,1.06218718629305
2024-11-23 09:00:00,-11.4364524148679,1.08528813939984
2024-11-23 10:00:00,-11.3702316638478,1.10329698331242
2024-11-23 11:00:00,-11.1390478013631,1.11365772953322
2024-11-23 12:00:00,-11.2700057111017,1.1516228559993
2024-11-23 13:00:00,-10.632497846069,1.15058432179429
2024-11-23 14:00:00,-11.1725670916402,1.2043730827721
2024-11-23 15:00:00,-10.6128142613452,1.19639431925959
2024-11-23 16:00:00,-10.7839985476415,1.21627471357527
2024-11-23 17:00:00,-10.4431035455347,1.20544395183232
2024-11-23 18:00:00,-10.7219658873247,1.19835145014917
2024-11-23 19:00:00,-10.834978089877,1.20210543816657
2024-11-23 20:00:00,-10.7581988252609,1.19647447444339
2024-11-23 21:00:00,-10.3551603562983,1.18235245610411
2024-11-23 22:00:00,-10.9189634914526,1.21259891865438
2024-11-23 23:00:00,-10.9124531207052,1.20650456893808
2024-11-24 00:00:00,-11.7267222600004,1.19522713506151
2024-11-24 01:00:00,-11.8591084108948,1.18212218029149
2024-11-24 02:00:00,-11.5231281638623,1.17197990193754
2024-11-24 03:00:00,-11.76577558594,1.1592912683014
2024-11-24 04:00:00,-11.7588657355095,1.15145362165883
2024-11-24 05:00:00,-11.6040783652798,1.13750980373794
2024-11-24 06:00:00,-11.8409892481082,1.12499594668484
2024-11-24 07:00:00,-11.8988023039324,1.11217391937987
2024-11-24 08:00:00,-11.5049346042655,1.1006307653461
2024-11-24 09:00:00,-11.8275988338281,1.09650068442923
2024-11-24 10:00:00,-11.6560453809874,1.08452229198283
2024-11-24 11:00:00,-11.3411344062339,1.07173072888882
2024-11-24 12:00:00,-11.0224263863735,1.06488464294513
2024-11-24 13:00:00,-10.5801354053507,1.0572683189632
2024-11-24 14:00:00,-11.2194784041113,1.05258259399978
2024-11-24 15:00:00,-10.7553427024424,1.0450285961298
2024-11-24 16:00:00,-10.8488563756522,1.03287666944109
2024-11-24 17:00:00,-11.209915341411,1.02096215547085
2024-11-24 18:00:00,-11.1720439320759,1.01106292987324
2024-11-24 19:00:00,-11.3038134645905,1.00178803314791
2024-11-24 20:00:00,-11.531786812362,1.00229697932218
2024-11-24 21:00:00,-11.1636718784884,0.992051420107307
2024-11-24 22:00:00,-11.3648122652828,0.986242976458559
2024-11-24 23:00:00,-10.8979033682341,0.999839441551654
2024-11-25 00:00:00,-10.7515057662785,0.988508901322075
2024-11-25 01:00:00,-11.107205557968,0.977490032521503
2024-11-25 02:00:00,-10.8937960741689,0.972282171558564
2024-11-25 03:00:00,-11.3715180155041,0.970423355830497
2024-11-25 04:00:00,-11.0467555031494,0.959519690671326
2024-11-25 05:00:00,-11.0655234604752,0.948947945722485
2024-11-25 06:00:00,-11.5123772867564,0.948719393786498
2024-11-25 07:00:00,-11.3637697790182,0.93818240803964
2024-11-25 08:00:00,-11.0740476227651,0.927924319370716
2024-11-25 09:00:00,-11.5101852254429,0.941068940454774
2024-11-25 10:00:00,-11.0646776753424,0.930910420415006
2024-11-25 11:00:00,-10.933822445471,0.922286303351509
2024-11-25 12:00:00,-10.9255854021152,0.91514222211346
2024-11-25 13:00:00,-10.8615024939379,0.928471717471506
2024-11-25 14:00:00,-10.532720184126,0.922244089839819
2024-11-25 15:00:00,-9.88222298345004,0.940960717571101
2024-11-25 16:00:00,-9.91103782492391,0.941452170615822
2024-11-25 17:00:00,-10.6181296664809,0.931339019653616
2024-11-25 18:00:00,-10.313382530068,0.943652247830624
2024-11-25 19:00:00,-10.4630866716165,0.933669419684622
2024-11-25 20:00:00,-10.2269711159001,0.937869255927797
2024-11-25 21:00:00,-10.3174772228897,0.930446962672446
2024-11-25 22:00:00,-10.3890316182024,0.922088532835115
2024-11-25 23:00:00,-10.0742786567434,0.955144113937656
2024-11-26 00:00:00,-9.44338669924888,0.944727681488379
2024-11-26 01:00:00,-9.97153832345416,0.935379551757845
2024-11-26 02:00:00,-10.0820962634674,0.926179371994205
2024-11-26 03:00:00,-10.5106968687361,0.938638479515953
2024-11-26 04:00:00,-10.1906322219261,0.932007611530073
2024-11-26 05:00:00,-10.1117766959516,0.92342811115597
2024-11-26 06:00:00,-10.4239174033259,0.922513703190933
2024-11-26 07:00:00,-10.5842759423714,0.925289127315926
2024-11-26 08:00:00,-10.0268532767556,0.915636185079968
2024-11-26 09:00:00,-9.66036146341131,0.91579934597517
2024-11-26 10:00:00,-10.0312137621252,0.916183153843542
2024-11-26 11:00:00,-9.81098673017961,0.907226749179218
2024-11-26 12:00:00,-9.52258242363068,0.898867064222879
2024-11-26 13:00:00,-9.3530202996816,0.892386835965227
2024-11-26 14:00:00,-9.67343302371665,0.88827457143438
2024-11-26 15:00:00,-9.23571324843338,0.880065980421867
2024-11-26 16:00:00,-9.22466816178111,0.87076972362391
2024-11-26 17:00:00,-9.70429766874619,0.86313562222279
2024-11-26 18:00:00,-10.3256627521465,0.899647350755044
2024-11-26 19:00:00,-9.42014617835348,0.905492673921248
2024-11-26 20:00:00,-9.784671477274,0.906497849509772
2024-11-26 21:00:00,-9.34075760700769,0.903326398111309
2024-11-26 22:00:00,-9.61612075837511,0.897271211387901
2024-11-26 23:00:00,-10.1158843971622,0.909964063269693
2024-11-27 00:00:00,-10.3117554252235,0.932701440995936
2024-11-27 01:00:00,-9.99506334663345,0.923654137354973
2024-11-27 02:00:00,-10.2637069868086,0.927296534119461
2024-11-27 03:00:00,-10.0444217935194,0.917136698959647
2024-11-27 04:00:00,-10.1701216199485,0.924974102516854
2024-11-27 05:00:00,-10.1348916469085,0.920635749726979
2024-11-27 06:00:00,-10.9120870538637,0.991256997682567
2024-11-27 07:00:00,-10.4672076666151,0.981731071594882
2024-11-27 08:00:00,-10.5712579853509,1.01121812145361
2024-11-27 09:00:00,-10.5174374685375,1.02269878790094
2024-11-27 10:00:00,-10.2134064601068,1.01875807727004
2024-11-27 11:00:00,-10.1906884853218,1.03422069935516
2024-11-27 12:00:00,-10.0402258789045,1.0361710623918
2024-11-27 13:00:00,-9.41585476329628,1.02597015702048
2024-11-27 14:00:00,-9.83158313527418,1.03525957841337
2024-11-27 15:00:00,-9.76257001792877,1.04554949385152
2024-11-27 16:00:00,-9.25352033395538,1.03468039078757
2024-11-27 17:00:00,-9.79233279493072,1.03104449886948
2024-11-27 18:00:00,-10.0000211898322,1.03293746179492
2024-11-27 19:00:00,-9.80142080664826,1.02557848480573
2024-11-27 20:00:00,-9.87465568915537,1.02696657283773
2024-11-27 21:00:00,-9.84686729392185,1.02610015646083
2024-11-27 22:00:00,-9.9799597525524,1.03689538919469
2024-11-27 23:00:00,-9.93685334124772,1.02993281861168
2024-11-28 00:00:00,-10.7490945241926,1.02498642484493
2024-11-28 01:00:00,-10.7483607369379,1.01317368719922
2024-11-28 02:00:00,-10.7609183046657,1.00255985214373
2024-11-28 03:00:00,-10.6898453330592,0.991203957580822
2024-11-28 04:00:00,-10.4054398819519,0.980749689559095
2024-11-28 05:00:00,-10.9131599381943,0.991189072904323
2024-11-28 06:00:00,-11.1191111471568,0.989348863416368
2024-11-28 07:00:00,-11.0418792283037,0.980262881479911
2024-11-28 08:00:00,-10.7248571379663,0.969593838593548
2024-11-28 09:00:00,-10.8931843744563,0.967761630634855
2024-11-28 10:00:00,-10.6390378329186,0.957423690547814
2024-11-28 11:00:00,-10.5766022987958,0.953110423795053
2024-11-28 12:00:00,-10.1107996386846,0.947332196653199
2024-11-28 13:00:00,-10.3643220685443,0.972985980378546
2024-11-28 14:00:00,-10.3947148288407,0.965575263237139
2024-11-28 15:00:00,-9.99452817864983,0.954768648468919
2024-11-28 16:00:00,-10.2717889923003,0.957674853655039
2024-11-28 17:00:00,-10.8591928867381,0.975390112289772
2024-11-28 18:00:00,-10.8448251401243,0.977298689149958
2024-11-28 19:00:00,-10.7150121316465,0.979079560342249
2024-11-28 20:00:00,-10.6843368211423,0.981709668774401
2024-11-28 21:00:00,-10.4681595315898,0.973631785562273
2024-11-28 22:00:00,-10.4783566675945,0.9692000226131
2024-11-28 23:00:00,-10.6926388082705,0.968988731669143
2024-11-29 00:00:00,-11.3604659864868,0.983388706568139
2024-11-29 01:00:00,-10.9881831524633,0.977517469316915
2024-11-29 02:00:00,-11.1392924286676,0.968639894583383
2024-11-29 03:00:00,-10.9244219823612,0.961372386023637
2024-11-29 04:00:00,-11.29500224782,0.976397809821106
2024-11-29 05:00:00,-11.4215179005114,0.982162211505694
2024-11-29 06:00:00,-11.287530247806,0.971137195536674
2024-11-29 07:00:00,-11.1198262236096,0.96130792130924
2024-11-29 08:00:00,-10.8696838073856,0.951225890246397
2024-11-29 09:00:00,-11.3084362933392,0.95842268015084
2024-11-29 10:00:00,-11.0669404998445,0.948857157887111
2024-11-29 11:00:00,-10.9859144122412,0.945188360382379
2024-11-29 12:00:00,-10.7249142090342,0.934736419588721
2024-11-29 13:00:00,-10.7401852898013,0.950077021581896
2024-11-29 14:00:00,-10.9047500651205,0.950094947120733
2024-11-29 15:00:00,-10.2715974796849,0.942622600677365
2024-11-29 16:00:00,-10.0734216394913,0.937005923013295
2024-11-29 17:00:00,-10.7360190790884,0.930734853326664
2024-11-29 18:00:00,-10.3456426816657,0.936813968319802
2024-11-29 19:00:00,-10.7635432357358,0.936858839730833
2024-11-29 20:00:00,-10.7757254077903,0.929689945132784
2024-11-29 21:00:00,-11.0604123548276,0.944906233439989
2024-11-29 22:00:00,-10.8741535906748,0.938040116502258
2024-11-29 23:00:00,-11.1069342343836,0.940186251052844
2024-11-30 00:00:00,-11.2577640389943,0.952617634759897
2024-11-30 01:00:00,-11.3444191456768,0.948489599621768
2024-11-30 02:00:00,-11.2694482649297,0.942695255860447
2024-11-30 03:00:00,-11.2118989929605,0.934048568963949
2024-11-30 04:00:00,-11.2662964848401,0.94255764838757
2024-11-30 05:00:00,-11.4863708566395,0.962673534556243
2024-11-30 06:00:00,-11.2864042182744,0.952330600396685
2024-11-30 07:00:00,-11.0917614423766,0.942236190695217
2024-11-30 08:00:00,-11.5863514292528,0.989813825265318
2024-11-30 09:00:00,-11.3955216711524,0.988405892298554
2024-11-30 10:00:00,-11.3391691137786,0.995684655487503
2024-11-30 11:00:00,-10.772182682438,0.984356246780101
2024-11-30 12:00:00,-11.4109802563572,1.05348792102855
2024-11-30 13:00:00,-10.9646769023426,1.07222582133519
2024-11-30 14:00:00,-11.0861301729629,1.08462461543432
2024-11-30 15:00:00,-10.8312472779901,1.08956635651171
2024-11-30 16:00:00,-11.2508822923136,1.15801907943433
2024-11-30 17:00:00,-11.1264536483625,1.15017012589273
2024-11-30 18:00:00,-11.3760632265237,1.17494122106472
2024-11-30 19:00:00,-11.1861889811127,1.18163472926082
2024-11-30 20:00:00,-11.3041981443027,1.20978576464506
2024-11-30 21:00:00,-11.328911588509,1.23848544515467
2024-11-30 22:00:00,-11.3894461393377,1.27311719709317
2024-11-30 23:00:00,-11.1328882033219,1.26356808910421
2024-12-01 00:00:00,-12.5804332848915,1.27719574214176
2024-12-01 01:00:00,-11.9405470854486,1.28188111627217
2024-12-01 02:00:00,-11.8841858107118,1.269889853365
2024-12-01 03:00:00,-11.879780470846,1.25958775336519
2024-12-01 04:00:00,-11.7936299301574,1.24498890006112
2024-12-01 05:00:00,-12.4728941547652,1.26036101606265
2024-12-01 06:00:00,-12.4048542060686,1.24473825254052
2024-12-01 07:00:00,-12.5516920588877,1.23415885267312
2024-12-01 08:00:00,-12.2233200391236,1.21900866014894
2024-12-01 09:00:00,-11.8248450796073,1.21432668523961
2024-12-01 10:00:00,-12.1870364417893,1.2095729968315
2024-12-01 11:00:00,-11.6247347344797,1.20162555375031
2024-12-01 12:00:00,-12.1192749052054,1.20986361499672
2024-12-01 13:00:00,-11.738228426417,1.20192603554962
2024-12-01 14:00:00,-11.5669834523694,1.1888354015113
2024-12-01 15:00:00,-11.404673176101,1.17424979239192
2024-12-01 16:00:00,-11.523158657716,1.16136418457427
2024-12-01 17:00:00,-11.9818442168409,1.15147743596592
2024-12-01 18:00:00,-12.1013971070799,1.14251401449707
2024-12-01 19:00:00,-11.681606036674,1.13064010686419
2024-12-01 20:00:00,-11.8031089643857,1.11910136169484
2024-12-01 21:00:00,-11.774011867624,1.10654474830993
2024-12-01 22:00:00,-11.7280476946212,1.09354570746769
2024-12-01 23:00:00,-11.8115891453365,1.08056694141118
2024-12-02 00:00:00,-11.2357442019748,1.07539930811553
2024-12-02 01:00:00,-11.5356572892632,1.06403902634716
2024-12-02 02:00:00,-11.3020670066489,1.06760636373351
2024-12-02 03:00:00,-11.7274841395888,1.05592979667572
2024-12-02 04:00:00,-11.1124814173457,1.06907888188083
2024-12-02 05:00:00,-11.3492885537006,1.05796442545956
2024-12-02 06:00:00,-11.7769716590931,1.04595294343703
2024-12-02 07:00:00,-12.0990593572797,1.03989439667023
2024-12-02 08:00:00,-11.3984377993855,1.04343483165843
2024-12-02 09:00:00,-11.1609939125922,1.05172813663862
2024-12-02 10:00:00,-11.347852235662,1.0397759859941
2024-12-02 11:00:00,-11.2563864209122,1.02820314700986
2024-12-02 12:00:00,-11.2512726124997,1.01646344581298
2024-12-02 13:00:00,-10.8982951928817,1.00492642510527
2024-12-02 14:00:00,-11.0719114604981,0.993977712299269
2024-12-02 15:00:00,-10.5209248080893,1.00663347677284
2024-12-02 16:00:00,-10.5780928555561,1.00347937983943
2024-12-02 17:00:00,-10.9619594936056,0.998865789947798
2024-12-02 18:00:00,-10.6952034996237,1.02737209606377
2024-12-02 19:00:00,-11.1336315474432,1.01601072673059
2024-12-02 20:00:00,-11.1812162861657,1.00451976144986
2024-12-02 21:00:00,-11.2317541758175,0.993075218348035
2024-12-02 22:00:00,-11.1168441941482,0.983540286779578
2024-12-02 23:00:00,-11.1062425332445,0.978999467236399
2024-12-03 00:00:00,-10.4612680568157,0.982332394745365
2024-12-03 01:00:00,-10.8637546448961,0.983504432510701
2024-12-03 02:00:00,-10.8148576703657,0.977441322646375
2024-12-03 03:00:00,-10.7467945571177,0.96786178383819
2024-12-03 04:00:00,-10.878769329933,0.982723443217018
2024-12-03 05:00:00,-11.0142936650609,0.997295172991716
2024-12-03 06:00:00,-11.3670870803741,1.02754478061528
2024-12-03 07:00:00,-10.8011435935609,1.01657954370646
2024-12-03 08:00:00,-10.5598279051952,1.0056027864264
2024-12-03 09:00:00,-10.893622549738,1.01633375395992
2024-12-03 10:00:00,-10.897422085357,1.02571088556483
2024-12-03 11:00:00,-10.1954938508883,1.01593282831177
2024-12-03 12:00:00,-10.5628363137181,1.03085845173132
2024-12-03 13:00:00,-10.2316253613026,1.03500704756891
2024-12-03 14:00:00,-10.0756779642616,1.023014418608
2024-12-03 15:00:00,-9.36789934718014,1.0323432065356
2024-12-03 16:00:00,-9.8813513948911,1.02874690212836
2024-12-03 17:00:00,-10.2285120105213,1.01803546746975
2024-12-03 18:00:00,-10.1706287544063,1.00638241911957
2024-12-03 19:00:00,-10.4631079145045,1.01468983395212
2024-12-03 20:00:00,-10.3355675580398,1.00692662516405
2024-12-03 21:00:00,-10.4382053058951,1.00980171511497
2024-12-03 22:00:00,-10.6823092383613,1.03361193024335
2024-12-03 23:00:00,-10.5252688190729,1.02490209711373
2024-12-04 00:00:00,-11.0430607311668,1.03897358053411
2024-12-04 01:00:00,-11.0076439519639,1.02870134342132
2024-12-04 02:00:00,-10.3777129184418,1.037456106008
2024-12-04 03:00:00,-10.6655904225802,1.02556525675754
2024-12-04 04:00:00,-10.9047097207659,1.03043033829971
2024-12-04 05:00:00,-11.2108418938427,1.0489878645189
2024-12-04 06:00:00,-11.21280931228,1.04302040110615
2024-12-04 07:00:00,-11.1883004082508,1.03580375423476
2024-12-04 08:00:00,-10.9919829997865,1.02999973142479
2024-12-04 09:00:00,-11.0615843049374,1.02937648990985
2024-12-04 10:00:00,-11.173182119124,1.04629024456742
2024-12-04 11:00:00,-11.0606220485243,1.06198149461389
2024-12-04 12:00:00,-11.0701026936078,1.08374542866356
2024-12-04 13:00:00,-10.2549717982758,1.07160631542283
2024-12-04 14:00:00,-10.5445526698042,1.07070366893128
2024-12-04 15:00:00,-9.91763667293283,1.06204387734305
2024-12-04 16:00:00,-10.2362300983982,1.0592615997244
2024-12-04 17:00:00,-10.5627468646353,1.0501057110266
2024-12-04 18:00:00,-10.4665207057698,1.03787926810911
2024-12-04 19:00:00,-10.1803463606466,1.02738452669878
2024-12-04 20:00:00,-10.0919813110092,1.01687770559061
2024-12-04 21:00:00,-9.77043327531395,1.02156369723161
2024-12-04 22:00:00,-10.0169785312174,1.00988624557702
2024-12-04 23:00:00,-10.4174463645714,1.00068873863322
2024-12-05 00:00:00,-10.4334929526381,0.992736486632578
2024-12-05 01:00:00,-10.6129922850168,0.981987439917093
2024-12-05 02:00:00,-10.3656374132788,0.974248757977363
2024-12-05 03:00:00,-9.8352512485379,1.01393326322856
2024-12-05 04:00:00,-9.79331486689665,1.01391109261619
2024-12-05 05:00:00,-10.0821690728905,1.00353177483087
2024-12-05 06:00:00,-10.2745545425518,0.996188507894864
2024-12-05 07:00:00,-10.548533214116,0.984884504503483
2024-12-05 08:00:00,-10.3691898356505,0.973944539760516
2024-12-05 09:00:00,-10.6883207765876,0.972163847894918
2024-12-05 10:00:00,-10.5334268688786,0.962799574195355
2024-12-05 11:00:00,-10.2224125472788,0.952022959315743
2024-12-05 12:00:00,-10.6453500832097,0.974634231032497
2024-12-05 13:00:00,-9.89219161244144,0.963673689329565
2024-12-05 14:00:00,-10.2430982786944,0.961315256530594
2024-12-05 15:00:00,-9.70212549895885,0.953819234831745
2024-12-05 16:00:00,-9.44656988318774,0.953427652298527
2024-12-05 17:00:00,-9.86822205049976,0.944667202491476
2024-12-05 18:00:00,-10.1033803748602,0.934232802316226
2024-12-05 19:00:00,-10.0224539190056,0.923984603751538
2024-12-05 20:00:00,-9.73103769861754,0.923344019869357
2024-12-05 21:00:00,-9.57980634791421,0.924655999134804
2024-12-05 22:00:00,-10.0504361682426,0.919127560671535
2024-12-05 23:00:00,-8.85081239434788,1.10613407492154
2024-12-06 00:00:00,-8.10363661465251,1.09331692772307
2024-12-06 01:00:00,-9.09665246833925,1.10875063487043
2024-12-06 02:00:00,-9.14365272123767,1.10407247108725
2024-12-06 03:00:00,-9.19606788374314,1.09885394708915
2024-12-06 04:00:00,-9.43980594651783,1.14119549681775
2024-12-06 05:00:00,-9.34396791088622,1.14803090008164
2024-12-06 06:00:00,-9.63635887796911,1.1716931727604
2024-12-06 07:00:00,-9.865536069214,1.21358857488314
2024-12-06 08:00:00,-9.4780162640276,1.22142044024425
2024-12-06 09:00:00,-9.53794226170669,1.24534464795399
2024-12-06 10:00:00,-9.29287089151108,1.24970444075736
2024-12-06 11:00:00,-9.58102046325642,1.33402130335912
2024-12-06 12:00:00,-9.50597570796289,1.38385809141405
2024-12-06 13:00:00,-9.02747459967796,1.41611600395245
2024-12-06 14:00:00,-8.9535154953452,1.41821643268251
2024-12-06 15:00:00,-8.57990539827093,1.4099350591095
2024-12-06 16:00:00,-8.87471950693453,1.44190349192556
2024-12-06 17:00:00,-9.34127541992387,1.47746250133387
2024-12-06 18:00:00,-8.69819640651769,1.45846452439358
2024-12-06 19:00:00,-8.87031849778681,1.4631638638479
2024-12-06 20:00:00,-9.21581310111603,1.50683418564374
2024-12-06 21:00:00,-9.09942433318879,1.51882176466424
2024-12-06 22:00:00,-9.12700237685968,1.53819946441129
2024-12-06 23:00:00,-9.38187440867284,1.57205707975192
2024-12-07 00:00:00,-10.4073891110804,1.55114629411794
2024-12-07 01:00:00,-10.6375119861756,1.53660876179225
2024-12-07 04:00:00,-11.3111966721313,1.6392489555611
2024-12-07 05:00:00,-9.96760743566536,1.66021963250004
2024-12-07 06:00:00,-10.6222698486539,1.65008992268036
2024-12-07 07:00:00,-10.9351326695778,1.64753396302707
2024-12-07 08:00:00,-10.513257199542,1.62632929316743
2024-12-07 09:00:00,-10.7649412895065,1.62658291403365
2024-12-07 10:00:00,-10.5369443020618,1.61037596658004
2024-12-07 11:00:00,-10.7852491360419,1.64409320582965
2024-12-07 12:00:00,-10.669139523298,1.65024837200816
2024-12-07 13:00:00,-10.5643064190241,1.69845819272254
2024-12-07 14:00:00,-10.8809067824551,1.75039936934018
2024-12-07 15:00:00,-10.1975383913986,1.73287770998652
2024-12-07 16:00:00,-10.1304356216203,1.72289885635546
2024-12-07 17:00:00,-10.7986668323724,1.75557947683169
2024-12-07 18:00:00,-10.5926773618175,1.74303591527399
2024-12-07 19:00:00,-10.3871720976525,1.72990776372711
2024-12-07 20:00:00,-10.3878900944893,1.72239380461589
2024-12-07 21:00:00,-10.4591858352694,1.72417198101179
2024-12-07 22:00:00,-10.2780727970274,1.70804705433893
2024-12-07 23:00:00,-10.3882281788066,1.69392346563641
2024-12-08 00:00:00,-11.3717312685474,1.67809296223395
2024-12-08 01:00:00,-11.5281761089924,1.65891805080565
2024-12-08 02:00:00,-11.3618726945074,1.63650340047513
2024-12-08 03:00:00,-11.499214302705,1.61797551952821
2024-12-08 04:00:00,-11.299887951251,1.5982572878646
2024-12-08 05:00:00,-11.4939101909001,1.58764530428407
2024-12-08 06:00:00,-11.4697096514798,1.56650869078535
2024-12-08 07:00:00,-11.5518670865848,1.54743330612605
2024-12-08 08:00:00,-11.720122778495,1.55350823568545
2024-12-08 09:00:00,-11.1152129407677,1.53932499155402
2024-12-08 10:00:00,-11.0793028653754,1.51895899433515
2024-12-08 11:00:00,-11.264181626928,1.51488072897777
2024-12-08 12:00:00,-11.0061182445965,1.49516555298555
2024-12-08 13:00:00,-10.5249957176856,1.47544137771527
2024-12-08 14:00:00,-10.9596036304365,1.46550888909783
2024-12-08 15:00:00,-10.7595097924367,1.44923693716025
2024-12-08 16:00:00,-10.8009836096491,1.43538640402253
2024-12-08 17:00:00,-11.2369906214933,1.42660883867824
2024-12-08 18:00:00,-11.0185413857819,1.40806250003524
2024-12-08 19:00:00,-11.2414183739791,1.40840012367843
2024-12-08 20:00:00,-10.8851154374927,1.39024833433844
2024-12-08 21:00:00,-11.1515040333026,1.38875670269853
2024-12-08 22:00:00,-11.3360899308642,1.39550275071713
2024-12-08 23:00:00,-11.4081278289096,1.38974927998907
2024-12-09 00:00:00,-10.8642640153069,1.39553518416729
2024-12-09 01:00:00,-10.8277082403108,1.40166015384927
2024-12-09 02:00:00,-11.2858448833311,1.38429388706902
2024-12-09 03:00:00,-11.2406747169648,1.36957266768248
2024-12-09 04:00:00,-10.9471928901903,1.35851449810202
2024-12-09 05:00:00,-11.3877125959824,1.3462739551711
2024-12-09 06:00:00,-11.950835733805,1.35205206826214
2024-12-09 07:00:00,-11.5100331366754,1.33885660162678
2024-12-09 08:00:00,-10.7557037509097,1.36042811583802
2024-12-09 09:00:00,-10.8762605695939,1.35046982606026
2024-12-09 10:00:00,-11.0724110053972,1.33316014466881
2024-12-09 11:00:00,-11.0696068352724,1.31672828047519
2024-12-09 12:00:00,-11.2958410477437,1.31060880514314
2024-12-09 13:00:00,-10.5400112527102,1.29770020315864
2024-12-09 14:00:00,-10.786481277859,1.28127980423946
2024-12-09 15:00:00,-10.2329379660027,1.28513249056128
2024-12-09 16:00:00,-10.045431460558,1.29481830247886
2024-12-09 17:00:00,-10.8535031561216,1.27886680767503
2024-12-09 18:00:00,-10.9177105959785,1.26388837747321
2024-12-09 19:00:00,-10.7849947149826,1.24998449170218
2024-12-09 20:00:00,-10.9509573184304,1.2350895403873
2024-12-09 21:00:00,-10.3937679708851,1.25001067054387
2024-12-09 22:00:00,-9.89398351971063,1.31372031724905
2024-12-09 23:00:00,-10.2935356829955,1.31568928637564
2024-12-10 00:00:00,-9.19855643093069,1.29912432220115
2024-12-10 01:00:00,-10.1539796079251,1.31373120839816
2024-12-10 02:00:00,-9.90066698391326,1.2970467357981
2024-12-10 03:00:00,-9.85989133881684,1.28064342315508
2024-12-10 04:00:00,-9.36220642784025,1.27302615746669
2024-12-10 05:00:00,-9.63725461315479,1.25783701055929
2024-12-10 06:00:00,-10.3233273329329,1.27073049969186
2024-12-10 07:00:00,-10.248140078434,1.2587415150635
2024-12-10 08:00:00,-10.3742000317005,1.27802661656126
2024-12-10 09:00:00,-10.2862901033513,1.27719126387027
2024-12-10 10:00:00,-10.2268678253725,1.28281103669492
2024-12-10 11:00:00,-10.0515864306676,1.28713846631433
2024-12-10 12:00:00,-9.94405469207805,1.28746879396453
2024-12-10 13:00:00,-9.62575365772503,1.29440981851165
2024-12-10 14:00:00,-9.90641912283787,1.30811953150507
2024-12-10 15:00:00,-8.98441632908322,1.30088511887695
2024-12-10 16:00:00,-9.03255933087687,1.28445786482892
2024-12-10 17:00:00,-9.20639227917692,1.27126167575187
2024-12-10 18:00:00,-9.27810679036655,1.25632307223108
2024-12-10 19:00:00,-9.41141504731607,1.24278520956131
2024-12-10 20:00:00,-9.59368600657757,1.23579145753025
2024-12-10 21:00:00,-9.52915991785884,1.22364412411197
2024-12-10 22:00:00,-9.44326551682095,1.20951634673881
2024-12-10 23:00:00,-9.81042549761969,1.20851065470515
2024-12-11 00:00:00,-9.98759887889229,1.20391726421198
2024-12-11 01:00:00,-10.0212129763406,1.18979086658582
2024-12-11 02:00:00,-9.60468062343277,1.18417347599209
2024-12-11 03:00:00,-9.76688340706557,1.16971149010886
2024-12-11 04:00:00,-10.0489695540129,1.17498040541034
2024-12-11 05:00:00,-10.1939019788637,1.17632781161591
2024-12-11 06:00:00,-10.4926109545198,1.18431385070874
2024-12-11 07:00:00,-10.7742855285978,1.21385514076705
2024-12-11 08:00:00,-10.3898180400148,1.21297323746931
2024-12-11 09:00:00,-9.88293725737683,1.19874258278317
2024-12-11 10:00:00,-10.361360890636,1.23592755956739
2024-12-11 11:00:00,-10.5767212947624,1.30681211153544
2024-12-11 12:00:00,-10.2354452717202,1.31401873219193
2024-12-11 13:00:00,-10.0748054576137,1.36421610114203
2024-12-11 14:00:00,-9.73535224582607,1.34923703311907
2024-12-11 15:00:00,-9.53387981101647,1.34150154331995
2024-12-11 16:00:00,-9.4300514891957,1.32863918333508
2024-12-11 17:00:00,-9.88384217466907,1.32533911799544
2024-12-11 18:00:00,-9.73958442754068,1.30956106282214
2024-12-11 19:00:00,-9.69008468545021,1.29861603080013
2024-12-11 20:00:00,-10.0057162904026,1.31732289481045
2024-12-11 21:00:00,-9.88673948134113,1.31449850315154
2024-12-11 22:00:00,-9.79593085253825,1.30743675378076
2024-12-11 23:00:00,-10.073513364151,1.31457482672375
2024-12-12 00:00:00,-11.2478320143565,1.36471944941221
2024-12-12 01:00:00,-10.8428828134581,1.34718069804173
2024-12-12 02:00:00,-10.6615407545273,1.3299659105152
2024-12-12 03:00:00,-10.230976624099,1.33111249306979
2024-12-12 04:00:00,-10.4973549988218,1.31987853935806
2024-12-12 05:00:00,-10.657230536825,1.30774634831928
2024-12-12 06:00:00,-11.0175642917103,1.30363659760888
2024-12-12 07:00:00,-11.1589685346427,1.30085028812927
2024-12-12 08:00:00,-10.9788604640286,1.29691966956482
2024-12-12 09:00:00,-10.9093929434358,1.28866945736926
2024-12-12 10:00:00,-10.9885178996085,1.29769242081977
2024-12-12 11:00:00,-10.7225116414063,1.29291310802461
2024-12-12 12:00:00,-10.5562041054766,1.28364344344413
2024-12-12 13:00:00,-10.2110130837486,1.27855962163671
2024-12-12 14:00:00,-10.0355903459078,1.26310466757071
2024-12-12 15:00:00,-9.87074480429861,1.24749357986067
2024-12-12 16:00:00,-9.69553970201175,1.23400577387459
2024-12-12 17:00:00,-10.1729432132352,1.21913961271444
2024-12-12 18:00:00,-10.4357351477517,1.20951885061737
2024-12-12 19:00:00,-10.2132706248727,1.19467870282566
2024-12-12 20:00:00,-9.97363305593164,1.18217073006441
2024-12-12 21:00:00,-10.0887798926286,1.16849895376709
2024-12-12 22:00:00,-10.4272370489051,1.17039331350674
2024-12-12 23:00:00,-10.3228878868263,1.15612663721519
2024-12-13 00:00:00,-10.6057833973997,1.15388364380149
2024-12-13 01:00:00,-10.7445308350109,1.1420394255855
2024-12-13 02:00:00,-10.6014161081183,1.12827260566279
2024-12-13 03:00:00,-10.6339908449957,1.11501646644547
2024-12-13 04:00:00,-10.9291263083113,1.13540735532508
2024-12-13 05:00:00,-11.0409544098751,1.14619233427679
2024-12-13 06:00:00,-11.2528796613675,1.15636313975614
2024-12-13 07:00:00,-10.9545914422262,1.14313268593394
2024-12-13 08:00:00,-10.6892626034921,1.13139905411648
2024-12-13 09:00:00,-10.8606086361943,1.13117792623427
2024-12-13 10:00:00,-10.9669345022545,1.14497892991628
2024-12-13 11:00:00,-10.6623840938932,1.14076762871593
2024-12-13 12:00:00,-10.8604681132773,1.16807454600311
2024-12-13 13:00:00,-10.4350728568578,1.17759765018218
2024-12-13 14:00:00,-10.4386610626476,1.1719673473493
2024-12-13 15:00:00,-10.2105433966364,1.16606091453572
2024-12-13 16:00:00,-9.64416020090061,1.16081772876538
2024-12-13 17:00:00,-10.1957882413682,1.1486291543915
2024-12-13 18:00:00,-10.1565963138928,1.13495635501865
2024-12-13 19:00:00,-10.240931102786,1.12486662704645
2024-12-13 20:00:00,-10.4260344321061,1.12391156240177
2024-12-13 21:00:00,-10.6474482291049,1.14052633746258
2024-12-13 22:00:00,-10.7864358337192,1.16362920979233
2024-12-13 23:00:00,-10.9143831637893,1.17842337839922
2024-12-14 00:00:00,-11.6241941754752,1.2118961136035
2024-12-14 01:00:00,-11.4214249129729,1.19950582024927
2024-12-14 02:00:00,-10.7604830371902,1.20064551320852
2024-12-14 03:00:00,-11.296950663552,1.19970582057072
2024-12-14 04:00:00,-11.2899910142276,1.19987505169549
2024-12-14 05:00:00,-11.0796446194996,1.18553510906808
2024-12-14 06:00:00,-12.0268842945852,1.26520499699584
2024-12-14 07:00:00,-11.4489890437656,1.24933236829903
2024-12-14 08:00:00,-11.2659421642904,1.23968989564804
2024-12-14 09:00:00,-11.7188037710233,1.27871964831539
2024-12-14 10:00:00,-11.5722712213402,1.2896496431619
2024-12-14 11:00:00,-11.4035364200068,1.30318546225992
2024-12-14 12:00:00,-11.3392284094553,1.31631807815667
2024-12-14 13:00:00,-10.7364217518626,1.30841746465511
2024-12-14 14:00:00,-10.6826571382263,1.29302092682781
2024-12-14 15:00:00,-10.7091999580008,1.29254224514645
2024-12-14 16:00:00,-10.6802715856439,1.2847783624637
2024-12-14 17:00:00,-11.0784728078693,1.28207441059885
2024-12-14 18:00:00,-11.0413267911854,1.27162818667724
2024-12-14 19:00:00,-10.9655729483905,1.26489796629411
2024-12-14 20:00:00,-11.1814438344209,1.28052751848859
2024-12-14 21:00:00,-10.8996883390018,1.26853810861876
2024-12-14 22:00:00,-11.304763720338,1.30646676478831
2024-12-14 23:00:00,-10.9270557029069,1.28995150465455
2024-12-15 00:00:00,-12.0130922739947,1.29508676595717
2024-12-15 01:00:00,-11.9135480418194,1.27871743191006
2024-12-15 02:00:00,-11.7826343556048,1.26265515804482
2024-12-15 03:00:00,-12.0284669129285,1.25273938971741
2024-12-15 04:00:00,-12.1588991804926,1.26335294794827
2024-12-15 05:00:00,-11.1116839079011,1.30500816354842
2024-12-15 06:00:00,-11.8490737595509,1.2937619696379
2024-12-15 07:00:00,-12.21694633952,1.28976955971329
2024-12-15 08:00:00,-11.7387924008017,1.27395588999281
2024-12-15 09:00:00,-12.0075268053182,1.26923829617521
2024-12-15 10:00:00,-11.7270895922341,1.25347508560019
2024-12-15 11:00:00,-11.5878585779324,1.24003482011955
2024-12-15 12:00:00,-11.4654204724595,1.22514141823788
2024-12-15 13:00:00,-10.5299376698875,1.23582933801712
2024-12-15 14:00:00,-11.1717550142349,1.22348467628703
2024-12-15 15:00:00,-10.9831437347648,1.2083795670124
2024-12-15 16:00:00,-11.4461897993998,1.2162343437807
2024-12-15 17:00:00,-11.3445855501488,1.20397555149213
2024-12-15 18:00:00,-11.6864742922834,1.19792684614036
2024-12-15 19:00:00,-11.6420449842681,1.18970824267436
2024-12-15 20:00:00,-11.7289987175352,1.18823449142602
2024-12-15 21:00:00,-11.4629380115298,1.17413588471542
2024-12-15 22:00:00,-11.3711142223296,1.16015340599491
2024-12-15 23:00:00,-11.2602937081789,1.14932079086967
2024-12-16 00:00:00,-10.3094693776748,1.17267239360508
2024-12-16 01:00:00,-10.4371397422394,1.18924191249831
2024-12-16 02:00:00,-11.0638058545692,1.17679216848798
2024-12-16 03:00:00,-11.0160497971975,1.16587436579461
2024-12-16 04:00:00,-10.8684022124676,1.15282314505499
2024-12-16 05:00:00,-11.4298278175206,1.15940666110303
2024-12-16 06:00:00,-11.594978874553,1.15073306496027
2024-12-16 07:00:00,-11.4712826702993,1.1369279703688
2024-12-16 08:00:00,-11.3559061102559,1.12676274243335
2024-12-16 09:00:00,-11.1917313495703,1.11322628147076
2024-12-16 10:00:00,-11.1378327903317,1.10098336887048
2024-12-16 11:00:00,-11.2121456022088,1.10059005542349
2024-12-16 12:00:00,-10.7753791835423,1.08931656859969
2024-12-16 13:00:00,-10.3577345655193,1.07661744689799
2024-12-16 14:00:00,-10.7106243022445,1.06575473663939
2024-12-16 15:00:00,-10.0357504695452,1.07629357361651
2024-12-16 16:00:00,-10.3272115367257,1.06363557850883
2024-12-16 17:00:00,-10.6840912211328,1.05165418425621
2024-12-16 18:00:00,-10.7540472574735,1.03984789110337
2024-12-16 19:00:00,-10.6303651611848,1.02866182242869
2024-12-16 20:00:00,-10.450261078041,1.0227808342222
2024-12-16 21:00:00,-10.6612234007989,1.01152594391706
2024-12-16 22:00:00,-10.7924778496103,1.00154319565085
2024-12-16 23:00:00,-11.0795904187631,0.995489126898712
2024-12-17 00:00:00,-10.1513050055932,0.984754154107499
2024-12-17 01:00:00,-10.9817462264207,1.01469325298125
2024-12-17 02:00:00,-10.8766234655608,1.01186791364722
2024-12-17 03:00:00,-10.7664061846832,1.00307711204421
2024-12-17 04:00:00,-10.5602136027982,0.995901753522286
2024-12-17 05:00:00,-10.9916281215284,1.02673825862049
2024-12-17 06:00:00,-11.2136124729406,1.04380316632473
2024-12-17 07:00:00,-11.2096522270603,1.05190911075953
2024-12-17 08:00:00,-10.504920592177,1.04021674058092
2024-12-17 09:00:00,-10.7081037274123,1.0398094701643
2024-12-17 10:00:00,-10.6090074127243,1.03484948588722
2024-12-17 11:00:00,-10.6886755999341,1.05227120783352
2024-12-17 12:00:00,-10.6628146855502,1.06402538221426
2024-12-17 13:00:00,-10.1273745602748,1.06061642559223
2024-12-17 14:00:00,-10.41940213981,1.06939690616654
2024-12-17 15:00:00,-9.7809166627294,1.05769577546526
2024-12-17 16:00:00,-9.38269508342943,1.05758046231812
2024-12-17 17:00:00,-10.0308171063068,1.04688341962187
2024-12-17 18:00:00,-10.2555045276333,1.03830495274674
2024-12-17 19:00:00,-9.92755029616635,1.02751965471031
2024-12-17 20:00:00,-10.3582751134283,1.0376196881466
2024-12-17 21:00:00,-10.1531959266443,1.02688209831047
2024-12-17 22:00:00,-10.5728709539483,1.05493699511358
2024-12-17 23:00:00,-10.2256470980964,1.04287488247229
2024-12-18 00:00:00,-10.6404468109085,1.03587167446226
2024-12-18 01:00:00,-10.6379524725646,1.02438182797972
2024-12-18 02:00:00,-10.3403621216346,1.02249429124094
2024-12-18 03:00:00,-11.0526034661735,1.03677479637462
2024-12-18 04:00:00,-10.4718261143459,1.02720546566202
2024-12-18 05:00:00,-10.3858314323107,1.01708125139601
2024-12-18 06:00:00,-10.660345877775,1.00539129647333
2024-12-18 07:00:00,-10.5186259362579,1.0002033238656
2024-12-18 08:00:00,-10.7203410727721,0.994914065537387
2024-12-18 09:00:00,-10.814152313704,0.988142543157283
2024-12-18 10:00:00,-10.7110978778508,0.979981142249967
2024-12-18 11:00:00,-10.6242789395457,0.976344434255305
2024-12-18 12:00:00,-10.7157312384447,0.981994078127831
2024-12-18 13:00:00,-10.1173054315481,0.972060435063913
2024-12-18 14:00:00,-10.475843850471,0.974233842720043
2024-12-18 15:00:00,-9.71939036202668,0.975043017536126
2024-12-18 16:00:00,-10.2146832228934,0.980368405298097
2024-12-18 17:00:00,-10.3686403378805,0.969345571930991
2024-12-18 18:00:00,-10.675202816355,0.970958118879916
2024-12-18 19:00:00,-10.2839132211218,0.960267722937815
2024-12-18 20:00:00,-9.65189360628244,0.983745201054995
2024-12-18 21:00:00,-9.40955888618387,1.00707988857027
2024-12-18 22:00:00,-9.96843181271089,0.996440765740849
2024-12-18 23:00:00,-10.1705194760316,0.985352407273663
2024-12-19 00:00:00,-9.38989989165593,0.977652512795365
2024-12-19 01:00:00,-10.1312489673393,0.981639020128689
2024-12-19 02:00:00,-9.97012318801633,0.970571221688956
2024-12-19 03:00:00,-9.40091241734674,0.993961371223082
2024-12-19 04:00:00,-9.85098703581093,0.993439717315944
2024-12-19 05:00:00,-10.2601301282,1.00759820603572
2024-12-19 06:00:00,-10.328519275824,1.00163749259374
2024-12-19 07:00:00,-10.7005369377765,1.02729767689818
2024-12-19 08:00:00,-10.4285855122681,1.03213807530101
2024-12-19 09:00:00,-10.2284637535377,1.02565282266901
2024-12-19 10:00:00,-10.4986874498752,1.06346202052009
2024-12-19 11:00:00,-9.86854788934638,1.05164439207892
2024-12-19 12:00:00,-10.2954488750389,1.09984940427357
2024-12-19 13:00:00,-9.83124451836246,1.11155661661305
2024-12-19 14:00:00,-9.90454496963598,1.11394104796821
2024-12-19 15:00:00,-9.00525594697077,1.11340062802273
2024-12-19 16:00:00,-9.04741223436202,1.10028573205695
2024-12-19 17:00:00,-9.61618931213655,1.0906892470954
2024-12-19 18:00:00,-9.10021042077624,1.10469460529687
2024-12-19 19:00:00,-8.98814152482078,1.10151172873585
2024-12-19 20:00:00,-9.24065933713996,1.08840102803364
2024-12-19 21:00:00,-9.19405405846471,1.07706165590777
2024-12-19 22:00:00,-9.0571210163911,1.07130977218294
2024-12-19 23:00:00,-9.72446040052459,1.07087067679071
2024-12-20 00:00:00,-9.02628313752488,1.06023061325102
2024-12-20 01:00:00,-9.54496116922006,1.05439412752104
2024-12-20 02:00:00,-9.1091284535025,1.05280474607199
2024-12-20 03:00:00,-9.59538867633414,1.04988828134592
2024-12-20 04:00:00,-9.71084816278109,1.05980308369546
2024-12-20 05:00:00,-9.52041835286589,1.04898299976455
2024-12-20 06:00:00,-9.82096596243612,1.04755487858428
2024-12-20 07:00:00,-9.5633435626428,1.03571889390964
2024-12-20 08:00:00,-9.57347311551376,1.03125560075143
2024-12-20 09:00:00,-9.30407950939666,1.01994985448088
2024-12-20 10:00:00,-9.28595417517501,1.00936744410844
2024-12-20 11:00:00,-8.8873731354561,1.00038745885107
2024-12-20 12:00:00,-9.0397639216472,0.991395093073267
2024-12-20 13:00:00,-8.70923037371266,0.98159547616139
2024-12-20 14:00:00,-8.60159025704957,0.975570274233673
2024-12-20 15:00:00,-8.77419881048877,0.970351043240099
2024-12-20 16:00:00,-8.9623403281878,0.969309689607304
2024-12-20 17:00:00,-9.21748714217228,0.960819416004798
2024-12-20 18:00:00,-9.3508475280247,0.956963848458869
2024-12-20 19:00:00,-9.30599269568151,0.955156843892357
2024-12-20 20:00:00,-9.29927273576536,0.953768405955076
2024-12-20 21:00:00,-9.11357616457236,0.944887074336492
2024-12-20 22:00:00,-9.10718297245437,0.937824453735655
2024-12-20 23:00:00,-9.67223019831517,0.968303258728302
2024-12-21 00:00:00,-9.90249976680519,0.987377837118621
2024-12-21 01:00:00,-10.1368760647347,1.00268165829051
2024-12-21 02:00:00,-10.0963339097273,1.01243038569259
2024-12-21 03:00:00,-10.263529358551,1.0374577376557
2024-12-21 04:00:00,-10.2811151794044,1.08665371779137
2024-12-21 05:00:00,-10.5569846188107,1.16888920805045
2024-12-21 06:00:00,-9.86444456093456,1.15502116945774
2024-12-21 07:00:00,-10.0441776640406,1.15587586930907
2024-12-21 08:00:00,-9.65274479254951,1.14348186727821
2024-12-21 09:00:00,-9.81574145617745,1.14465687745357
2024-12-21 10:00:00,-10.0341065932497,1.17548099340772
2024-12-21 11:00:00,-9.68368996501438,1.17440346246093
2024-12-21 12:00:00,-9.68365704014586,1.18496495403697
2024-12-21 13:00:00,-9.05247756647538,1.17434663399962
2024-12-21 14:00:00,-9.23324710073446,1.1674366710264
2024-12-21 15:00:00,-9.16302444862545,1.16693980368857
2024-12-21 16:00:00,-9.61795522392257,1.22007914690346
2024-12-21 17:00:00,-9.45696331453689,1.20630531683283
2024-12-21 18:00:00,-9.4837340349723,1.19831622300815
2024-12-21 19:00:00,-9.65649506127829,1.21619192222806
2024-12-21 20:00:00,-9.62955963508364,1.22375406151287
2024-12-21 21:00:00,-9.49439007951044,1.22190193324708
2024-12-21 22:00:00,-9.24743471039827,1.20873270505187
2024-12-21 23:00:00,-9.61605877932639,1.2161428370839
2024-12-22 00:00:00,-11.1131571255901,1.24265787496773
2024-12-22 01:00:00,-10.8637314784427,1.22723504413
2024-12-22 02:00:00,-10.692795374993,1.21201346689627
2024-12-22 03:00:00,-10.7562224556859,1.19788877149677
2024-12-22 04:00:00,-10.3995153784635,1.18404178802867
2024-12-22 05:00:00,-10.742699810837,1.1790759116483
2024-12-22 06:00:00,-10.6307339175177,1.16632012817585
2024-12-22 07:00:00,-10.975325041837,1.16001388270691
2024-12-22 08:00:00,-10.6632083391672,1.14614128985158
2024-12-22 09:00:00,-10.8815215431585,1.14364498063896
2024-12-22 10:00:00,-10.5413109141632,1.129821103896
2024-12-22 11:00:00,-10.3912876020474,1.11756060215455
2024-12-22 12:00:00,-10.728163943965,1.13311935631791
2024-12-22 13:00:00,-10.3030524138323,1.13059494290995
2024-12-22 14:00:00,-10.3648477424111,1.12117653331899
2024-12-22 15:00:00,-9.69037403107692,1.11690660277762
2024-12-22 16:00:00,-10.121224498574,1.11540680059982
2024-12-22 17:00:00,-10.7450894187316,1.12625841882482
2024-12-22 18:00:00,-10.6875309832034,1.11939448094935
2024-12-22 19:00:00,-10.0318425643522,1.11452291477319
2024-12-22 20:00:00,-10.1000400978666,1.10123031864657
2024-12-22 21:00:00,-10.1378540665582,1.08848718084219
2024-12-22 22:00:00,-10.0982925600016,1.07559468334369
2024-12-22 23:00:00,-9.95297089717372,1.07202738249463
2024-12-23 00:00:00,-10.4397405179688,1.07188198112194
2024-12-23 01:00:00,-10.263833520317,1.06748864553344
2024-12-23 02:00:00,-10.1645057216516,1.06133256348234
2024-12-23 03:00:00,-10.3642828011588,1.04915583723315
2024-12-23 04:00:00,-10.1285430245991,1.03942453274662
2024-12-23 05:00:00,-10.4417713959677,1.03018775195598
2024-12-23 06:00:00,-10.5719818590256,1.01827551850913
2024-12-23 07:00:00,-10.3841025949882,1.01280748240251
2024-12-23 08:00:00,-10.3197289305751,1.00122909393376
2024-12-23 09:00:00,-10.4699072073842,0.990895319477619
2024-12-23 10:00:00,-10.8354533435452,1.00972043199046
2024-12-23 11:00:00,-10.2728884221609,0.998295733080861
2024-12-23 12:00:00,-10.4847974719049,1.00315392091749
2024-12-23 13:00:00,-10.0747327531829,0.998495990025644
2024-12-23 14:00:00,-10.1571378976804,0.989320804379722
2024-12-23 15:00:00,-9.50354506376158,0.989948291409559
2024-12-23 16:00:00,-9.8931287372004,0.985023390241449
2024-12-23 17:00:00,-9.86727389392547,0.981963415220368
2024-12-23 18:00:00,-10.3078376014369,0.977475202505347
2024-12-23 19:00:00,-10.0986683075011,0.966451608649307
2024-12-23 20:00:00,-10.0208092454142,0.955617842366559
2024-12-23 21:00:00,-10.0962774053153,0.946596456314964
2024-12-23 22:00:00,-10.1272888740722,0.937636850844479
2024-12-23 23:00:00,-9.94974999357166,0.932726392499353
2024-12-24 00:00:00,-9.90228308262131,0.926987465552503
2024-12-24 01:00:00,-10.3790235775209,0.929079449627545
2024-12-24 02:00:00,-10.5205879415989,0.935037502409747
2024-12-24 03:00:00,-10.1763981061337,0.92521638078925
2024-12-24 04:00:00,-10.4471430276067,0.947368253938809
2024-12-24 05:00:00,-10.3494840008374,0.943929559459149
2024-12-24 06:00:00,-10.7913355108457,0.967825698463335
2024-12-24 07:00:00,-10.4648930973386,0.957462069832274
2024-12-24 08:00:00,-10.51018561976,0.968787354884734
2024-12-24 09:00:00,-10.4338818263653,0.967520466846823
2024-12-24 10:00:00,-10.3238974455906,0.967331196859121
2024-12-24 11:00:00,-10.4670236600801,1.00196309841793
2024-12-24 12:00:00,-10.2808117185234,1.00872679527414
2024-12-24 13:00:00,-9.96886875913148,1.0260095675008
2024-12-24 14:00:00,-9.60942828740143,1.0149144354077
2024-12-24 15:00:00,-9.30535246257188,1.00342169033063
2024-12-24 16:00:00,-9.55422291395482,0.999513105830021
2024-12-24 17:00:00,-9.86127392678864,0.99033532048785
2024-12-24 18:00:00,-9.95537567620435,0.982905054765358
2024-12-24 19:00:00,-9.6263781716555,0.972152314217434
2024-12-24 20:00:00,-9.78492139798121,0.966450783703941
2024-12-24 21:00:00,-9.85128403163305,0.962705689629227
2024-12-24 22:00:00,-9.99832033592273,0.967203244974685
2024-12-24 23:00:00,-9.9779503262511,0.958889669848029
2024-12-25 00:00:00,-10.85268863395,0.975781389314258
2024-12-25 01:00:00,-10.9358420266464,0.970902812426101
2024-12-25 02:00:00,-10.5917980586073,0.96058690746258
2024-12-25 03:00:00,-10.763263529838,0.953243911948233
2024-12-25 04:00:00,-10.6561690615783,0.947731993755038
2024-12-25 05:00:00,-10.9564124717788,0.961302826991157
2024-12-25 06:00:00,-11.2922737943094,0.980807604170728
2024-12-25 07:00:00,-10.5997059919134,0.979955722782318
2024-12-25 08:00:00,-10.5715361309756,0.970714239622438
2024-12-25 09:00:00,-10.9813010029909,0.987410164229582
2024-12-25 10:00:00,-11.1847896343888,1.02512702918743
2024-12-25 11:00:00,-9.80242161894819,1.06342966608938
2024-12-25 12:00:00,-10.2187408188699,1.05746818247288
2024-12-25 13:00:00,-9.74497265389702,1.04519173060973
2024-12-25 14:00:00,-10.6293448643682,1.08809988270394
2024-12-25 15:00:00,-10.3053511681518,1.08466139115502
2024-12-25 16:00:00,-10.3268987854107,1.08669882675953
2024-12-25 17:00:00,-10.4957656055174,1.07764245069939
2024-12-25 18:00:00,-10.6957155701129,1.0814327150488
2024-12-25 19:00:00,-10.5054659295052,1.07545760422925
2024-12-25 20:00:00,-10.4522129626788,1.07012251054091
2024-12-25 21:00:00,-10.4844352685539,1.06979042496361
2024-12-25 22:00:00,-10.3365052905436,1.06010529751169
2024-12-25 23:00:00,-10.4156181000182,1.05007550208309
2024-12-26 00:00:00,-10.9297205247519,1.04610163709151
2024-12-26 01:00:00,-10.6563635465516,1.0432913120401
2024-12-26 02:00:00,-10.7364518233254,1.03134504665612
2024-12-26 03:00:00,-10.9476325053504,1.02050225559373
2024-12-26 04:00:00,-10.9282496878094,1.0138414714164
2024-12-26 05:00:00,-10.8021741066101,1.00220442506353
2024-12-26 06:00:00,-11.2788614309443,1.00430435228513
2024-12-26 07:00:00,-11.4267583235561,1.00502939621549
2024-12-26 08:00:00,-10.6887638364803,1.00078091441129
2024-12-26 09:00:00,-10.2204137661124,1.02074911514494
2024-12-26 10:00:00,-10.4805841089608,1.00899576739049
2024-12-26 11:00:00,-10.4826263229478,0.997782009981364
2024-12-26 12:00:00,-10.5608722865885,0.988575354260241
2024-12-26 13:00:00,-10.4595282624443,0.992259795224763
2024-12-26 14:00:00,-10.3907222609661,0.980987282019347
2024-12-26 15:00:00,-9.88296097368819,0.977913825777202
2024-12-26 16:00:00,-10.2006560758863,0.970169316735021
2024-12-26 17:00:00,-10.3951463626263,0.960096078623813
2024-12-26 18:00:00,-10.4820968120111,0.949376424148592
2024-12-26 19:00:00,-10.5848928500544,0.94284225037016
2024-12-26 20:00:00,-10.5246655763727,0.933300695843513
2024-12-26 21:00:00,-10.4923581048395,0.924169312804337
2024-12-26 22:00:00,-10.5737420973579,0.917945113032489
2024-12-26 23:00:00,-10.8772123700587,0.919368107450417
2024-12-27 00:00:00,-10.5481680765865,0.914991095652179
2024-12-27 01:00:00,-10.4742200800174,0.905823643784188
2024-12-27 02:00:00,-10.6586872940132,0.90048950874371
2024-12-27 03:00:00,-10.5856665655817,0.890786250972963
2024-12-27 04:00:00,-10.8298993857054,0.908769571111942
2024-12-27 05:00:00,-10.7599394278143,0.905776321755388
2024-12-27 06:00:00,-11.1775393473468,0.925767242576317
2024-12-27 07:00:00,-11.0655454768634,0.922894201822412
2024-12-27 08:00:00,-10.0447361073153,0.943759324652649
2024-12-27 09:00:00,-10.2382976650579,0.933404753241845
2024-12-27 10:00:00,-9.90165572592005,0.93597719204297
2024-12-27 11:00:00,-10.2264619774275,0.932848835745514
2024-12-27 12:00:00,-10.5628224009024,0.949093230665395
2024-12-27 13:00:00,-10.2924285709608,0.961292306002491
2024-12-27 14:00:00,-10.2297477412259,0.953008584267976
2024-12-27 15:00:00,-9.6893558084118,0.944968061424153
2024-12-27 16:00:00,-9.57402288143611,0.93672197835818
2024-12-27 17:00:00,-10.1755866902562,0.929474644753174
2024-12-27 18:00:00,-9.99251128788656,0.922666544042923
2024-12-27 19:00:00,-10.3961063928558,0.932783113906023
2024-12-27 20:00:00,-10.4765387296469,0.937264881245373
2024-12-27 21:00:00,-10.2764584312584,0.92961394345907
2024-12-27 22:00:00,-10.5585078212202,0.947716586893732
2024-12-27 23:00:00,-10.6888162073941,0.954227508378891
2024-12-28 00:00:00,-10.5290003853592,0.949669861472233
2024-12-28 01:00:00,-10.8127284544193,0.951211108994056
2024-12-28 02:00:00,-10.5322223074873,0.940659680150653
2024-12-28 03:00:00,-10.9966712089316,0.962787306250891
2024-12-28 04:00:00,-11.2054806533409,1.02311850648842
2024-12-28 05:00:00,-11.3200480025996,1.0740456524162
2024-12-28 06:00:00,-11.5261462585754,1.12228066796644
2024-12-28 07:00:00,-11.3700363785802,1.13742440768922
2024-12-28 08:00:00,-11.09778334073,1.1517204423228
2024-12-28 09:00:00,-11.3321247972039,1.20520921731885
2024-12-28 10:00:00,-10.8885914133553,1.20364552950759
2024-12-28 11:00:00,-10.9230848045884,1.24049861846075
2024-12-28 12:00:00,-10.9121497858443,1.27399072166357
2024-12-28 13:00:00,-10.6582554298104,1.32319504061958
2024-12-28 14:00:00,-10.5754766517056,1.32751432795443
2024-12-28 15:00:00,-9.78060393429573,1.31211411792431
2024-12-28 16:00:00,-10.4169659490065,1.35777103152938
2024-12-28 17:00:00,-10.7392395951052,1.36914930761003
2024-12-28 18:00:00,-10.3435400600783,1.35178526517097
2024-12-28 19:00:00,-10.6525603313256,1.37830038116162
2024-12-28 20:00:00,-10.5884682916504,1.3832028048444
2024-12-28 21:00:00,-10.8629240987202,1.43253083155103
2024-12-28 22:00:00,-10.9209468851247,1.47338086031506
2024-12-28 23:00:00,-10.4559445363632,1.45490559033584
2024-12-29 00:00:00,-12.2495640171379,1.47504798815894
2024-12-29 01:00:00,-12.1325732072781,1.45740267304992
2024-12-29 02:00:00,-11.9124176354523,1.43831405374759
2024-12-29 03:00:00,-11.9576440677675,1.42043444708308
2024-12-29 04:00:00,-11.7927702540611,1.40342374612856
2024-12-29 05:00:00,-12.2862351620196,1.42310650334823
2024-12-29 06:00:00,-12.3537498187917,1.41449236286758
2024-12-29 07:00:00,-12.1586619687183,1.39672494346695
2024-12-29 08:00:00,-12.1729135606996,1.39428178902032
2024-12-29 09:00:00,-12.3359383767624,1.40174220405374
2024-12-29 10:00:00,-12.1732682040915,1.39775334599071
2024-12-29 11:00:00,-12.0863051627904,1.40431195927892
2024-12-29 12:00:00,-12.0253082291405,1.40803366877139
2024-12-29 13:00:00,-11.4501545573875,1.39598488358749
2024-12-29 14:00:00,-12.0396521871647,1.4331491142085
2024-12-29 15:00:00,-10.6300397452253,1.47057990238292
2024-12-29 16:00:00,-11.403882669997,1.48023609956569
2024-12-29 17:00:00,-11.366217924105,1.46304509878385
2024-12-29 18:00:00,-11.67244134189,1.45007474243951
2024-12-29 19:00:00,-11.3272162514337,1.43211689506841
2024-12-29 20:00:00,-11.352629555501,1.41368526102544
2024-12-29 21:00:00,-11.3330449218681,1.39551078426636
2024-12-29 22:00:00,-10.9570785945898,1.39047676548389
2024-12-29 23:00:00,-11.0322940856763,1.38129226475754
2024-12-30 00:00:00,-11.1508012296822,1.36389651205129
2024-12-30 01:00:00,-11.7522727612202,1.35751004075403
2024-12-30 02:00:00,-11.0382766370424,1.37369224298088
2024-12-30 03:00:00,-11.4168691187167,1.35615993360694
2024-12-30 04:00:00,-11.4389885838152,1.34085875944919
2024-12-30 05:00:00,-11.2111746854748,1.32792191263651
2024-12-30 06:00:00,-11.6924026558473,1.31520551449234
2024-12-30 07:00:00,-11.645176747684,1.29855130857904
2024-12-30 08:00:00,-11.2241142404449,1.28742866464737
2024-12-30 09:00:00,-11.6348769015874,1.28054805700102
2024-12-30 10:00:00,-11.4317548296129,1.26459835191409
2024-12-30 11:00:00,-11.4211802199087,1.25547941235665
2024-12-30 12:00:00,-11.2811747087832,1.24117011348512
2024-12-30 13:00:00,-10.8833087157739,1.2271243297906
2024-12-30 14:00:00,-10.8499198377579,1.21338162785479
2024-12-30 15:00:00,-10.3401475217374,1.21580146478134
2024-12-30 16:00:00,-10.6288980870004,1.20078854445167
2024-12-30 17:00:00,-10.8555519756847,1.19042964161106
2024-12-30 18:00:00,-10.495398398169,1.21458388965754
2024-12-30 19:00:00,-10.6258813192696,1.20425155640897
2024-12-30 20:00:00,-10.9855199085226,1.19081912940471
2024-12-30 21:00:00,-10.692357812541,1.18545270288209
2024-12-30 22:00:00,-10.3273403739011,1.20658904512436
2024-12-30 23:00:00,-11.0598286469262,1.19457686027346
2024-12-31 00:00:00,-10.2428184372635,1.18173466587705
2024-12-31 01:00:00,-10.7033374146169,1.17657266398423
2024-12-31 02:00:00,-10.7794693249232,1.17075259058328
2024-12-31 03:00:00,-10.7005255146486,1.15815748496593
2024-12-31 04:00:00,-10.7748050606322,1.16514602173656
2024-12-31 05:00:00,-10.9384577047022,1.17697286028706
2024-12-31 06:00:00,-10.9637856113551,1.17076476542571
2024-12-31 07:00:00,-10.9491386211489,1.16320887329101
2024-12-31 08:00:00,-11.2120485294438,1.20937172261741
2024-12-31 09:00:00,-10.1198488926999,1.22520345189267
2024-12-31 10:00:00,-10.7176730990106,1.24574665246254
2024-12-31 11:00:00,-10.4528560269166,1.23624414307308
2024-12-31 12:00:00,-10.6932454789603,1.25772233890824
2024-12-31 13:00:00,-9.92906422204802,1.24252180289083
2024-12-31 14:00:00,-9.82444814098524,1.22821010313506
2024-12-31 15:00:00,-9.62980944927101,1.2131124099222
2024-12-31 16:00:00,-9.53031651443187,1.20003957534069
2024-12-31 17:00:00,-10.2282037696805,1.19333871889145
2024-12-31 18:00:00,-9.6824398211537,1.20383460621688
2024-12-31 19:00:00,-10.103171328781,1.1971200062024
2024-12-31 20:00:00,-10.201228360402,1.18778140663349
2024-12-31 21:00:00,-10.1576427569754,1.17623587700667
2024-12-31 22:00:00,-10.2900438918745,1.17230905442369
2024-12-31 23:00:00,-10.4583425983732,1.16699371540145
2025-01-01 00:00:00,-10.4312680395047,1.15667297136582
2025-01-01 01:00:00,-10.5468814921424,1.14346309566573
2025-01-01 02:00:00,-10.6578729057466,1.13558191336911
2025-01-01 03:00:00,-11.0640222483338,1.15663901601128
2025-01-01 04:00:00,-10.9245397929691,1.16856297750813
2025-01-01 05:00:00,-11.2017900421055,1.21234807465165
2025-01-01 06:00:00,-11.2133410025281,1.220496316876
2025-01-01 07:00:00,-11.3744629824564,1.24740467198322
2025-01-01 08:00:00,-11.1769432967299,1.26853802099292
2025-01-01 09:00:00,-10.5118000466228,1.25353851352336
2025-01-01 10:00:00,-10.4915902930668,1.24334492981607
2025-01-01 11:00:00,-10.6704432546863,1.26232167335526
2025-01-01 12:00:00,-10.6322355932442,1.27004516525322
2025-01-01 13:00:00,-10.0736612332745,1.2617023422235
2025-01-01 14:00:00,-10.3873253023009,1.26769363911945
2025-01-01 15:00:00,-9.92595087416702,1.2526892039619
2025-01-01 16:00:00,-10.1503266946208,1.25659181889314
2025-01-01 17:00:00,-10.6401315076606,1.26809834024445
2025-01-01 18:00:00,-10.5685165556115,1.26258085736111
2025-01-01 19:00:00,-10.7265004821985,1.28921764433601
2025-01-01 20:00:00,-10.1724308480785,1.27294253771093
2025-01-01 21:00:00,-10.6540829389561,1.31200361031142
2025-01-01 22:00:00,-10.2551518301858,1.2969395311903
2025-01-01 23:00:00,-10.6745108265937,1.31292099530891
2025-01-02 00:00:00,-11.6928762687335,1.30863441198844
2025-01-02 01:00:00,-11.1544041060839,1.31223196815919
2025-01-02 02:00:00,-11.1359212784614,1.29935402391907
2025-01-02 03:00:00,-11.4960955236435,1.28514146471476
2025-01-02 04:00:00,-11.6053858003909,1.28146321558503
2025-01-02 05:00:00,-11.0069828596361,1.28352797434566
2025-01-02 06:00:00,-11.754277858658,1.28387406081926
2025-01-02 07:00:00,-11.8288890737266,1.27206110701871
2025-01-02 08:00:00,-11.5977711519487,1.25871557013397
2025-01-02 09:00:00,-11.4579893880146,1.243091043444
2025-01-02 10:00:00,-11.114888401951,1.23059010522221
2025-01-02 11:00:00,-11.5239189023392,1.24516660741241
2025-01-02 12:00:00,-11.0731876438932,1.23033346620084
2025-01-02 13:00:00,-10.7565653398491,1.21646972842132
2025-01-02 14:00:00,-11.3829917239315,1.23244775148061
2025-01-02 15:00:00,-10.2152477201411,1.26461791559184
2025-01-02 16:00:00,-10.3754399068868,1.25101379795473
2025-01-02 17:00:00,-10.6808112485179,1.24139474048775
2025-01-02 18:00:00,-10.569648721338,1.24347366392869
2025-01-02 19:00:00,-10.5691268506141,1.23399730185112
2025-01-02 20:00:00,-10.9197894536704,1.2203032196541
2025-01-02 21:00:00,-10.9145056228675,1.20521997639158
2025-01-02 22:00:00,-11.4380853434859,1.22328030998004
2025-01-02 23:00:00,-11.198183456224,1.20822100430217
2025-01-03 00:00:00,-10.7370102286573,1.20493337066556
2025-01-03 01:00:00,-11.2907951599298,1.22535137507181
2025-01-03 02:00:00,-10.8825243606591,1.21021989759159
2025-01-03 03:00:00,-11.0372226859069,1.20390208083338
2025-01-03 04:00:00,-11.338317981545,1.24993755423555
2025-01-03 05:00:00,-11.34792705549,1.26820022439452
2025-01-03 06:00:00,-11.497336359878,1.2823328361189
2025-01-03 07:00:00,-11.2341318330227,1.27052468538733
2025-01-03 08:00:00,-11.272090446669,1.28774138570754
2025-01-03 09:00:00,-10.8721843314361,1.27200415734941
2025-01-03 10:00:00,-10.9620419565797,1.27388307961319
2025-01-03 11:00:00,-10.9165239390001,1.28226362600352
2025-01-03 12:00:00,-10.731956585773,1.27619036539748
2025-01-03 13:00:00,-10.7543896381154,1.32202004586402
2025-01-03 14:00:00,-10.6088150817985,1.31245889948903
2025-01-03 15:00:00,-9.86491925285382,1.30135499369201
2025-01-03 16:00:00,-10.3011162832752,1.30449621490082
2025-01-03 17:00:00,-10.1276517210802,1.29517074477311
2025-01-03 18:00:00,-10.7583800544664,1.30709143066949
2025-01-03 19:00:00,-10.382095513761,1.2905880599907
2025-01-03 20:00:00,-10.5735998991246,1.28793054592924
2025-01-03 21:00:00,-10.5500431138369,1.2805630255212
2025-01-03 22:00:00,-10.841606956076,1.30178046063323
2025-01-03 23:00:00,-11.0395723552446,1.31675028721775
2025-01-04 00:00:00,-11.9383504236657,1.34939239839342
2025-01-04 01:00:00,-11.7666934580565,1.33610853637497
2025-01-04 02:00:00,-11.7274000352587,1.32787312354641
2025-01-04 03:00:00,-11.5303567122794,1.31119608066283
2025-01-04 04:00:00,-11.601629640122,1.31215664194699
2025-01-04 05:00:00,-11.9454328993548,1.33978001648879
2025-01-04 06:00:00,-11.9074299462552,1.33206433064771
2025-01-04 07:00:00,-12.0718071893251,1.33966355517685
2025-01-04 08:00:00,-11.8643904091019,1.34204593906883
2025-01-04 09:00:00,-11.6020312356819,1.32797359523401
2025-01-04 10:00:00,-11.4070752414461,1.31393085192225
2025-01-04 11:00:00,-11.5105540048178,1.32289506541188
2025-01-04 12:00:00,-11.7726764178398,1.36308120671199
2025-01-04 13:00:00,-11.0794963941875,1.35398227187015
2025-01-04 14:00:00,-11.3329954389305,1.35836253498726
2025-01-04 15:00:00,-11.3119008210878,1.37575315844861
2025-01-04 16:00:00,-10.6866055434988,1.35993945756252
2025-01-04 17:00:00,-11.454917009374,1.37316723324222
2025-01-04 18:00:00,-11.7196313410674,1.39308992038883
2025-01-04 19:00:00,-11.5149153676976,1.39341419133621
2025-01-04 20:00:00,-11.2895374008776,1.38208385228558
2025-01-04 21:00:00,-11.6073462245558,1.41444046266222
2025-01-04 22:00:00,-11.3854721485665,1.40786222165372
2025-01-04 23:00:00,-11.7708938851409,1.43643934135495
2025-01-05 00:00:00,-12.7403222091089,1.43029262863476
2025-01-05 01:00:00,-12.5075186976801,1.41219944017124
2025-01-05 02:00:00,-12.3654639966223,1.39428236236453
2025-01-05 03:00:00,-12.7615866028182,1.38938324046949
2025-01-05 04:00:00,-12.6320092732635,1.38024399123758
2025-01-05 05:00:00,-12.3329433149155,1.36297595021346
2025-01-05 06:00:00,-12.8144698646031,1.35866046509365
2025-01-05 07:00:00,-13.0263867167359,1.35816447615712
2025-01-05 08:00:00,-12.5883369795552,1.34157212904452
2025-01-05 09:00:00,-12.2964082237908,1.32585955558461
2025-01-05 10:00:00,-12.2217771254395,1.30898381458818
2025-01-05 11:00:00,-12.4692463784843,1.31360872909772
2025-01-05 12:00:00,-12.1744914461213,1.29725443566508
2025-01-05 13:00:00,-11.4551052013929,1.2861129216519
2025-01-05 14:00:00,-12.143509161958,1.28783041572291
2025-01-05 15:00:00,-11.4154866056318,1.28548379378979
2025-01-05 16:00:00,-11.6802613870038,1.27061186498515
2025-01-05 17:00:00,-12.1765790259345,1.2581634408946
2025-01-05 18:00:00,-11.9729203216883,1.24484635284264
2025-01-05 19:00:00,-11.9535730383789,1.22941368849956
2025-01-05 20:00:00,-12.1267289636053,1.21905073527299
2025-01-05 21:00:00,-11.4991808946612,1.22816498896758
2025-01-05 22:00:00,-11.9918690423614,1.21968740792029
2025-01-05 23:00:00,-11.8575543571548,1.20948420984993
2025-01-06 00:00:00,-11.7177350145101,1.1946450370919
2025-01-06 01:00:00,-11.8590078375496,1.18168241162921
2025-01-06 02:00:00,-11.4175980575452,1.20108126014445
2025-01-06 03:00:00,-11.4395767828746,1.20609270464157
2025-01-06 04:00:00,-11.9007452346547,1.19810736211934
2025-01-06 05:00:00,-11.9074214827609,1.18336551689638
2025-01-06 06:00:00,-11.8405155272179,1.17579588328031
2025-01-06 07:00:00,-12.0763299014546,1.16144771574853
2025-01-06 08:00:00,-12.0560224755088,1.14911566507852
2025-01-06 09:00:00,-11.8735142215538,1.13652561748856
2025-01-06 10:00:00,-12.4625644222527,1.1706899440649
2025-01-06 11:00:00,-11.7737671066767,1.15767657319925
2025-01-06 12:00:00,-11.7151870829279,1.14432280048923
2025-01-06 13:00:00,-11.0323691227261,1.13680059883662
2025-01-06 14:00:00,-11.3884670684086,1.1231893770861
2025-01-06 15:00:00,-10.2935344529388,1.21720283403178
2025-01-06 16:00:00,-10.7876173965555,1.20489512665428
2025-01-06 17:00:00,-11.1877675747576,1.19801623108135
2025-01-06 18:00:00,-11.200220666503,1.19611316219698
2025-01-06 19:00:00,-11.3984491179627,1.18143339897809
2025-01-06 20:00:00,-11.5674220604007,1.16775477546628
2025-01-06 21:00:00,-11.264741884032,1.16105394088114
2025-01-06 22:00:00,-11.29550286559,1.1488564654883
2025-01-06 23:00:00,-11.8370146460428,1.1426004419058
2025-01-07 00:00:00,-10.513565747523,1.13105329993449
2025-01-07 01:00:00,-10.7454137773581,1.11913088968544
2025-01-07 02:00:00,-10.9724669919038,1.1189824652689
2025-01-07 03:00:00,-11.3695260144291,1.14877435623893
2025-01-07 04:00:00,-11.0742469491447,1.15194745841586
2025-01-07 05:00:00,-11.2168178645957,1.17142943938788
2025-01-07 06:00:00,-11.2414892132912,1.17019386762488
2025-01-07 07:00:00,-11.4167890601894,1.18498318492831
2025-01-07 08:00:00,-11.1344501698409,1.18648314260575
2025-01-07 09:00:00,-11.090040721218,1.18765010624274
2025-01-07 10:00:00,-11.4441284498043,1.25407245144995
2025-01-07 11:00:00,-10.925539688692,1.25172522913023
2025-01-07 12:00:00,-10.3028248053823,1.23723000925007
2025-01-07 13:00:00,-10.417895285801,1.26066791231531
2025-01-07 14:00:00,-10.6518466901086,1.26789105799597
2025-01-07 15:00:00,-9.83441703836726,1.2579728891034
2025-01-07 16:00:00,-9.58525596033094,1.24980785223383
2025-01-07 17:00:00,-10.3884404794953,1.24416789104404
2025-01-07 18:00:00,-10.3431775589625,1.22873389483756
2025-01-07 19:00:00,-10.3628439577006,1.21746694068885
2025-01-07 20:00:00,-10.1737684636495,1.20241684852045
2025-01-07 21:00:00,-10.1057405746196,1.18760832166964
2025-01-07 22:00:00,-10.3151018340053,1.17924658385987
2025-01-07 23:00:00,-10.3867350284031,1.16569475537673
2025-01-08 00:00:00,-10.9600683798592,1.16867333286114
2025-01-08 01:00:00,-11.0482082099799,1.15654524210072
2025-01-08 02:00:00,-10.8479914608342,1.1425728800001
2025-01-08 03:00:00,-11.1423538979833,1.13863755834679
2025-01-08 04:00:00,-10.784012247265,1.12506068381406
2025-01-08 05:00:00,-10.8666346545053,1.11424783108262
2025-01-08 06:00:00,-11.0454253484187,1.10274282534814
2025-01-08 07:00:00,-10.6127543404426,1.10540818919637
2025-01-08 08:00:00,-10.7893359137325,1.095519993081
2025-01-08 09:00:00,-10.9372883490966,1.08711979974908
2025-01-08 10:00:00,-10.8438582969441,1.07701455287896
2025-01-08 11:00:00,-10.6758117105081,1.06732769597004
2025-01-08 12:00:00,-10.0873105678467,1.07012146908019
2025-01-08 13:00:00,-10.0948936565999,1.06197821217107
2025-01-08 14:00:00,-10.3765080707808,1.05203477818506
2025-01-08 15:00:00,-9.81638980188457,1.04921305427641
2025-01-08 16:00:00,-9.74997386295088,1.04258193143536
2025-01-08 17:00:00,-10.7046824727964,1.0507005820134
2025-01-08 18:00:00,-9.99170445642681,1.07570082966822
2025-01-08 19:00:00,-10.0453572433764,1.06547104576801
2025-01-08 20:00:00,-10.1295812694031,1.05375109421056
2025-01-08 21:00:00,-10.161058596367,1.04181584289349
2025-01-08 22:00:00,-10.5416642457315,1.04041229884853
2025-01-08 23:00:00,-10.4277855911475,1.02915723474747
2025-01-09 00:00:00,-10.4301704846864,1.04637978056349
2025-01-09 01:00:00,-10.8057943393746,1.05887377981946
2025-01-09 02:00:00,-10.737175717114,1.05944612850237
2025-01-09 03:00:00,-9.74840694198228,1.09987724057197
2025-01-09 04:00:00,-10.3273834859244,1.10988724993708
2025-01-09 05:00:00,-10.443270878866,1.10527458994979
2025-01-09 06:00:00,-10.9229193810173,1.12525278928543
2025-01-09 07:00:00,-10.8066836163848,1.11914696213575
2025-01-09 08:00:00,-10.2760992368235,1.10580151284923
2025-01-09 09:00:00,-9.98085646333402,1.09691862799817
2025-01-09 10:00:00,-10.4219909206384,1.10714053316661
2025-01-09 11:00:00,-10.0185806131023,1.09408473301261
2025-01-09 12:00:00,-10.2164599626182,1.09758087801134
2025-01-09 13:00:00,-10.0493048906781,1.1126328812828
2025-01-09 14:00:00,-9.76749877901767,1.09973234127538
2025-01-09 15:00:00,-9.39015400101196,1.0882012800775
2025-01-09 16:00:00,-9.48492909215248,1.07558099163234
2025-01-09 17:00:00,-10.1269507072536,1.07466482515834
2025-01-09 18:00:00,-9.73571335590301,1.06856022917615
2025-01-09 19:00:00,-9.92642791984442,1.06112041544205
2025-01-09 20:00:00,-9.68113570270706,1.04991195732214
2025-01-09 21:00:00,-9.57936883186894,1.03876191163281
2025-01-09 22:00:00,-10.0256509414786,1.04298854289719
2025-01-09 23:00:00,-9.94395976309103,1.03086226125076
2025-01-10 00:00:00,-10.2247500652762,1.03612711284706
2025-01-10 01:00:00,-10.6619883379169,1.04978473787306
2025-01-10 02:00:00,-10.4191234600269,1.04010113156977
2025-01-10 03:00:00,-10.2561299964818,1.02808290488636
2025-01-10 04:00:00,-10.7641438990566,1.08862029968399
2025-01-10 05:00:00,-10.5404753180198,1.0863288154177
2025-01-10 06:00:00,-10.6682707522706,1.08605755756716
2025-01-10 07:00:00,-10.427695960046,1.07342920849423
2025-01-10 08:00:00,-10.2105316997368,1.06253935103289
2025-01-10 09:00:00,-10.4417906651661,1.06613407111083
2025-01-10 10:00:00,-10.5235766500405,1.07959828959305
2025-01-10 11:00:00,-10.3247749797581,1.08443068275335
2025-01-10 12:00:00,-10.0916635532543,1.07772220749777
2025-01-10 13:00:00,-9.95845957445596,1.09716952905347
2025-01-10 14:00:00,-9.05317787195153,1.13438384839687
2025-01-10 15:00:00,-9.13720057143649,1.12090977418437
2025-01-10 16:00:00,-9.03482751972132,1.11370775395729
2025-01-10 17:00:00,-9.81919090020483,1.10751694403523
2025-01-10 18:00:00,-9.53573631514731,1.10152470673868
2025-01-10 19:00:00,-9.74079713942901,1.09198878138103
2025-01-10 20:00:00,-9.801458994355,1.08212262526482
2025-01-10 21:00:00,-9.94115356720991,1.080110408828
2025-01-10 22:00:00,-10.358645713071,1.11866463396271
2025-01-10 23:00:00,-10.4642438252293,1.13232835638787
2025-01-11 00:00:00,-10.5237265177648,1.16678930489071
2025-01-11 01:00:00,-10.6410683115679,1.17782335661316
2025-01-11 02:00:00,-10.6279596024017,1.1905533158793
2025-01-11 03:00:00,-10.951475254077,1.24377549574282
2025-01-11 04:00:00,-10.5796936576383,1.25578819877379
2025-01-11 05:00:00,-10.4200048166815,1.2555241126557
2025-01-11 06:00:00,-10.8874381511406,1.29811597382605
2025-01-11 07:00:00,-10.9969628054092,1.33168200187025
2025-01-11 08:00:00,-10.8367878915517,1.3670806006664
2025-01-11 09:00:00,-10.658259260331,1.37765522503985
2025-01-11 10:00:00,-10.7663192384575,1.42702529734175
2025-01-11 11:00:00,-10.7508623270578,1.49237381212482
2025-01-11 12:00:00,-10.3825238333764,1.50089836176966
2025-01-11 13:00:00,-10.2937692335012,1.57106693476844
2025-01-11 14:00:00,-10.4073447507384,1.60647767836405
2025-01-11 15:00:00,-10.4629356631762,1.68669925710719
2025-01-11 16:00:00,-10.409362769443,1.73879326067716
2025-01-11 17:00:00,-10.3307008232891,1.73410003017794
2025-01-11 18:00:00,-10.1244076561431,1.71954634297901
2025-01-11 19:00:00,-10.4244773443331,1.76577334223988
2025-01-11 20:00:00,-10.3075575863072,1.77696429985981
2025-01-11 21:00:00,-10.3389181977634,1.80112115719149
2025-01-11 22:00:00,-10.1492412942887,1.7985964461034
2025-01-11 23:00:00,-10.4155548491162,1.81916564150283
2025-01-12 00:00:00,-12.9220357653319,1.86030021238141
2025-01-12 01:00:00,-12.6063394265397,1.83661790673582
2025-01-12 02:00:00,-12.457634921345,1.81441303616868
2025-01-12 03:00:00,-12.4404111583543,1.79211594223536
2025-01-12 04:00:00,-12.2244188911879,1.77000564327801
2025-01-12 05:00:00,-12.5300944729582,1.76805014975729
2025-01-12 06:00:00,-12.7940475932862,1.76426618991112
2025-01-12 07:00:00,-12.7362779075828,1.74852958775844
2025-01-12 08:00:00,-12.3183579247287,1.72539354716578
2025-01-12 09:00:00,-12.4158315576231,1.71032717675578
2025-01-12 10:00:00,-11.9087417633055,1.69025639530485
2025-01-12 11:00:00,-11.9397106964296,1.67091527063206
2025-01-12 12:00:00,-11.8536988305718,1.64907994848542
2025-01-12 13:00:00,-11.2981029688134,1.6276402026282
2025-01-12 14:00:00,-11.7251966868393,1.61036317280519
2025-01-12 15:00:00,-11.571630375184,1.5904754490595
2025-01-12 16:00:00,-11.1144337405029,1.58244568834025
2025-01-12 17:00:00,-11.9916378846739,1.57586473527515
2025-01-12 18:00:00,-11.8939049896888,1.55477125070927
2025-01-12 19:00:00,-11.7946723854661,1.53457280114146
2025-01-12 20:00:00,-11.7973524193743,1.51539439640323
2025-01-12 21:00:00,-12.0741442196848,1.51399984438941
2025-01-12 22:00:00,-11.6301936878289,1.49636773689845
2025-01-12 23:00:00,-11.4793239370902,1.4861754870519
2025-01-13 00:00:00,-11.8080172913669,1.47102639380882
2025-01-13 01:00:00,-11.1769285759285,1.52758191820358
2025-01-13 02:00:00,-11.1411898451177,1.54336759116306
2025-01-13 03:00:00,-11.7236934394895,1.52281962624296
2025-01-13 04:00:00,-11.2816877801834,1.52577454077153
2025-01-13 05:00:00,-11.5978713919937,1.50608155454914
2025-01-13 06:00:00,-11.8837585362243,1.48672633360537
2025-01-13 07:00:00,-11.6013739433766,1.49079512723556
2025-01-13 08:00:00,-11.7935461436359,1.47140793129009
2025-01-13 09:00:00,-11.4789774344656,1.46935368514176
2025-01-13 10:00:00,-11.307730516311,1.4642602792025
2025-01-13 11:00:00,-11.0212700469436,1.46696396749533
2025-01-13 12:00:00,-10.9317277786413,1.46826136231108
2025-01-13 13:00:00,-10.3552208566058,1.49295308831319
2025-01-13 14:00:00,-10.9312038472379,1.47661399118102
2025-01-13 15:00:00,-10.052329666572,1.5783403533424
2025-01-13 16:00:00,-10.4846734998312,1.57133746366752
2025-01-13 17:00:00,-11.0675973053885,1.55777625813051
2025-01-13 18:00:00,-10.9179769692799,1.571884509118
2025-01-13 19:00:00,-10.7905000195526,1.57997357050113
2025-01-13 20:00:00,-11.0017269138047,1.56600745706909
2025-01-13 21:00:00,-10.8288796032422,1.57082044470141
2025-01-13 22:00:00,-10.9034559037775,1.56367547788713
2025-01-13 23:00:00,-11.5754070253099,1.54555284358846
2025-01-14 00:00:00,-9.40131268437688,1.52512066564683
2025-01-14 01:00:00,-10.2728159914772,1.55262621448792
2025-01-14 02:00:00,-9.91708301552597,1.53230263192797
2025-01-14 03:00:00,-10.1212771121993,1.52516207741238
2025-01-14 04:00:00,-10.4060203258818,1.57123406345857
2025-01-14 05:00:00,-10.3740131530624,1.58355996273075
2025-01-14 06:00:00,-10.2812058045425,1.57125018421211
2025-01-14 07:00:00,-10.667064983738,1.6059030382817
2025-01-14 08:00:00,-10.6591067703894,1.65226608582987
2025-01-14 09:00:00,-9.80124454557367,1.63227042540766
2025-01-14 10:00:00,-9.56530429765951,1.61023419297791
2025-01-14 11:00:00,-9.82144240901695,1.61672107350427
2025-01-14 12:00:00,-10.0811805841991,1.6468355168615
2025-01-14 13:00:00,-9.4587692226746,1.63558486687999
2025-01-14 14:00:00,-9.06516399341069,1.61800569637365
2025-01-14 15:00:00,-9.27726167851373,1.61222746278419
2025-01-14 16:00:00,-9.1273595350131,1.59143603155609
2025-01-14 17:00:00,-9.7456670804298,1.59052340744679
2025-01-14 18:00:00,-9.61419645724606,1.57116208059494
2025-01-14 19:00:00,-9.83128720347117,1.5810394106947
2025-01-14 20:00:00,-9.8582033298147,1.58502144810988
2025-01-14 21:00:00,-9.55949165753164,1.5675861727228
2025-01-14 22:00:00,-10.3195796434703,1.67066853339856
2025-01-14 23:00:00,-10.4615682344708,1.71690403819444
2025-01-15 00:00:00,-10.9620908229112,1.70696190606076
2025-01-15 01:00:00,-10.6781571463564,1.68380797421186
2025-01-15 02:00:00,-10.5857308375327,1.66104832212313
2025-01-15 03:00:00,-10.7470226392393,1.64245129135661
2025-01-15 04:00:00,-10.5758847391072,1.62329100960684
2025-01-15 05:00:00,-10.6202103522878,1.60494734746035
2025-01-15 06:00:00,-11.0565315333054,1.60364172392238
2025-01-15 07:00:00,-11.1820107539542,1.59992602719136
2025-01-15 08:00:00,-10.6773618714765,1.5788129177454
2025-01-15 09:00:00,-10.7267624184739,1.56352875479001
2025-01-15 10:00:00,-10.6337109056097,1.54795136135895
2025-01-15 11:00:00,-10.766821652943,1.55884367853438
2025-01-15 12:00:00,-10.688017716702,1.55675726476702
2025-01-15 13:00:00,-10.0116583794244,1.53722292329056
2025-01-15 14:00:00,-9.45946478254139,1.55087742118384
2025-01-15 15:00:00,-9.94550727447372,1.54481285272407
2025-01-15 16:00:00,-9.87155274696543,1.52457293841483
2025-01-15 17:00:00,-10.3651329537781,1.51070648317966
2025-01-15 18:00:00,-10.4839938480848,1.49727707097431
2025-01-15 19:00:00,-10.4610838354942,1.48778904445791
2025-01-15 20:00:00,-10.4269199309813,1.476558711491
2025-01-15 21:00:00,-9.82739570573401,1.46718138765922
2025-01-15 22:00:00,-10.6044489435284,1.50124732815817
2025-01-15 23:00:00,-11.0486070787775,1.53997312099483
2025-01-16 00:00:00,-10.3267828315025,1.52431125176324
2025-01-16 01:00:00,-10.4658950032074,1.50417689230459
2025-01-16 02:00:00,-11.1360232770679,1.53499814992371
2025-01-16 03:00:00,-10.7972169421234,1.51483676838349
2025-01-16 04:00:00,-10.7050024174824,1.5035719160422
2025-01-16 05:00:00,-11.3810669672261,1.57588452550911
2025-01-16 06:00:00,-11.1540358139354,1.56237614173472
2025-01-16 07:00:00,-11.1550018792001,1.55438643231203
2025-01-16 08:00:00,-11.0555518099945,1.55679179595183
2025-01-16 09:00:00,-10.2965547195383,1.54883585020675
2025-01-16 10:00:00,-10.6867884270985,1.54826512320789
2025-01-16 11:00:00,-10.7973909792857,1.56082606873623
2025-01-16 12:00:00,-10.0534248995977,1.54667755287335
2025-01-16 13:00:00,-9.97638178566437,1.53566156425268
2025-01-16 14:00:00,-10.0894271408384,1.51638536522371
2025-01-16 15:00:00,-9.43627289137524,1.51196828119916
2025-01-16 16:00:00,-9.58518454139399,1.4922903075482
2025-01-16 17:00:00,-10.3249508727694,1.48261377303291
2025-01-16 18:00:00,-10.2964053505971,1.46358458454956
2025-01-16 19:00:00,-10.3183344948009,1.45004336379966
2025-01-16 20:00:00,-10.1624987087029,1.43141246161835
2025-01-16 21:00:00,-10.4099314090859,1.42938793289384
2025-01-16 22:00:00,-10.2545997795347,1.41272724476586
2025-01-16 23:00:00,-10.6454279786903,1.41578295746637
2025-01-17 00:00:00,-10.6985407524287,1.40573752544951
2025-01-17 01:00:00,-11.0159303672973,1.40319092325848
2025-01-17 02:00:00,-10.1147307962542,1.42266066992996
2025-01-17 03:00:00,-10.3609548168482,1.40456989765558
2025-01-17 04:00:00,-10.6732436701748,1.40224464216718
2025-01-17 05:00:00,-10.792293300826,1.39392211857213
2025-01-17 06:00:00,-10.9199115341657,1.38056047448237
2025-01-17 07:00:00,-11.2748305124744,1.39289318494402
2025-01-17 08:00:00,-11.0664307958902,1.39279340747517
2025-01-17 09:00:00,-10.779021100832,1.37648799870894
2025-01-17 10:00:00,-10.8224542738838,1.37398891129576
2025-01-17 11:00:00,-10.662480021141,1.36895072944291
2025-01-17 12:00:00,-10.9097243172732,1.39837473895837
2025-01-17 13:00:00,-10.1166847005224,1.38167646175725
2025-01-17 14:00:00,-10.271457155715,1.36894981836763
2025-01-17 15:00:00,-9.86980297027774,1.35137978064234
2025-01-17 16:00:00,-9.80500594562702,1.33406191474556
2025-01-17 17:00:00,-10.1994129693512,1.31759519955237
2025-01-17 18:00:00,-10.3000102518808,1.30176623070642
2025-01-17 19:00:00,-10.4605430319816,1.29856337614664
2025-01-17 20:00:00,-10.0592074481157,1.28379227214029
2025-01-17 21:00:00,-10.3381789522215,1.27943056394171
2025-01-17 22:00:00,-10.3908891414049,1.27163750735591
2025-01-17 23:00:00,-10.5652942293585,1.26472162685185
2025-01-18 00:00:00,-11.1465057867434,1.29056806077993
2025-01-18 01:00:00,-11.182062190016,1.28322214696032
2025-01-18 02:00:00,-10.9889929704336,1.26943074078175
2025-01-18 03:00:00,-11.759610377291,1.35432130288884
2025-01-18 04:00:00,-10.2172294590633,1.38849674160847
2025-01-18 05:00:00,-10.3600395378176,1.3713939174574
2025-01-18 06:00:00,-10.4987268850631,1.35721415575015
2025-01-18 07:00:00,-10.7132622672539,1.33979843890851
2025-01-18 08:00:00,-10.5631094283112,1.32270876713115
2025-01-18 09:00:00,-10.5361130486553,1.3061590297721
2025-01-18 10:00:00,-10.6101041745017,1.29161305402352
2025-01-18 11:00:00,-10.4532864247112,1.27628607580077
2025-01-18 12:00:00,-10.5312165023515,1.26629775941208
2025-01-18 13:00:00,-10.1438431406395,1.25357904241566
2025-01-18 14:00:00,-10.1612325537541,1.23791746305334
2025-01-18 15:00:00,-10.1660782214076,1.22763367129667
2025-01-18 16:00:00,-10.0742340405019,1.21277007404638
2025-01-18 17:00:00,-10.3063707967666,1.19781764910926
2025-01-18 18:00:00,-10.4958739377824,1.18555342395599
2025-01-18 19:00:00,-10.4851987621056,1.17537658023353
2025-01-18 20:00:00,-10.5879939603728,1.17126839384241
2025-01-18 21:00:00,-10.5042930386789,1.16169041687383
2025-01-18 22:00:00,-10.8097697781228,1.17973846689669
2025-01-18 23:00:00,-10.9924518548358,1.18985038850744
2025-01-19 00:00:00,-10.8431818491747,1.18287007105606
2025-01-19 01:00:00,-11.111549466822,1.18226153526646
2025-01-19 02:00:00,-10.846854500786,1.1682055511912
2025-01-19 03:00:00,-10.8235550267903,1.15473688069775
2025-01-19 04:00:00,-10.5570593110953,1.14081542529591
2025-01-19 05:00:00,-10.4650355147853,1.12749767969755
2025-01-19 06:00:00,-10.8705470021854,1.11840566981857
2025-01-19 07:00:00,-11.2018283476422,1.12230290449385
2025-01-19 08:00:00,-10.9349953265516,1.1144131606518
2025-01-19 09:00:00,-10.5280828513993,1.10373965637245
2025-01-19 10:00:00,-9.98072138753644,1.1150278560093
2025-01-19 11:00:00,-10.3121308810934,1.10640966537407
2025-01-19 12:00:00,-10.2643359278176,1.09345031103017
2025-01-19 13:00:00,-10.1041941430649,1.08782148794572
2025-01-19 14:00:00,-10.4301234335885,1.08570809672897
2025-01-19 15:00:00,-10.0958058375607,1.07364592729167
2025-01-19 16:00:00,-9.98341504951046,1.06107240848696
2025-01-19 17:00:00,-10.8245070257605,1.08562609913706
2025-01-19 18:00:00,-10.5706941411262,1.07347320965293
2025-01-19 19:00:00,-10.7255722076145,1.08352309467867
2025-01-19 20:00:00,-10.3070674834643,1.07082403306593
2025-01-19 21:00:00,-10.2698301538523,1.05934785824249
2025-01-19 22:00:00,-9.62575617399437,1.08076503577802
2025-01-19 23:00:00,-9.41593507780975,1.12048283416376
2025-01-20 00:00:00,-8.22192486960977,1.1617426668274
2025-01-20 01:00:00,-9.04670951292226,1.14804261714223
2025-01-20 02:00:00,-9.38392500571277,1.1346068531707
2025-01-20 03:00:00,-9.59236384229779,1.12232060476678
2025-01-20 04:00:00,-9.59029843804093,1.11554079652749
2025-01-20 05:00:00,-9.69987012613477,1.11001822224932
2025-01-20 06:00:00,-9.89130926744536,1.1032231131597
2025-01-20 07:00:00,-8.81270687864439,1.18556670755539
2025-01-20 08:00:00,-9.08589922087449,1.17134738844528
2025-01-20 09:00:00,-9.93721984477227,1.20573865880466
2025-01-20 10:00:00,-9.33745164146392,1.19326025117252
2025-01-20 11:00:00,-9.40865524960457,1.18740662508426
2025-01-20 12:00:00,-9.90953915825863,1.23909237935041
2025-01-20 13:00:00,-8.34572836345731,1.26920368246952
2025-01-20 14:00:00,-9.5173945019794,1.31880530659076
2025-01-20 15:00:00,-9.19321305917328,1.30924104751966
2025-01-20 16:00:00,-8.70307732780277,1.29675042342237
2025-01-20 17:00:00,-8.95517210545182,1.28167015210097
2025-01-20 18:00:00,-8.19980256934128,1.35794756005242
2025-01-20 19:00:00,-8.98460703724402,1.34914893538005
2025-01-20 20:00:00,-9.17123924403282,1.3359284875626
2025-01-20 21:00:00,-9.3174707873739,1.32876761564754
2025-01-20 22:00:00,-9.26584449309375,1.31567210430109
2025-01-20 23:00:00,-9.32724764128279,1.30053449462448
2025-01-21 00:00:00,-7.99994220311488,1.29262885111053
2025-01-21 01:00:00,-8.6192117733028,1.28330442272477
2025-01-21 02:00:00,-8.45745010936731,1.26751064591672
2025-01-21 03:00:00,-8.82599063144982,1.2634375146825
2025-01-21 04:00:00,-9.26697102301631,1.3289365192724
2025-01-21 05:00:00,-8.86575662268297,1.31642284073622
2025-01-21 06:00:00,-9.13634314228309,1.32072825690221
2025-01-21 07:00:00,-9.1763077941942,1.31993342483631
2025-01-21 08:00:00,-9.45534486860773,1.38679380736776
2025-01-21 09:00:00,-9.10916712663776,1.38324446628339
2025-01-21 10:00:00,-9.09546953159917,1.40124629710579
2025-01-21 11:00:00,-8.93682356969469,1.41751591841594
2025-01-21 12:00:00,-8.87300435984918,1.43294953031659
2025-01-21 13:00:00,-8.24501934525842,1.42370576833312
2025-01-21 14:00:00,-8.75265176923392,1.45884146125886
2025-01-21 15:00:00,-7.97199392428449,1.43999314487376
2025-01-21 16:00:00,-8.45303743658558,1.46837434330766
2025-01-21 17:00:00,-8.20274402829172,1.45060530314141
2025-01-21 18:00:00,-8.81275010244291,1.47825418060464
2025-01-21 19:00:00,-8.62602212837772,1.47398959707476
2025-01-21 20:00:00,-8.73821345721306,1.48783285466239
2025-01-21 21:00:00,-8.58401080353128,1.48374419433775
2025-01-21 22:00:00,-8.90569739078516,1.52625008455389
2025-01-21 23:00:00,-9.32800657138701,1.59958473577846
2025-01-22 00:00:00,-9.85424264663473,1.58163353846919
2025-01-22 01:00:00,-10.2640749998136,1.59630290087033
2025-01-22 02:00:00,-9.90470137411262,1.57673228376547
2025-01-22 03:00:00,-10.2371891118224,1.58895938636305
2025-01-22 04:00:00,-10.3405996377967,1.62938806830775
2025-01-22 05:00:00,-10.1334058738073,1.62567171483575
2025-01-22 06:00:00,-10.6029417453037,1.67063775898349
2025-01-22 07:00:00,-10.2809169152808,1.65675121364175
2025-01-22 08:00:00,-10.0851382973585,1.65319073301803
2025-01-22 09:00:00,-10.1656640435353,1.65921967573118
2025-01-22 10:00:00,-10.2005219175253,1.67864720929217
2025-01-22 11:00:00,-10.3400492582547,1.74380369635744
2025-01-22 12:00:00,-9.60728182322562,1.72095167011633
2025-01-22 13:00:00,-9.79537269725904,1.78837694885663
2025-01-22 14:00:00,-9.49950623913797,1.76826929408512
2025-01-22 15:00:00,-9.22648255899167,1.75121247059836
2025-01-22 16:00:00,-9.08294045601276,1.72945996622939
2025-01-22 17:00:00,-9.51654136822152,1.71519149639294
2025-01-22 18:00:00,-10.0552883272109,1.75327005160407
2025-01-22 19:00:00,-9.45397926813985,1.72969207524693
2025-01-22 20:00:00,-9.58147429072329,1.72433750338094
2025-01-22 21:00:00,-9.71324668691619,1.73072035971938
2025-01-22 22:00:00,-9.95635856703131,1.76343575954659
2025-01-22 23:00:00,-9.62845566044641,1.74152985947766
2025-01-23 00:00:00,-11.2552996111665,1.75435946665765
2025-01-23 01:00:00,-10.9596079022124,1.73072961786021
2025-01-23 02:00:00,-10.5472382091815,1.71776061970973
2025-01-23 03:00:00,-10.6250230951793,1.69626893394861
2025-01-23 04:00:00,-10.6323952504181,1.67346283631698
2025-01-23 05:00:00,-10.528622381655,1.65308111566866
2025-01-23 06:00:00,-11.0738898978726,1.63848336581585
2025-01-23 07:00:00,-10.9499735730964,1.61664054217682
2025-01-23 08:00:00,-10.7626094060858,1.59487460627005
2025-01-23 09:00:00,-10.903415850141,1.57658776261301
2025-01-23 10:00:00,-10.6535345958367,1.55560206471197
2025-01-23 11:00:00,-10.3604110673613,1.53595952119235
2025-01-23 12:00:00,-10.5767122974183,1.52127782707363
2025-01-23 13:00:00,-9.98636391589429,1.50204305372198
2025-01-23 14:00:00,-10.322712325632,1.48385679402322
2025-01-23 15:00:00,-9.19383281344981,1.5579500145919
2025-01-23 16:00:00,-9.13915182032834,1.58259398153778
2025-01-23 17:00:00,-10.0062013843165,1.5621142750135
2025-01-23 18:00:00,-10.4925262671232,1.54429382074538
2025-01-23 19:00:00,-10.0522484763447,1.53562764227572
2025-01-23 20:00:00,-9.8212787451833,1.53399824246209
2025-01-23 21:00:00,-9.41554207666247,1.57127903264562
2025-01-23 22:00:00,-9.97353812986775,1.55028421060387
2025-01-23 23:00:00,-10.3147245285894,1.52962600988769
2025-01-24 00:00:00,-9.00316862419206,1.5128368674706
2025-01-24 01:00:00,-9.64874038915733,1.52035697253033
2025-01-24 02:00:00,-10.0947363921092,1.57102922101945
2025-01-24 03:00:00,-9.97273494613507,1.57461345856781
2025-01-24 04:00:00,-9.02623382367758,1.56007847538534
2025-01-24 05:00:00,-9.80873255225594,1.60934093340013
2025-01-24 06:00:00,-10.0678999569679,1.62811001404073
2025-01-24 07:00:00,-10.2344618066729,1.65762585298805
2025-01-24 08:00:00,-9.87608272468973,1.66017529303075
2025-01-24 09:00:00,-9.72417896101186,1.65437918815332
2025-01-24 10:00:00,-9.72179828947883,1.6643482601466
2025-01-24 11:00:00,-9.47441364910592,1.66269033781121
2025-01-24 12:00:00,-9.94415840138632,1.75226566164197
2025-01-24 13:00:00,-9.23978906936507,1.75371952613312
2025-01-24 14:00:00,-9.29674321438689,1.75211600073771
2025-01-24 15:00:00,-8.5370814543195,1.72954853921048
2025-01-24 16:00:00,-9.04475727448781,1.74663348124491
2025-01-24 17:00:00,-9.53296383227497,1.7600774122205
2025-01-24 18:00:00,-9.50116137701575,1.75664630226269
2025-01-24 19:00:00,-9.29954232387365,1.74722229676224
2025-01-24 20:00:00,-9.43935951178046,1.75990579495491
2025-01-24 21:00:00,-9.07869321544912,1.73935241976718
2025-01-24 22:00:00,-9.63260849682661,1.79842285052863
2025-01-24 23:00:00,-9.5296219388587,1.79293242812378
2025-01-25 00:00:00,-11.0544704095404,1.80480723527107
2025-01-25 01:00:00,-10.9462782790825,1.78388734371822
2025-01-25 02:00:00,-11.3165479987123,1.81037571552785
2025-01-25 03:00:00,-11.3014456353709,1.81154117623518
2025-01-25 04:00:00,-10.6263069401125,1.78647624463625
2025-01-25 05:00:00,-11.0474381810475,1.79986977522308
2025-01-25 06:00:00,-11.1753359568107,1.79162602043749
2025-01-25 07:00:00,-11.0155817529009,1.7703955936963
2025-01-25 08:00:00,-11.0566354168072,1.7730418337329
2025-01-25 09:00:00,-11.1301355796317,1.77599799909831
2025-01-25 10:00:00,-10.9965968377507,1.77261028894608
2025-01-25 11:00:00,-10.7230324818672,1.76172811775553
2025-01-25 12:00:00,-10.9358854165304,1.78690314297038
2025-01-25 13:00:00,-10.6948180395461,1.81730566785591
2025-01-25 14:00:00,-11.0018591820592,1.85753525911684
2025-01-25 15:00:00,-10.6689000036182,1.86504857509973
2025-01-25 16:00:00,-10.2953644767713,1.84456901978568
2025-01-25 17:00:00,-10.9032254022524,1.86273482554721
2025-01-25 18:00:00,-10.7335639935934,1.84662360478474
2025-01-25 19:00:00,-10.5521818081005,1.83082212186461
2025-01-25 20:00:00,-10.702658149269,1.83457384914161
2025-01-25 21:00:00,-10.7024540010963,1.8350125431362
2025-01-25 22:00:00,-10.7972908752641,1.84577142553336
2025-01-25 23:00:00,-11.0235653850572,1.86298875509424
2025-01-26 00:00:00,-12.884612245406,1.9130597107189
2025-01-26 01:00:00,-12.29308495612,1.88750876968317
2025-01-26 02:00:00,-12.3177889266992,1.86553891047544
2025-01-26 03:00:00,-12.2861051441409,1.84090876347609
2025-01-26 04:00:00,-11.9675930679834,1.81533775747793
2025-01-26 05:00:00,-11.8665817911648,1.79086858015218
2025-01-26 06:00:00,-12.4948392971523,1.78545444473955
2025-01-26 07:00:00,-12.6706440416711,1.7764045438371
2025-01-26 08:00:00,-12.5381428961903,1.76929440038957
2025-01-26 09:00:00,-12.1178168806776,1.74514122285971
2025-01-26 10:00:00,-11.7846057258364,1.72321278815444
2025-01-26 11:00:00,-11.8791536011466,1.70516789600597
2025-01-26 12:00:00,-12.0722783632729,1.6989629898862
2025-01-26 13:00:00,-11.9225744804317,1.70690464179565
2025-01-26 14:00:00,-11.9314756282282,1.6909004977076
2025-01-26 15:00:00,-12.0700702830244,1.71091512792684
2025-01-26 16:00:00,-11.9436490786349,1.70389372575548
2025-01-26 17:00:00,-12.3651859258242,1.70981645217033
2025-01-26 18:00:00,-12.3515329504317,1.70480877865784
2025-01-26 19:00:00,-12.0278572057115,1.6863029876788
2025-01-26 20:00:00,-12.0903544905044,1.67952195578451
2025-01-26 21:00:00,-11.8932716769203,1.66036420684109
2025-01-26 22:00:00,-11.4985581103363,1.64065906048293
2025-01-26 23:00:00,-11.6122335427317,1.61876680317161
2025-01-27 00:00:00,-10.96878999263,1.64761746183345
2025-01-27 01:00:00,-11.3441773280088,1.63696106497285
2025-01-27 02:00:00,-11.2716061273425,1.63808561550323
2025-01-27 03:00:00,-11.3725605827162,1.63167086125887
2025-01-27 04:00:00,-11.4326578311674,1.61185488740763
2025-01-27 05:00:00,-11.3601943606182,1.60216571935704
2025-01-27 06:00:00,-11.3971416875097,1.60281153828104
2025-01-27 07:00:00,-11.2568039904908,1.62184422320432
2025-01-27 08:00:00,-10.7046352900611,1.69008817330468
2025-01-27 09:00:00,-11.4886080426074,1.66718972722611
2025-01-27 10:00:00,-11.093890051879,1.67708691766705
2025-01-27 11:00:00,-11.0432492345756,1.66488219820976
2025-01-27 12:00:00,-11.0658230628969,1.64997872925431
2025-01-27 13:00:00,-10.4898874562276,1.65550552643126
2025-01-27 14:00:00,-10.6047532333572,1.66267221594306
2025-01-27 15:00:00,-10.4791956137589,1.66327892387962
2025-01-27 16:00:00,-10.5576742965412,1.65795055623952
2025-01-27 17:00:00,-10.8762305544117,1.65717145152589
2025-01-27 18:00:00,-11.0045105775289,1.64968537365347
2025-01-27 19:00:00,-11.0970220367621,1.63142555887897
2025-01-27 20:00:00,-11.061070052148,1.61710976935349
2025-01-27 21:00:00,-10.8419734540607,1.61790342679091
2025-01-27 22:00:00,-10.8200993516223,1.6143172542562
2025-01-27 23:00:00,-11.3199302948678,1.59269830288263
2025-01-28 00:00:00,-9.16428899000316,1.57673172580167
2025-01-28 01:00:00,-9.8691126168479,1.56368709820726
2025-01-28 02:00:00,-10.0287378358021,1.55014130745408
2025-01-28 03:00:00,-10.1698469346401,1.53933723096399
2025-01-28 04:00:00,-10.0432638553349,1.53082067758104
2025-01-28 05:00:00,-9.99374505916469,1.51634346003384
2025-01-28 06:00:00,-10.3548524187028,1.51720084701431
2025-01-28 07:00:00,-10.6152850582179,1.53341864821429
2025-01-28 08:00:00,-10.0367794595159,1.51433121588787
2025-01-28 09:00:00,-10.3967951503186,1.53708574487607
2025-01-28 10:00:00,-10.1300180611543,1.52828235407859
2025-01-28 11:00:00,-10.0636382160011,1.53521668336593
2025-01-28 12:00:00,-10.1691633018147,1.55901963446489
2025-01-28 13:00:00,-9.64188975568087,1.55722289847346
2025-01-28 14:00:00,-10.0083819340113,1.58165240049751
2025-01-28 15:00:00,-9.18560418092938,1.56159070753367
2025-01-28 16:00:00,-9.32208366883697,1.54850575421928
2025-01-28 17:00:00,-9.76181933899676,1.53922760262426
2025-01-28 18:00:00,-9.86431250704251,1.53053419769795
2025-01-28 19:00:00,-9.42959966649155,1.51027223524864
2025-01-28 20:00:00,-9.90508364176407,1.53122524590034
2025-01-28 21:00:00,-9.57932393947572,1.51280341431218
2025-01-28 22:00:00,-9.61471331787658,1.50107541314188
2025-01-28 23:00:00,-9.64042421647967,1.48340770379624
2025-01-29 00:00:00,-10.6944135571818,1.4778163449351
2025-01-29 01:00:00,-11.0679251872413,1.47860235267982
2025-01-29 02:00:00,-10.9339730197012,1.46507753354796
2025-01-29 03:00:00,-11.1846916763948,1.47215096512998
2025-01-29 04:00:00,-10.8554389609893,1.46100320946077
2025-01-29 05:00:00,-11.1596841420125,1.48251884682691
2025-01-29 06:00:00,-10.9431910675821,1.46402412511455
2025-01-29 07:00:00,-10.9627511355199,1.44885886449704
2025-01-29 08:00:00,-11.1353944903426,1.46699252301381
2025-01-29 09:00:00,-10.8790023077547,1.45210293301632
2025-01-29 10:00:00,-10.8832336109202,1.45032225652216
2025-01-29 11:00:00,-10.5462499040839,1.43552834755481
2025-01-29 12:00:00,-11.0988398973514,1.50297939061669
2025-01-29 13:00:00,-10.2232591155614,1.4856638743524
2025-01-29 14:00:00,-10.3906438538788,1.47575391084025
2025-01-29 15:00:00,-9.81268554360864,1.45806728997498
2025-01-29 16:00:00,-10.2526213668627,1.46294618685264
2025-01-29 17:00:00,-10.705702947337,1.46402473934543
2025-01-29 18:00:00,-10.4721246049899,1.44562163756664
2025-01-29 19:00:00,-10.1532160993533,1.42681720619044
2025-01-29 20:00:00,-9.60819332736995,1.43360480999128
2025-01-29 21:00:00,-9.87804348378953,1.41490912546361
2025-01-29 22:00:00,-10.0760670315852,1.39786858258342
2025-01-29 23:00:00,-10.4275964172948,1.38682181345996
2025-01-30 00:00:00,-10.7184303204757,1.37463164766147
2025-01-30 01:00:00,-10.6985193525936,1.35729573621623
2025-01-30 02:00:00,-10.8190542551883,1.34215017322577
2025-01-30 03:00:00,-11.0076669488578,1.33170926236929
2025-01-30 04:00:00,-10.6897216446051,1.31517917273794
2025-01-30 05:00:00,-10.6984145175801,1.29941635965053
2025-01-30 06:00:00,-10.9056251667836,1.28456015263007
2025-01-30 07:00:00,-11.2157970959844,1.2829138206796
2025-01-30 08:00:00,-10.8175506971274,1.2672086181292
2025-01-30 09:00:00,-10.817503872837,1.25370144446255
2025-01-30 10:00:00,-11.0671549296376,1.26609317037265
2025-01-30 11:00:00,-11.1428264043487,1.29540501173283
2025-01-30 12:00:00,-10.8480615385234,1.2900960108777
2025-01-30 13:00:00,-10.6224402333113,1.30697794992593
2025-01-30 14:00:00,-10.536679325209,1.29501513446108
2025-01-30 15:00:00,-9.87957176858902,1.28345987070832
2025-01-30 16:00:00,-10.0324267739524,1.26878701163468
2025-01-30 17:00:00,-10.9508735803168,1.30038129554932
2025-01-30 18:00:00,-10.6427330321323,1.28451734446721
2025-01-30 19:00:00,-10.3688332971266,1.26840837424092
2025-01-30 20:00:00,-10.7134249020063,1.27733204336316
2025-01-30 21:00:00,-10.1947774618863,1.26385754565712
2025-01-30 22:00:00,-10.5764526956791,1.26661662107618
2025-01-30 23:00:00,-11.0598458717964,1.29356811174588
2025-01-31 00:00:00,-11.3371607077103,1.28760711379517
2025-01-31 01:00:00,-11.2596941624633,1.27158446842475
2025-01-31 02:00:00,-11.2718955862111,1.25833576848975
2025-01-31 03:00:00,-11.3816421571696,1.24782108098583
2025-01-31 04:00:00,-11.1085176734799,1.23356253470493
2025-01-31 05:00:00,-11.1087509942466,1.21963429350453
2025-01-31 06:00:00,-11.5761236638698,1.22303290905512
2025-01-31 07:00:00,-11.6092262733301,1.21637125555971
2025-01-31 08:00:00,-11.0206619061568,1.20285457450754
2025-01-31 09:00:00,-11.1919158675253,1.19274932190092
2025-01-31 10:00:00,-11.1245548330732,1.18163712847712
2025-01-31 11:00:00,-11.280707070224,1.1957113203811
2025-01-31 12:00:00,-10.7830346272583,1.1812915582383
2025-01-31 13:00:00,-10.760052133282,1.19014369021382
2025-01-31 14:00:00,-10.8919758378448,1.18341696516828
2025-01-31 15:00:00,-10.3269632846662,1.1707461146979
2025-01-31 16:00:00,-10.0974146733707,1.16211447098121
2025-01-31 17:00:00,-10.6359676206589,1.1483620874831
2025-01-31 18:00:00,-10.8984224732447,1.13860396679503
2025-01-31 19:00:00,-10.1535690161557,1.15632930307957
2025-01-31 20:00:00,-10.4130478092362,1.14230077790673
2025-01-31 21:00:00,-10.4330531177271,1.12885152983927
2025-01-31 22:00:00,-10.6186743999064,1.11680610249892
2025-01-31 23:00:00,-10.9174851885744,1.10831517224931
2025-02-01 00:00:00,-10.9714301955337,1.1106417990356
2025-02-01 01:00:00,-11.1334304379387,1.10251583691865
2025-02-01 02:00:00,-11.4742511247764,1.12647476039557
2025-02-01 03:00:00,-11.4441016100784,1.12901787728488
2025-02-01 04:00:00,-11.641672291626,1.18675501648499
2025-02-01 05:00:00,-11.1627318990092,1.17474863884923
2025-02-01 06:00:00,-11.6485128838482,1.20497521306596
2025-02-01 07:00:00,-11.5219149940641,1.20241078571035
2025-02-01 08:00:00,-11.5568932745796,1.23172880633584
2025-02-01 09:00:00,-11.3207215452145,1.22778849554933
2025-02-01 10:00:00,-11.214437561375,1.22991763312788
2025-02-01 11:00:00,-10.7234466685545,1.21530809260094
2025-02-01 12:00:00,-11.0201756904886,1.23475667864936
2025-02-01 13:00:00,-11.0268968186535,1.29363628841912
2025-02-01 14:00:00,-10.962290757124,1.29641338445591
2025-02-01 15:00:00,-10.5890807882908,1.28903244526238
2025-02-01 16:00:00,-10.427919939508,1.27677029940726
2025-02-01 17:00:00,-11.0081162096535,1.28768040132737
2025-02-01 18:00:00,-11.1839602641587,1.30197004154764
2025-02-01 19:00:00,-11.1275749235375,1.31683311710731
2025-02-01 20:00:00,-10.8964048641605,1.31094421445301
2025-02-01 21:00:00,-10.3572647883384,1.29625296183967
2025-02-01 22:00:00,-10.6483414504695,1.29304762611424
2025-02-01 23:00:00,-10.4201790885478,1.27880299261074
2025-02-02 00:00:00,-11.5221655355253,1.26538286431542
2025-02-02 01:00:00,-11.4118847903621,1.25712582183061
2025-02-02 02:00:00,-11.7380921700155,1.24504072666501
2025-02-02 03:00:00,-11.5085234389588,1.23460871079687
2025-02-02 04:00:00,-10.9107227702878,1.25099919655288
2025-02-02 05:00:00,-11.0754512185549,1.24227705298567
2025-02-02 06:00:00,-11.5288552348571,1.22686506221367
2025-02-02 07:00:00,-11.7751754574561,1.21210577139087
2025-02-02 08:00:00,-11.3705885200783,1.20232824584454
2025-02-02 09:00:00,-11.2131051729344,1.19701809944394
2025-02-02 10:00:00,-11.1186877169544,1.18829505380075
2025-02-02 11:00:00,-11.3637356505374,1.17798797407183
2025-02-02 12:00:00,-11.0219976959874,1.16963419754474
2025-02-02 13:00:00,-10.6516545091977,1.15735763909614
2025-02-02 14:00:00,-11.4350616478657,1.16686693546165
2025-02-02 15:00:00,-10.9752999225707,1.15298616749577
2025-02-02 16:00:00,-10.8574913750094,1.13963333697706
2025-02-02 17:00:00,-11.1792257922604,1.12616799507533
2025-02-02 18:00:00,-10.8649512965418,1.13306849231764
2025-02-02 19:00:00,-10.6070336460507,1.14248389059085
2025-02-02 20:00:00,-10.7556314932892,1.13388488542319
2025-02-02 21:00:00,-11.0980104011406,1.12142854145896
2025-02-02 22:00:00,-10.7892931657887,1.1207629660914
2025-02-02 23:00:00,-10.7598805670734,1.12585171019908
2025-02-03 00:00:00,-9.31167270554158,1.14898143155899
2025-02-03 01:00:00,-9.57081370877042,1.16079559309093
2025-02-03 02:00:00,-9.63448437546839,1.16772347304007
2025-02-03 03:00:00,-9.65106427906769,1.17992918363103
2025-02-03 04:00:00,-9.88702703464509,1.16571091833958
2025-02-03 05:00:00,-9.88377366599836,1.1570180737294
2025-02-03 06:00:00,-10.1338740373829,1.14538475192827
2025-02-03 07:00:00,-10.1890741563676,1.13514281557564
2025-02-03 08:00:00,-9.9955625217247,1.12503554320221
2025-02-03 09:00:00,-10.4398176733187,1.12049058492128
2025-02-03 10:00:00,-9.96645397993639,1.11417296851803
2025-02-03 11:00:00,-10.0451823952822,1.10297868868787
2025-02-03 12:00:00,-10.2483549781712,1.10143403779131
2025-02-03 13:00:00,-9.72377229418662,1.0889372647455
2025-02-03 14:00:00,-9.68403171378165,1.07754201394116
2025-02-03 15:00:00,-9.06804072947648,1.09291473882228
2025-02-03 16:00:00,-9.16809092088387,1.08668093045862
2025-02-03 17:00:00,-9.91539264732319,1.0758515563792
2025-02-03 18:00:00,-9.7462102740623,1.06975469615175
2025-02-03 19:00:00,-10.1959549246272,1.07498962568295
2025-02-03 20:00:00,-9.74366065238178,1.06775210128001
2025-02-03 21:00:00,-9.62676240762307,1.05798758251716
2025-02-03 22:00:00,-10.0020003330325,1.05293126662862
2025-02-03 23:00:00,-9.95140782254632,1.04123826048671
2025-02-04 00:00:00,-9.65747395756618,1.1037677446743
2025-02-04 01:00:00,-9.78389684745705,1.109832760074
2025-02-04 02:00:00,-9.59471657799309,1.10355791122862
2025-02-04 03:00:00,-9.82236794740134,1.11839013675114
2025-02-04 04:00:00,-9.93697090556027,1.16709985820682
2025-02-04 05:00:00,-9.69256956790906,1.16776606053462
2025-02-04 06:00:00,-9.27443266238811,1.15622776740185
2025-02-04 07:00:00,-9.57949182983849,1.15221828034852
2025-02-04 08:00:00,-9.41332113170732,1.14473889543437
2025-02-04 09:00:00,-9.33463340810889,1.13382474762807
2025-02-04 10:00:00,-9.68838294593528,1.16735844362905
2025-02-04 11:00:00,-9.52567204750691,1.18173805104205
2025-02-04 12:00:00,-9.61397309783278,1.21557384150579
2025-02-04 13:00:00,-9.01229014399921,1.21594860497303
2025-02-04 14:00:00,-9.48795874277268,1.2607614501705
2025-02-04 15:00:00,-8.56390630094144,1.24736405559437
2025-02-04 16:00:00,-8.574735920266,1.23357041483656
2025-02-04 17:00:00,-9.1655791484387,1.23426053167444
2025-02-04 18:00:00,-9.30901701867222,1.23450009428476
2025-02-04 19:00:00,-9.35184032898959,1.24626366875395
2025-02-04 20:00:00,-8.6463353817609,1.23727080288039
2025-02-04 21:00:00,-8.70009299119354,1.22262622868818
2025-02-04 22:00:00,-8.79027296589048,1.20987546342137
2025-02-04 23:00:00,-9.01540640320479,1.19927785860826
2025-02-05 00:00:00,-10.0016465075084,1.20666541823149
2025-02-05 01:00:00,-10.2503765766684,1.20584473570982
2025-02-05 02:00:00,-9.93798205232307,1.19102621807251
2025-02-05 03:00:00,-9.98895180576647,1.17846781367439
2025-02-05 04:00:00,-10.1534584538308,1.1912730270212
2025-02-05 05:00:00,-10.2782748383519,1.2014245408954
2025-02-05 06:00:00,-10.3154215544432,1.19567228365581
2025-02-05 07:00:00,-10.2930789381587,1.18780894777028
2025-02-05 08:00:00,-10.0895327150407,1.18109999508733
2025-02-05 09:00:00,-10.5518633647997,1.22936507152398
2025-02-05 10:00:00,-9.96320494319403,1.21500200639006
2025-02-05 11:00:00,-10.002542073059,1.22580920555303
2025-02-05 12:00:00,-9.84835128928132,1.22170345906637
2025-02-05 13:00:00,-9.48767194897759,1.22095509337047
2025-02-05 14:00:00,-10.0611605171679,1.26613190332004
2025-02-05 15:00:00,-9.33335369821206,1.25029489676252
2025-02-05 16:00:00,-9.37165300640893,1.24185875372555
2025-02-05 17:00:00,-9.77509719095688,1.23684622030469
2025-02-05 18:00:00,-9.47299721616233,1.22228976147057
2025-02-05 19:00:00,-9.30820592292903,1.20719862669393
2025-02-05 20:00:00,-9.7601554829623,1.21928561308128
2025-02-05 21:00:00,-9.43184812838199,1.20424650336409
2025-02-05 22:00:00,-9.78049800096458,1.21555654165526
2025-02-05 23:00:00,-9.69796147091895,1.20244228969639
2025-02-06 00:00:00,-10.4430826348671,1.19252228012023
2025-02-06 01:00:00,-10.7259121317092,1.18479673795785
2025-02-06 02:00:00,-10.5862974307889,1.17099142597473
2025-02-06 03:00:00,-10.967065866363,1.18125209690159
2025-02-06 04:00:00,-10.7223698486505,1.17652027118299
2025-02-06 05:00:00,-10.5435496917183,1.16341413908415
2025-02-06 06:00:00,-11.2907674390182,1.21182921344179
2025-02-06 07:00:00,-10.7546943250016,1.19724775821854
2025-02-06 08:00:00,-10.9365537350548,1.2139009859873
2025-02-06 09:00:00,-10.8345521937834,1.20932348512306
2025-02-06 10:00:00,-10.3091675872567,1.1953401890399
2025-02-06 11:00:00,-10.5053516193854,1.20188870033729
2025-02-06 12:00:00,-10.0928412022875,1.18732957827065
2025-02-06 13:00:00,-9.79080145244828,1.175168141754
2025-02-06 14:00:00,-10.1647586267576,1.17079796615746
2025-02-06 15:00:00,-9.58208691910639,1.16084928607137
2025-02-06 16:00:00,-9.83130620321194,1.15115476592799
2025-02-06 17:00:00,-10.1762964578956,1.13876564579882
2025-02-06 18:00:00,-10.0885024568636,1.12516953882494
2025-02-06 19:00:00,-10.1554793152733,1.11561826963664
2025-02-06 20:00:00,-9.93939906725255,1.10263589322866
2025-02-06 21:00:00,-10.3384267181975,1.11184195510761
2025-02-06 22:00:00,-10.236859062903,1.10284135396781
2025-02-06 23:00:00,-10.3082126917602,1.09245893350315
2025-02-07 00:00:00,-10.850188109917,1.09683281182768
2025-02-07 01:00:00,-11.1100832064116,1.09649676690376
2025-02-07 02:00:00,-10.1075332176947,1.1384081602037
2025-02-07 03:00:00,-10.9216011188371,1.14530137967826
2025-02-07 04:00:00,-10.7104907216327,1.13360027816897
2025-02-07 05:00:00,-10.8041260965853,1.12514318153304
2025-02-07 06:00:00,-11.1848588541652,1.1285831092809
2025-02-07 07:00:00,-10.9370961658803,1.11501354176878
2025-02-07 08:00:00,-10.7036903161362,1.10220936373115
2025-02-07 09:00:00,-10.7524196279977,1.09137811977685
2025-02-07 10:00:00,-11.1945276929518,1.1295878291242
2025-02-07 11:00:00,-10.943037943044,1.13492497104935
2025-02-07 12:00:00,-10.7928640275117,1.13506428810956
2025-02-07 13:00:00,-10.3304661304709,1.13081284753631
2025-02-07 14:00:00,-10.0215575026848,1.12146718973713
2025-02-07 15:00:00,-9.77505972172841,1.1093880935842
2025-02-07 16:00:00,-9.53213054925,1.10851621170337
2025-02-07 17:00:00,-10.3101691952702,1.09969905067034
2025-02-07 18:00:00,-10.1900750163963,1.08879808085422
2025-02-07 19:00:00,-10.1796283619386,1.07593118822759
2025-02-07 20:00:00,-10.305755167151,1.06564269645419
2025-02-07 21:00:00,-10.2101039964009,1.05322386262131
2025-02-07 22:00:00,-10.300922444291,1.04329761519009
2025-02-07 23:00:00,-10.8069095446723,1.05707323798475
2025-02-08 00:00:00,-10.6213944343476,1.06003128617955
2025-02-08 01:00:00,-11.0670103534773,1.08389641374182
2025-02-08 02:00:00,-10.5532354492605,1.07122768484027
2025-02-08 03:00:00,-10.9250619554227,1.08372688412121
2025-02-08 04:00:00,-10.7029915839625,1.08282035083504
2025-02-08 05:00:00,-10.9418136919247,1.10441672810974
2025-02-08 06:00:00,-10.9453040431568,1.10093677209373
2025-02-08 07:00:00,-11.2312077647495,1.12572916558125
2025-02-08 08:00:00,-10.7463453283642,1.11697145312477
2025-02-08 09:00:00,-10.9989663735598,1.14061633371462
2025-02-08 10:00:00,-11.1591581789104,1.18986819735433
2025-02-08 11:00:00,-10.72819994173,1.19332369374771
2025-02-08 12:00:00,-10.7199382445111,1.2123533642777
2025-02-08 13:00:00,-10.2841106038962,1.22157005722472
2025-02-08 14:00:00,-10.5596539334275,1.24203578416868
2025-02-08 15:00:00,-10.1819766508015,1.23738866540848
2025-02-08 16:00:00,-10.2195715601763,1.24173613470798
2025-02-08 17:00:00,-10.689224282081,1.25889813073145
2025-02-08 18:00:00,-10.9934254877889,1.30449084039794
2025-02-08 19:00:00,-10.7694271592641,1.31966401964426
2025-02-08 20:00:00,-10.5897100018618,1.32310549976633
2025-02-08 21:00:00,-10.9929223802369,1.40118776151911
2025-02-08 22:00:00,-10.7516436245676,1.41405515983324
2025-02-08 23:00:00,-10.9313630419994,1.44246185491106
2025-02-09 00:00:00,-12.5074665426826,1.45145975480115
2025-02-09 01:00:00,-12.368970084448,1.43519258656898
2025-02-09 02:00:00,-11.7146352893055,1.4333100702984
2025-02-09 03:00:00,-12.1200597215108,1.41931712258203
2025-02-09 04:00:00,-11.7114477609376,1.40314947396481
2025-02-09 05:00:00,-11.9257700695469,1.38670045199876
2025-02-09 06:00:00,-12.2165546122642,1.37183319468305
2025-02-09 07:00:00,-12.1689725060399,1.354184784591
2025-02-09 08:00:00,-12.2720281869301,1.3506751637001
2025-02-09 09:00:00,-12.219410740218,1.33808333142427
2025-02-09 10:00:00,-11.9518094201348,1.32129297149829
2025-02-09 11:00:00,-11.9165905819142,1.31177152440885
2025-02-09 12:00:00,-11.7020457114989,1.29544726813973
2025-02-09 13:00:00,-11.4818224462972,1.28674467077453
2025-02-09 14:00:00,-11.3861200632916,1.2714440931667
2025-02-09 15:00:00,-11.6280062620175,1.27471393849572
2025-02-09 16:00:00,-11.3651348437815,1.25868120102172
2025-02-09 17:00:00,-12.1759216738759,1.27972673942288
2025-02-09 18:00:00,-11.5418472043004,1.27357119295014
2025-02-09 19:00:00,-11.6743243845925,1.26131374651815
2025-02-09 20:00:00,-11.8165443317952,1.25419835436243
2025-02-09 21:00:00,-11.4210437265247,1.24100479388268
2025-02-09 22:00:00,-10.8291881860489,1.26869322758086
2025-02-09 23:00:00,-10.9226461999387,1.27708286126856
2025-02-10 00:00:00,-11.1141059090084,1.27191942588054
2025-02-10 01:00:00,-11.200076885409,1.25728785995419
2025-02-10 02:00:00,-10.7729006545334,1.26978636819546
2025-02-10 03:00:00,-11.1384321729353,1.25392938880496
2025-02-10 04:00:00,-10.7956024170798,1.24810172837009
2025-02-10 05:00:00,-11.3724200203174,1.24375984032714
2025-02-10 06:00:00,-10.9935007627588,1.25088719736618
2025-02-10 07:00:00,-11.6032750528049,1.24536320473034
2025-02-10 08:00:00,-11.576503246687,1.2384253945131
2025-02-10 09:00:00,-11.1097108616684,1.22970729729118
2025-02-10 10:00:00,-11.1997419275605,1.21579826745012
2025-02-10 11:00:00,-11.2273002593429,1.20786586097405
2025-02-10 12:00:00,-11.212054233096,1.19897253391265
2025-02-10 13:00:00,-10.8180373990763,1.18838616893552
2025-02-10 14:00:00,-10.802943946308,1.17384307788759
2025-02-10 15:00:00,-10.2035754248127,1.17691600295428
2025-02-10 16:00:00,-10.6675725314462,1.16820366373363
2025-02-10 17:00:00,-11.3057894595738,1.1690745821277
2025-02-10 18:00:00,-11.008545546498,1.15598578888102
2025-02-10 19:00:00,-10.9251790675482,1.14215738092223
2025-02-10 20:00:00,-11.296813013352,1.15067852958703
2025-02-10 21:00:00,-11.2622087645487,1.14715590116808
2025-02-10 22:00:00,-11.0131837297363,1.1336196247178
2025-02-10 23:00:00,-11.2808188404094,1.12798626036804
2025-02-11 00:00:00,-10.9739283633244,1.12241080921139
2025-02-11 01:00:00,-11.1593482936258,1.11310231271513
2025-02-11 02:00:00,-11.4833315828674,1.13108767445415
2025-02-11 03:00:00,-11.1100506927148,1.11748725203419
2025-02-11 04:00:00,-11.2627931771561,1.13020755628179
2025-02-11 05:00:00,-11.1248605696292,1.12097696575307
2025-02-11 06:00:00,-11.3173300194033,1.11514881605653
2025-02-11 07:00:00,-11.6930454397161,1.1386590089771
2025-02-11 08:00:00,-11.4420821458183,1.14323245796107
2025-02-11 09:00:00,-11.3820388980503,1.1450723362422
2025-02-11 10:00:00,-11.1747120940176,1.14032422436448
2025-02-11 11:00:00,-11.0573694920504,1.14300095364384
2025-02-11 12:00:00,-11.2492291933733,1.17277827536057
2025-02-11 13:00:00,-10.5137708002514,1.16155318066736
2025-02-11 14:00:00,-10.5979701247529,1.15087159900032
2025-02-11 15:00:00,-10.1990968497734,1.13704104867453
2025-02-11 16:00:00,-10.2206728352166,1.12384417215447
2025-02-11 17:00:00,-10.9125245229703,1.13001756756855
2025-02-11 18:00:00,-10.8290098838779,1.11887869333451
2025-02-11 19:00:00,-10.4608849368765,1.10603682450367
2025-02-11 20:00:00,-10.5979545732767,1.09705667334093
2025-02-11 21:00:00,-10.5292402731024,1.0851311925352
2025-02-11 22:00:00,-10.4456696103706,1.07239570159014
2025-02-11 23:00:00,-10.5193441999233,1.05978927947826
2025-02-12 00:00:00,-11.4342564150826,1.07075547214526
2025-02-12 01:00:00,-11.4221012041295,1.05837271916491
2025-02-12 02:00:00,-11.3398694765117,1.0461306507883
2025-02-12 03:00:00,-11.4301167470463,1.03528912693848
2025-02-12 04:00:00,-10.9480117594169,1.02794108407183
2025-02-12 05:00:00,-11.4835597022054,1.03548637518382
2025-02-12 06:00:00,-11.6314649053634,1.02793576575638
2025-02-12 07:00:00,-11.7051053225667,1.02153430830374
2025-02-12 08:00:00,-11.3033983460659,1.00976955450219
2025-02-12 09:00:00,-11.5701470954817,1.0125664317811
2025-02-12 10:00:00,-11.2711899634879,1.00138396075978
2025-02-12 11:00:00,-11.2949502465811,1.00257019265324
2025-02-12 12:00:00,-11.2529995068574,1.00051553384311
2025-02-12 13:00:00,-10.9764163491713,1.00522591818106
2025-02-12 14:00:00,-9.77047809065459,1.12475191459453
2025-02-12 15:00:00,-10.2994722311118,1.11244375233686
2025-02-12 16:00:00,-10.2199409684353,1.10471782070624
2025-02-12 17:00:00,-10.447644229172,1.10217289126219
2025-02-12 18:00:00,-10.4792649732598,1.09912722559533
2025-02-12 19:00:00,-10.7364822621008,1.08669489082221
2025-02-12 20:00:00,-10.8342041568854,1.07459101847839
2025-02-12 21:00:00,-10.7441570053354,1.06197356694952
2025-02-12 22:00:00,-10.6163980723926,1.05131794837036
2025-02-12 23:00:00,-10.5492610894236,1.0489184628967
2025-02-13 00:00:00,-9.99299326003627,1.04486953299427
2025-02-13 01:00:00,-10.4263497512103,1.04230595622824
2025-02-13 02:00:00,-10.5519915242782,1.04318900067821
2025-02-13 03:00:00,-10.5975098207631,1.04087372900074
2025-02-13 04:00:00,-11.1378591441236,1.1491747413068
2025-02-13 05:00:00,-10.6749977209655,1.14443438221956
2025-02-13 06:00:00,-10.7541444557254,1.14414881159122
2025-02-13 07:00:00,-10.3254531889091,1.13183715389278
2025-02-13 08:00:00,-10.5002129498686,1.13865711009363
2025-02-13 09:00:00,-10.5795190002849,1.14192541527828
2025-02-13 10:00:00,-11.0738382825718,1.23236512203613
2025-02-13 11:00:00,-10.592711936314,1.2395792835722
2025-02-13 12:00:00,-10.1055916243233,1.22593635385984
2025-02-13 13:00:00,-9.92345831886223,1.23523715980478
2025-02-13 14:00:00,-9.918055870065,1.22403996365591
2025-02-13 15:00:00,-9.47370704571527,1.20895780179417
2025-02-13 16:00:00,-9.49133419829348,1.19479412111184
2025-02-13 17:00:00,-10.1876955237476,1.20174449599544
2025-02-13 18:00:00,-10.1656452098281,1.19283677658966
2025-02-13 19:00:00,-9.91536819746012,1.17950260034573
2025-02-13 20:00:00,-10.2438260138359,1.19614202416217
2025-02-13 21:00:00,-10.2555891498189,1.20385554050991
2025-02-13 22:00:00,-10.232055371774,1.20792664840018
2025-02-13 23:00:00,-10.6620280705779,1.24931751943372
2025-02-14 00:00:00,-11.7853841262148,1.30653795388011
2025-02-14 01:00:00,-11.3429467192163,1.29015956714107
2025-02-14 02:00:00,-11.1782528856559,1.27498908087597
2025-02-14 03:00:00,-11.2608818286732,1.26318888299295
2025-02-14 04:00:00,-10.827058137782,1.24785163653892
2025-02-14 05:00:00,-11.2667283969663,1.25385853365779
2025-02-14 06:00:00,-11.4093877529164,1.24518326187074
2025-02-14 07:00:00,-11.4598470228177,1.23665385366002
2025-02-14 08:00:00,-11.4766331833846,1.24561072121317
2025-02-14 09:00:00,-11.2215245240398,1.23239844963843
2025-02-14 10:00:00,-11.5092329101444,1.26099363943588
2025-02-14 11:00:00,-11.1889995522924,1.25856166594872
2025-02-14 12:00:00,-11.0457110598889,1.25403164015628
2025-02-14 13:00:00,-10.7703642911211,1.26033828074798
2025-02-14 14:00:00,-10.4321135754864,1.24665541570706
2025-02-14 15:00:00,-10.0532366786012,1.23460225549869
2025-02-14 16:00:00,-10.1217101123294,1.21939237300334
2025-02-14 17:00:00,-10.2869923074164,1.21054213722301
2025-02-14 18:00:00,-10.3257047927295,1.20003767634743
2025-02-14 19:00:00,-10.5371488006625,1.18708299254241
2025-02-14 20:00:00,-10.3486158357695,1.1747377324083
2025-02-14 21:00:00,-10.4258047738299,1.16047171006659
2025-02-14 22:00:00,-10.5141000688232,1.14710423318577
2025-02-14 23:00:00,-10.820877664656,1.13841165605838
2025-02-15 00:00:00,-11.0812577876743,1.15774829544215
2025-02-15 01:00:00,-11.5081360846727,1.18354757419944
2025-02-15 02:00:00,-11.1741254317992,1.17268158305229
2025-02-15 03:00:00,-11.3446576399866,1.17838810778155
2025-02-15 04:00:00,-11.2702460348717,1.19149120089103
2025-02-15 05:00:00,-11.3165997798833,1.20231694633438
2025-02-15 06:00:00,-11.7240279914852,1.24144393486622
2025-02-15 07:00:00,-11.606001439293,1.24672559659697
2025-02-15 08:00:00,-11.4163077011102,1.25869054507468
2025-02-15 09:00:00,-11.3412523881954,1.26350623785172
2025-02-15 10:00:00,-11.5775646417344,1.31854560627058
2025-02-15 11:00:00,-11.2102115062464,1.32811478145074
2025-02-15 12:00:00,-11.0233600933849,1.33172980152411
2025-02-15 13:00:00,-10.8000047345822,1.35817539035909
2025-02-15 14:00:00,-10.9852082040392,1.37534310501134
2025-02-15 15:00:00,-10.6974934226304,1.37793762242146
2025-02-15 16:00:00,-10.9702575818278,1.42187728461652
2025-02-15 17:00:00,-11.3948008614822,1.46375407895386
2025-02-15 18:00:00,-11.0717746749023,1.45553918023473
2025-02-15 19:00:00,-11.1598920536181,1.48250905737592
2025-02-15 20:00:00,-11.2342949649615,1.51526337116877
2025-02-15 21:00:00,-11.1411890611119,1.53366514685239
2025-02-15 22:00:00,-11.4740848156917,1.61397052485191
2025-02-15 23:00:00,-10.970624149315,1.59561250492733
2025-02-16 00:00:00,-13.3787607022367,1.65153213247943
2025-02-16 01:00:00,-12.7822080284202,1.63241805624018
2025-02-16 02:00:00,-13.2047194358525,1.64278084668383
2025-02-16 03:00:00,-12.9056439899605,1.62072307120446
2025-02-16 04:00:00,-13.0280969066177,1.62429203165697
2025-02-16 05:00:00,-13.1210423992667,1.62368277370552
2025-02-16 06:00:00,-13.1045399206642,1.60655532557298
2025-02-16 07:00:00,-13.1139522944716,1.59038004129527
2025-02-16 08:00:00,-12.6600099075721,1.5691085212803
2025-02-16 09:00:00,-12.7990990954578,1.55332238389149
2025-02-16 10:00:00,-12.6665118568269,1.53458091270348
2025-02-16 11:00:00,-12.5636495181045,1.51958653346741
2025-02-16 12:00:00,-12.7331908139954,1.52041610733274
2025-02-16 13:00:00,-12.4047719338483,1.51783006862733
2025-02-16 14:00:00,-12.1106347949613,1.49933199015572
2025-02-16 15:00:00,-12.0240959898483,1.48115282656429
2025-02-16 16:00:00,-12.1370610260759,1.46633880329774
2025-02-16 17:00:00,-12.474157270943,1.45008092325041
2025-02-16 18:00:00,-12.4790635427398,1.43236188506587
2025-02-16 19:00:00,-12.230817050968,1.41372515897489
2025-02-16 20:00:00,-12.1373481959508,1.3954698169637
2025-02-16 21:00:00,-12.4515386890935,1.39052660971262
2025-02-16 22:00:00,-12.0658196811643,1.37568598342008
2025-02-16 23:00:00,-12.0170110171763,1.36383692300638
2025-02-17 00:00:00,-12.3766952336567,1.34687964532284
2025-02-17 01:00:00,-12.5049557931393,1.33141623204489
2025-02-17 02:00:00,-12.3206973203434,1.32362125312446
2025-02-17 03:00:00,-12.5529032540486,1.30688885468585
2025-02-17 04:00:00,-12.8077129277342,1.30420796314839
2025-02-17 05:00:00,-12.3661756427505,1.29627186111101
2025-02-17 06:00:00,-12.1724625165995,1.30786749279206
2025-02-17 07:00:00,-12.8775131569131,1.30019381099301
2025-02-17 08:00:00,-12.287560671026,1.29715948035894
2025-02-17 09:00:00,-12.1621869248526,1.2925605510153
2025-02-17 10:00:00,-12.4461162218673,1.27753416008587
2025-02-17 11:00:00,-12.2104018380431,1.26227169765921
2025-02-17 12:00:00,-12.1555044987949,1.24677545362304
2025-02-17 13:00:00,-12.0001389626762,1.23420252550851
2025-02-17 14:00:00,-12.4302328485208,1.23042267118038
2025-02-17 15:00:00,-11.4416348971562,1.25622153257939
2025-02-17 16:00:00,-11.5593933075261,1.24507595920458
2025-02-17 17:00:00,-11.9102342268511,1.23551186516179
2025-02-17 18:00:00,-11.9867404278994,1.22557409967026
2025-02-17 19:00:00,-11.818494274534,1.21993744217192
2025-02-17 20:00:00,-12.0467209962835,1.20482961387924
2025-02-17 21:00:00,-11.8180454110637,1.19958704894208
2025-02-17 22:00:00,-11.9763683520201,1.18523544228318
2025-02-17 23:00:00,-12.0747605374684,1.1736862234426
2025-02-18 00:00:00,-11.4076162287523,1.16460083783803
2025-02-18 01:00:00,-11.5435796480271,1.15046139279932
2025-02-18 02:00:00,-11.4137359914603,1.13830373306317
2025-02-18 03:00:00,-11.9167357443877,1.14099523961057
2025-02-18 04:00:00,-11.9257920639881,1.14740004856605
2025-02-18 05:00:00,-11.4740040196681,1.13538590140835
2025-02-18 06:00:00,-11.841242477236,1.12716805547552
2025-02-18 07:00:00,-11.574372945372,1.11723724546374
2025-02-18 08:00:00,-11.4475571956064,1.10385800726896
2025-02-18 09:00:00,-11.5539447095105,1.09174913501401
2025-02-18 10:00:00,-11.5452824188183,1.08136653586064
2025-02-18 11:00:00,-11.4188784322761,1.07186650106353
2025-02-18 12:00:00,-11.6490741443546,1.08231278907892
2025-02-18 13:00:00,-10.9550878214062,1.06959045354163
2025-02-18 14:00:00,-11.3869962898617,1.07256485691567
2025-02-18 15:00:00,-10.5362764544113,1.07923566967103
2025-02-18 16:00:00,-10.8207546136837,1.06784257877249
2025-02-18 17:00:00,-10.8975377422982,1.06261256393412
2025-02-18 18:00:00,-11.1375051184745,1.05018460331105
2025-02-18 19:00:00,-10.7967477667681,1.04719951196616
2025-02-18 20:00:00,-10.7956876039151,1.03833269672597
2025-02-18 21:00:00,-10.7187067671407,1.03204605950144
2025-02-18 22:00:00,-11.0638492443274,1.02235982688304
2025-02-18 23:00:00,-11.3636767918259,1.01417689529103
2025-02-19 00:00:00,-10.99099891614,1.00556461625668
2025-02-19 01:00:00,-11.1635170305296,0.994749309684349
2025-02-19 02:00:00,-11.3083673377272,0.989702071659878
2025-02-19 03:00:00,-11.2953465613208,0.980243758387388
2025-02-19 04:00:00,-11.5041945850903,1.00309334610842
2025-02-19 05:00:00,-11.3169894091695,0.995914078968256
2025-02-19 06:00:00,-11.4848671295654,0.9916297224615
2025-02-19 07:00:00,-11.5209970653318,0.986165868626197
2025-02-19 08:00:00,-11.4682674902098,0.991007009622244
2025-02-19 09:00:00,-11.513330640794,0.996370701228752
2025-02-19 10:00:00,-11.4774405973386,1.00609757334713
2025-02-19 11:00:00,-11.1948444441735,1.00495661220347
2025-02-19 12:00:00,-11.3175905004722,1.0252145733189
2025-02-19 13:00:00,-10.8417459484874,1.0280943541792
2025-02-19 14:00:00,-11.143756052131,1.04446648303104
2025-02-19 15:00:00,-10.120717330225,1.05161519371627
2025-02-19 16:00:00,-10.4251587105553,1.04338450901744
2025-02-19 17:00:00,-11.0407891593698,1.04616947849471
2025-02-19 18:00:00,-10.8986968591612,1.03440672917842
2025-02-19 19:00:00,-10.5891923728495,1.02310418392799
2025-02-19 20:00:00,-10.6445861509586,1.012092951253
2025-02-19 21:00:00,-10.754853808075,1.0049495411458
2025-02-19 22:00:00,-11.1316218785742,1.02554620561323
2025-02-19 23:00:00,-11.2687995559712,1.0312991868008
2025-02-20 00:00:00,-11.3703891341717,1.01945927541259
2025-02-20 01:00:00,-11.7154787849742,1.01519363435235
2025-02-20 02:00:00,-11.7686475104675,1.01130297519272
2025-02-20 03:00:00,-11.5419065810769,0.999826549475287
2025-02-20 04:00:00,-11.528943842551,0.994955743960135
2025-02-20 05:00:00,-11.823130045894,1.00659982082231
2025-02-20 06:00:00,-11.7759564646028,0.996748947887071
2025-02-20 07:00:00,-11.9130697205439,0.993940313019903
2025-02-20 08:00:00,-11.6434062952924,0.985919991426675
2025-02-20 09:00:00,-11.7081499349723,0.983157905163543
2025-02-20 10:00:00,-11.791006600202,0.99334878280169
2025-02-20 11:00:00,-11.7026812444468,1.00601737584969
2025-02-20 12:00:00,-11.8717162838908,1.04477353028366
2025-02-20 13:00:00,-11.1478208462887,1.03863579833537
2025-02-20 14:00:00,-11.2780368274587,1.0356022576215
2025-02-20 15:00:00,-10.4589683268248,1.03863952497941
2025-02-20 16:00:00,-10.7448265758317,1.0290579390202
2025-02-20 17:00:00,-10.9230414008095,1.01862256278738
2025-02-20 18:00:00,-11.2963481883501,1.01436748712873
2025-02-20 19:00:00,-10.9342547424477,1.00418514457772
2025-02-20 20:00:00,-11.2764277920563,1.00696840248267
2025-02-20 21:00:00,-11.1288817287213,0.996826837103856
2025-02-20 22:00:00,-11.3384250721671,1.00054006107519
2025-02-20 23:00:00,-11.4557538837128,0.997051453130556
2025-02-21 00:00:00,-11.7982995872479,0.996343908436325
2025-02-21 01:00:00,-11.8677858849239,0.986601919730556
2025-02-21 02:00:00,-11.9111371834987,0.980407533228589
2025-02-21 03:00:00,-12.0086254626965,0.976211167542329
2025-02-21 04:00:00,-12.0281098812651,0.987037822657871
2025-02-21 05:00:00,-12.0245081888446,0.988731120578162
2025-02-21 06:00:00,-12.4056615849599,1.01103893287477
2025-02-21 07:00:00,-12.6836478789295,1.05352979268883
2025-02-21 08:00:00,-11.7738735003297,1.04256120767235
2025-02-21 09:00:00,-12.3691915318376,1.09440032264629
2025-02-21 10:00:00,-10.8527997099231,1.17036089024222
2025-02-21 11:00:00,-11.7602950603918,1.21167745889308
2025-02-21 12:00:00,-11.7514627345282,1.21319624140002
2025-02-21 13:00:00,-11.0847369686028,1.19868452906271
2025-02-21 14:00:00,-11.1474500896889,1.18402836252083
2025-02-21 15:00:00,-10.6070137844384,1.18060260602725
2025-02-21 16:00:00,-10.1915303746192,1.20767900213279
2025-02-21 17:00:00,-10.8200199355335,1.19599583847741
2025-02-21 18:00:00,-10.9692762920863,1.18499966886356
2025-02-21 19:00:00,-10.8944374112967,1.17429325105476
2025-02-21 20:00:00,-10.4783252287968,1.19811500139641
2025-02-21 21:00:00,-11.0110343864107,1.1851481033277
2025-02-21 22:00:00,-10.9672137267311,1.17205570779687
2025-02-21 23:00:00,-11.3524930402562,1.16016373657086
2025-02-22 00:00:00,-10.4503374860975,1.14746416530562
2025-02-22 01:00:00,-11.1257014909828,1.16536450109225
2025-02-22 02:00:00,-11.2396297852605,1.17745105996131
2025-02-22 03:00:00,-10.9025105579345,1.16339896750132
2025-02-22 04:00:00,-11.0992572487774,1.18700200937694
2025-02-22 05:00:00,-11.1044631896719,1.19270870527947
2025-02-22 06:00:00,-11.4865249155684,1.22267514310679
2025-02-22 07:00:00,-11.3701089690967,1.22353437573274
2025-02-22 08:00:00,-11.3346752293909,1.24861840086094
2025-02-22 09:00:00,-11.2725382644486,1.26010157372989
2025-02-22 10:00:00,-11.0472840373501,1.26094746025464
2025-02-22 11:00:00,-11.1484989876254,1.30187598060746
2025-02-22 12:00:00,-11.7168212330971,1.46273862264645
2025-02-22 13:00:00,-10.5060104554871,1.44743343259084
2025-02-22 14:00:00,-10.7767394218056,1.46250695299133
2025-02-22 15:00:00,-10.9236665373212,1.5209754367252
2025-02-22 16:00:00,-10.943461963362,1.56220106617552
2025-02-22 17:00:00,-11.206858184173,1.58968625399556
2025-02-22 18:00:00,-11.2117168115167,1.61216164652969
2025-02-22 19:00:00,-10.8549494692846,1.60721941865291
2025-02-22 20:00:00,-11.2335437025216,1.67495123494635
2025-02-22 21:00:00,-11.1025943316008,1.6997278193187
2025-02-22 22:00:00,-11.4829424771301,1.80596512537574
2025-02-22 23:00:00,-11.9640985965384,1.96565974638501
2025-02-23 00:00:00,-13.6778777946599,2.00451566601301
2025-02-23 01:00:00,-13.087392751023,1.97657545957975
2025-02-23 02:00:00,-13.1147789001182,1.96360913268266
2025-02-23 03:00:00,-13.0319677994566,1.94158717854913
2025-02-23 04:00:00,-12.7625664793797,1.91824390054062
2025-02-23 05:00:00,-13.0307779624579,1.91524444002835
2025-02-23 06:00:00,-13.216497382699,1.90428445911274
2025-02-23 07:00:00,-12.9089403327255,1.87764232620899
2025-02-23 08:00:00,-12.5163049822425,1.85210991860207
2025-02-23 09:00:00,-12.9850508521277,1.85205447082848
2025-02-23 10:00:00,-12.8600549983311,1.83566550175339
2025-02-23 11:00:00,-12.7095399726626,1.82201005022364
2025-02-23 12:00:00,-13.0719092927298,1.859823144244
2025-02-23 13:00:00,-11.9088497761251,1.83845772909367
2025-02-23 14:00:00,-12.3626101273471,1.82532286727396
2025-02-23 15:00:00,-11.9193170276973,1.80027857603204
2025-02-23 16:00:00,-11.9927080237367,1.77698174278884
2025-02-23 17:00:00,-12.451726419752,1.75770331149044
2025-02-23 18:00:00,-11.9334648346866,1.75284547179658
2025-02-23 19:00:00,-12.1311534384613,1.72970086668465
2025-02-23 20:00:00,-12.644419977414,1.73882559909157
2025-02-23 21:00:00,-12.5234742278677,1.72271016935093
2025-02-23 22:00:00,-12.5483730785969,1.71072761573851
2025-02-23 23:00:00,-12.2963724693335,1.68824410103488
2025-02-24 00:00:00,-12.0655198057999,1.67804514052773
2025-02-24 01:00:00,-12.3427497221447,1.65851436516695
2025-02-24 02:00:00,-12.2784863608831,1.64370205989732
2025-02-24 03:00:00,-12.2470313407396,1.63281439884226
2025-02-24 04:00:00,-12.2003416626537,1.61316801295403
2025-02-24 05:00:00,-12.2211238574422,1.59598161387479
2025-02-24 06:00:00,-12.5258833126355,1.57524525795021
2025-02-24 07:00:00,-12.7015771840314,1.55415674048812
2025-02-24 08:00:00,-12.4957938494538,1.53385397152259
2025-02-24 09:00:00,-12.3459682901481,1.51793669942554
2025-02-24 10:00:00,-11.8566709254524,1.53093820776815
2025-02-24 11:00:00,-12.0087421937325,1.5111966875485
2025-02-24 12:00:00,-11.9978551865626,1.49315985184979
2025-02-24 13:00:00,-11.9675525883099,1.47775058599569
2025-02-24 14:00:00,-11.8509942353716,1.46499977826399
2025-02-24 15:00:00,-11.3227390461814,1.47529071847446
2025-02-24 16:00:00,-11.0266300788279,1.50933802252008
2025-02-24 17:00:00,-11.5583193935575,1.50652003871474
2025-02-24 18:00:00,-11.7095816851462,1.50176058024877
2025-02-24 19:00:00,-11.902871088807,1.48300160791336
2025-02-24 20:00:00,-11.535088548404,1.49645679604301
2025-02-24 21:00:00,-11.4268517792314,1.5047865209075
2025-02-24 22:00:00,-11.6474951208074,1.49174178826047
2025-02-24 23:00:00,-11.2949111213353,1.54909426353016
2025-02-25 00:00:00,-9.39411323421814,1.56357112070322
2025-02-25 01:00:00,-10.074226190484,1.54520499881156
2025-02-25 02:00:00,-10.2209961860567,1.52774217894192
2025-02-25 03:00:00,-10.5505090295412,1.50798184365213
2025-02-25 04:00:00,-10.4950018343019,1.48927097832808
2025-02-25 05:00:00,-10.5586808671747,1.47069547238007
2025-02-25 06:00:00,-11.1088508728278,1.47444778022057
2025-02-25 07:00:00,-10.7897090629872,1.45550061322987
2025-02-25 08:00:00,-9.84078523745227,1.4911471748227
2025-02-25 09:00:00,-10.5541760065667,1.48151356831863
2025-02-25 10:00:00,-10.1002605544132,1.47273703678341
2025-02-25 11:00:00,-9.47935399370637,1.49878996172399
2025-02-25 12:00:00,-9.86266336548383,1.47905631685091
2025-02-25 13:00:00,-9.74450475573019,1.46023116854225
2025-02-25 14:00:00,-10.1502652734727,1.44540160342704
2025-02-25 15:00:00,-9.35546828300585,1.45738247220583
2025-02-25 16:00:00,-9.40434758840861,1.4457969019705
2025-02-25 17:00:00,-9.96344417077936,1.42718862174475
2025-02-25 18:00:00,-10.0665467825448,1.40944411727605
2025-02-25 19:00:00,-9.93893724157008,1.39296279372363
2025-02-25 20:00:00,-9.86836891279893,1.37771233133823
2025-02-25 21:00:00,-9.77542040287652,1.36459174191053
2025-02-25 22:00:00,-10.053618904115,1.34822488253675
2025-02-25 23:00:00,-10.167249834369,1.33102725605307
2025-02-26 00:00:00,-9.57787495196107,1.33509832205831
2025-02-26 01:00:00,-10.2106814599354,1.36891445281127
2025-02-26 02:00:00,-9.9781508167411,1.36062032404742
2025-02-26 03:00:00,-10.0007473363432,1.35652176767118
2025-02-26 04:00:00,-10.0223663351833,1.37520022827036
2025-02-26 05:00:00,-9.97823820763592,1.37754924328554
2025-02-26 06:00:00,-10.0985936796633,1.37601323871071
2025-02-26 07:00:00,-10.2015041526123,1.38012547329737
2025-02-26 08:00:00,-9.74306167911362,1.36507583039213
2025-02-26 09:00:00,-9.82000081228562,1.36031668402766
2025-02-26 10:00:00,-9.83199994302133,1.36298361672968
2025-02-26 11:00:00,-9.90879970280197,1.39174236209014
2025-02-26 12:00:00,-9.86211778502764,1.41057370290626
2025-02-26 13:00:00,-9.1954365975025,1.40034589690394
2025-02-26 14:00:00,-9.30146442235434,1.3907438250192
2025-02-26 15:00:00,-8.55616854663107,1.38221659334699
2025-02-26 16:00:00,-8.99727676575612,1.37859192299072
2025-02-26 17:00:00,-9.36884967185153,1.36703449872517
2025-02-26 18:00:00,-9.19381302144019,1.34947526370728
2025-02-26 19:00:00,-8.37144207047863,1.38167496553147
2025-02-26 20:00:00,-9.10401874477087,1.37863315618574
2025-02-26 21:00:00,-8.57347636197954,1.37945103193989
2025-02-26 22:00:00,-8.76550092084498,1.36179720536707
2025-02-26 23:00:00,-9.25768798810903,1.35130306004927
2025-02-27 00:00:00,-9.46254245200486,1.35294914621752
2025-02-27 01:00:00,-9.5192081460425,1.33731511379316
2025-02-27 02:00:00,-9.43671634033453,1.32117356791385
2025-02-27 03:00:00,-9.66127806534764,1.31455554632469
2025-02-27 04:00:00,-9.53437367897624,1.30809499985182
2025-02-27 05:00:00,-9.64463138065431,1.30656486636035
2025-02-27 06:00:00,-9.73291854655399,1.29631832283517
2025-02-27 07:00:00,-9.81485955777396,1.28924636724954
2025-02-27 08:00:00,-9.64953094734958,1.28364707856558
2025-02-27 09:00:00,-9.87367466070436,1.29976066111507
2025-02-27 10:00:00,-9.82176170981575,1.31207025033996
2025-02-27 11:00:00,-9.33710806250839,1.29894353729855
2025-02-27 12:00:00,-9.62745516483465,1.32932420484916
2025-02-27 13:00:00,-9.08289285995947,1.32595713835367
2025-02-27 14:00:00,-9.00334654576534,1.31080061078568
2025-02-27 15:00:00,-8.65149419304386,1.2942136280144
2025-02-27 16:00:00,-8.89568479292445,1.29017603697283
2025-02-27 17:00:00,-9.32210689681355,1.28649682345498
2025-02-27 18:00:00,-9.459434070965,1.28657182403522
2025-02-27 19:00:00,-9.37617575247202,1.28605861732017
2025-02-27 20:00:00,-9.26419295969969,1.27907524310201
2025-02-27 21:00:00,-9.07433048607143,1.26572859999798
2025-02-27 22:00:00,-9.04931851112086,1.25386100997518
2025-02-27 23:00:00,-9.47287561353305,1.26413531392343
2025-02-28 00:00:00,-10.4689317876014,1.27600310037571
2025-02-28 01:00:00,-10.2565304137346,1.25995122005094
2025-02-28 02:00:00,-9.07140621977959,1.37070445268712
2025-02-28 03:00:00,-9.22647753065418,1.38557029175916
2025-02-28 04:00:00,-9.55173390212779,1.36800444197828
2025-02-28 05:00:00,-9.47730602435468,1.3630254640206
2025-02-28 06:00:00,-9.79067201827264,1.34881324432201
2025-02-28 07:00:00,-10.0481531983709,1.33158189537228
2025-02-28 08:00:00,-9.7522129761719,1.31884578559738
2025-02-28 09:00:00,-9.66997609922485,1.30810953559158
2025-02-28 10:00:00,-9.46184002849025,1.30256751277321
2025-02-28 11:00:00,-9.60922265279839,1.28638044540587
2025-02-28 12:00:00,-9.83558637450407,1.27640954009391
2025-02-28 13:00:00,-9.40383117750135,1.26097774236889
2025-02-28 14:00:00,-9.54108171050528,1.24529166015039
2025-02-28 15:00:00,-8.92616128028479,1.24888430128332
2025-02-28 16:00:00,-9.11144277640847,1.23386055255957
2025-02-28 17:00:00,-9.4608120446723,1.22027702710691
2025-02-28 18:00:00,-9.69428842024119,1.20538891782555
2025-02-28 19:00:00,-9.20581964454252,1.20906489044064
2025-02-28 20:00:00,-9.76568311935473,1.20629038079395
2025-02-28 21:00:00,-9.39609151920716,1.19672623391788
2025-02-28 22:00:00,-9.94685162510171,1.20590048630937
2025-02-28 23:00:00,-10.1350277718955,1.20206862103969
2025-03-01 00:00:00,-9.07154375397132,1.20537470791604
2025-03-01 01:00:00,-9.69192454855597,1.25326462546503
2025-03-01 02:00:00,-9.31918896303067,1.24327047350383
2025-03-01 03:00:00,-9.09963245421808,1.22858173955495
2025-03-01 04:00:00,-9.02433019331037,1.22296546642755
2025-03-01 05:00:00,-9.00265080649528,1.21254395579444
2025-03-01 06:00:00,-9.50482862418747,1.23057001102673
2025-03-01 07:00:00,-9.36775907786507,1.2210513693013
2025-03-01 08:00:00,-9.73855221501497,1.29032042439176
2025-03-01 09:00:00,-9.60398265042651,1.30727997519915
2025-03-01 10:00:00,-9.48103155087529,1.32680086103623
2025-03-01 11:00:00,-9.29135597476812,1.34538943063869
2025-03-01 12:00:00,-9.20662114564349,1.36180430675485
2025-03-01 13:00:00,-8.83845839063702,1.37940194336676
2025-03-01 14:00:00,-9.21569570584757,1.42267784237681
2025-03-01 15:00:00,-9.10121068939034,1.46179902554571
2025-03-01 16:00:00,-9.03269170967929,1.48660508737097
2025-03-01 17:00:00,-9.41708939172821,1.52142426729527
2025-03-01 18:00:00,-9.46301251979016,1.55074736597307
2025-03-01 19:00:00,-9.49841014390276,1.60361110181804
2025-03-01 20:00:00,-9.47353502801555,1.64844097796408
2025-03-01 21:00:00,-9.90910420996663,1.79955805133012
2025-03-01 22:00:00,-9.22854474670712,1.79196106460736
2025-03-01 23:00:00,-9.21133337872704,1.79154387296201
2025-03-02 00:00:00,-11.2085588012576,1.80593524875149
2025-03-02 01:00:00,-10.9320624429967,1.78111779485357
2025-03-02 02:00:00,-11.027051259777,1.76685492193453
2025-03-02 03:00:00,-10.7655316135894,1.74272963105546
2025-03-02 04:00:00,-10.5305837733444,1.71884660078422
2025-03-02 05:00:00,-10.8387459074379,1.70688504594585
2025-03-02 06:00:00,-11.2044987977475,1.70191695238599
2025-03-02 07:00:00,-10.763393506623,1.68200914670527
2025-03-02 08:00:00,-11.0499377144577,1.68593321952033
2025-03-02 09:00:00,-10.750600831562,1.66305977460222
2025-03-02 10:00:00,-10.7953349831822,1.64919527366161
2025-03-02 11:00:00,-10.9922709278504,1.66828350178859
2025-03-02 12:00:00,-10.93550657855,1.67215172206843
2025-03-02 13:00:00,-10.4792521729859,1.66727632161502
2025-03-02 14:00:00,-10.6064018245083,1.65871930275279
2025-03-02 15:00:00,-9.7533960471858,1.64833456156537
2025-03-02 16:00:00,-9.08423565543549,1.69272636029377
2025-03-02 17:00:00,-9.25913431075681,1.72524901421667
2025-03-02 18:00:00,-9.49195683811521,1.72677127255862
2025-03-02 19:00:00,-9.74760534805106,1.70635539225851
2025-03-02 20:00:00,-10.4603065053455,1.70693250761032
2025-03-02 21:00:00,-10.1634746555926,1.68408774679514
2025-03-02 22:00:00,-10.0108088287298,1.66290263245976
2025-03-02 23:00:00,-10.6266270773413,1.6588794741825
2025-03-03 00:00:00,-8.74157479173657,1.6469469742517
2025-03-03 01:00:00,-9.59072337748657,1.65218452512162
2025-03-03 02:00:00,-9.493073579951,1.63310422572077
2025-03-03 03:00:00,-9.50775477726298,1.6144222532204
2025-03-03 04:00:00,-9.37086855844939,1.5989974482768
2025-03-03 05:00:00,-10.0401039894545,1.66290318892484
2025-03-03 06:00:00,-10.1576501575696,1.67783562348917
2025-03-03 07:00:00,-9.36266280874901,1.66323864502891
2025-03-03 08:00:00,-9.37685834435816,1.6469773378331
2025-03-03 09:00:00,-9.31538535040943,1.62610236980869
2025-03-03 10:00:00,-9.57872815015802,1.63244640907664
2025-03-03 11:00:00,-9.18028014855882,1.61294074534023
2025-03-03 12:00:00,-9.34168407523253,1.61479687478404
2025-03-03 13:00:00,-9.16489914618681,1.63059530924561
2025-03-03 14:00:00,-9.11814589008931,1.6161602709877
2025-03-03 15:00:00,-8.13113136416065,1.6222200541559
2025-03-03 16:00:00,-8.3817651659157,1.60050353491855
2025-03-03 17:00:00,-9.17481230767429,1.59810379260449
2025-03-03 18:00:00,-9.26673177294565,1.58572507125449
2025-03-03 19:00:00,-8.49505600562469,1.58282484119309
2025-03-03 20:00:00,-8.61738928145967,1.56162200173849
2025-03-03 21:00:00,-8.81613338708079,1.54392833706414
2025-03-03 22:00:00,-8.97588561340162,1.5305091780055
2025-03-03 23:00:00,-9.09965794108859,1.51362901201024
2025-03-04 00:00:00,-9.46588121696037,1.51291469235558
2025-03-04 01:00:00,-9.56951650836524,1.49703332255758
2025-03-04 02:00:00,-8.71251197861062,1.52340514760227
2025-03-04 03:00:00,-9.05296843467569,1.50339876627194
2025-03-04 04:00:00,-9.25442236177727,1.49048778143059
2025-03-04 05:00:00,-9.51300485872151,1.48453168083069
2025-03-04 06:00:00,-9.54966892579411,1.46648463201293
2025-03-04 07:00:00,-9.64378730852841,1.45160598281887
2025-03-04 08:00:00,-9.46635031445535,1.43714294976786
2025-03-04 09:00:00,-9.3798739167274,1.4199479046776
2025-03-04 10:00:00,-9.53027580818224,1.41958876388038
2025-03-04 11:00:00,-9.69784042504245,1.45061908554285
2025-03-04 12:00:00,-9.41262825737386,1.44320687197874
2025-03-04 13:00:00,-8.97306798860362,1.4365942040385
2025-03-04 14:00:00,-9.00607870714815,1.42166047086553
2025-03-04 15:00:00,-8.09904309402609,1.43353016463343
2025-03-04 16:00:00,-8.59211740531148,1.42102588212099
2025-03-04 17:00:00,-8.94674171165702,1.40323472409844
2025-03-04 18:00:00,-8.89120746979754,1.38526578826845
2025-03-04 19:00:00,-8.85752737568626,1.36784860928006
2025-03-04 20:00:00,-8.83806184585416,1.35058036780015
2025-03-04 21:00:00,-8.7249121277476,1.33336947202698
2025-03-04 22:00:00,-8.61042856101922,1.317836709239
2025-03-04 23:00:00,-9.61733130192231,1.37282562476653
2025-03-05 00:00:00,-9.41198851926578,1.37695912134747
2025-03-05 01:00:00,-9.43376653980137,1.36540785904934
2025-03-05 02:00:00,-9.53806153376162,1.36624662574952
2025-03-05 03:00:00,-9.34350541440249,1.35040272874508
2025-03-05 04:00:00,-9.02934737327929,1.33383176825275
2025-03-05 05:00:00,-9.69731153832008,1.3844514699256
2025-03-05 06:00:00,-9.82452147952432,1.39377950439836
2025-03-05 07:00:00,-10.0803680980262,1.43169934872868
2025-03-05 08:00:00,-10.0055989135754,1.47743037197272
2025-03-05 09:00:00,-10.0077156919807,1.51758303016784
2025-03-05 10:00:00,-9.21461953930809,1.49752217423872
2025-03-05 11:00:00,-8.56300509112236,1.48295128342231
2025-03-05 12:00:00,-9.18655438129624,1.51068382790897
2025-03-05 13:00:00,-8.57872046337714,1.49394385822547
2025-03-05 14:00:00,-8.74194050935432,1.47943334060632
2025-03-05 15:00:00,-8.31085865262011,1.46025276513726
2025-03-05 16:00:00,-8.56982804966814,1.4511977373494
2025-03-05 17:00:00,-8.94760048719095,1.439173314102
2025-03-05 18:00:00,-8.84690592658156,1.42093223582462
2025-03-05 19:00:00,-8.70196773976864,1.40323370819687
2025-03-05 20:00:00,-8.88667075143258,1.39649313318383
2025-03-05 21:00:00,-9.06237409112871,1.40182572898384
2025-03-05 22:00:00,-9.17955099740862,1.41237115587293
2025-03-05 23:00:00,-9.6781641838279,1.47026125171771
2025-03-06 00:00:00,-10.1884182714374,1.47262354567027
2025-03-06 01:00:00,-10.1961200596479,1.46265386399164
2025-03-06 02:00:00,-9.23323147726202,1.48638729582299
2025-03-06 03:00:00,-9.76559904595399,1.47175082888972
2025-03-06 04:00:00,-9.96674545550005,1.4737754053428
2025-03-06 05:00:00,-9.92986860674544,1.46069536080316
2025-03-06 06:00:00,-10.3244279051797,1.46632451767763
2025-03-06 07:00:00,-10.2974427710464,1.45741023219535
2025-03-06 08:00:00,-10.1796277656336,1.45716758796496
2025-03-06 09:00:00,-9.913801125549,1.43979692462872
2025-03-06 10:00:00,-9.80045981092046,1.42559538678234
2025-03-06 11:00:00,-9.64552819470386,1.41295073482345
2025-03-06 12:00:00,-9.90914370799198,1.42930905001007
2025-03-06 13:00:00,-8.90441346897191,1.41512598542266
2025-03-06 14:00:00,-9.458456291755,1.41297679172383
2025-03-06 15:00:00,-9.02530771469187,1.39468583312733
2025-03-06 16:00:00,-8.94697452022477,1.37665555929598
2025-03-06 17:00:00,-9.36099673048449,1.35979174217367
2025-03-06 18:00:00,-9.37447487772142,1.34234531709688
2025-03-06 19:00:00,-9.42813208845712,1.32916754901264
2025-03-06 20:00:00,-9.0861005909013,1.31584233926854
2025-03-06 21:00:00,-9.32292964467005,1.30374965576052
2025-03-06 22:00:00,-9.36135193564749,1.28978842363832
2025-03-06 23:00:00,-9.44713638853301,1.27418561794983
2025-03-07 00:00:00,-9.62108526273138,1.26173624923907
2025-03-07 01:00:00,-8.82076269377929,1.33858642434174
2025-03-07 02:00:00,-9.00561774652248,1.33688465993731
2025-03-07 03:00:00,-9.68530587128634,1.32463850430973
2025-03-07 04:00:00,-9.66139040142203,1.31042627988933
2025-03-07 05:00:00,-9.96918375517984,1.31023354740135
2025-03-07 06:00:00,-9.98547922577249,1.29500547094163
2025-03-07 07:00:00,-10.3233520341063,1.30110006700608
2025-03-07 08:00:00,-9.98180842023121,1.28909650077536
2025-03-07 09:00:00,-10.0181111654757,1.28282363154141
2025-03-07 10:00:00,-9.43730844697169,1.2712635668453
2025-03-07 11:00:00,-9.936610983956,1.30287024680182
2025-03-07 12:00:00,-10.10934638796,1.3348287551902
2025-03-07 13:00:00,-9.08597786506481,1.31860345887127
2025-03-07 14:00:00,-9.21373306361962,1.30235408318644
2025-03-07 15:00:00,-8.72616937567332,1.29254577425492
2025-03-07 16:00:00,-8.69267080840086,1.27942402344394
2025-03-07 17:00:00,-9.34377050121228,1.26616469494141
2025-03-07 18:00:00,-9.07154564824605,1.25961223162077
2025-03-07 19:00:00,-9.21036148071008,1.24442701027689
2025-03-07 20:00:00,-9.22923453818012,1.22909032956028
2025-03-07 21:00:00,-8.69047003163645,1.2406581647928
2025-03-07 22:00:00,-9.00970267917349,1.22522147404564
2025-03-07 23:00:00,-9.36969482296332,1.21167855388379
2025-03-08 00:00:00,-8.72562616054563,1.20116067272512
2025-03-08 01:00:00,-9.63614435662942,1.26229248183986
2025-03-08 02:00:00,-8.85158305109357,1.25186462807436
2025-03-08 03:00:00,-9.72917798856393,1.32663327654081
2025-03-08 04:00:00,-9.12403221305874,1.31358361254523
2025-03-08 05:00:00,-9.37549252960595,1.33204935401638
2025-03-08 06:00:00,-9.98036206177209,1.40706143683919
2025-03-08 07:00:00,-9.88046543406988,1.42809932004796
2025-03-08 08:00:00,-9.75539734764935,1.4670517227356
2025-03-08 09:00:00,-9.60696561439693,1.48200067814917
2025-03-08 10:00:00,-9.40607494448228,1.49062237989187
2025-03-08 11:00:00,-9.62891238327459,1.57047324869923
2025-03-08 12:00:00,-9.55451131924382,1.62010342936793
2025-03-08 13:00:00,-8.88859233354248,1.62625094619209
2025-03-08 14:00:00,-9.50173128242621,1.72130458568084
2025-03-08 15:00:00,-9.31030093888278,1.77689438926682
2025-03-08 16:00:00,-9.35025913496654,1.84050643628453
2025-03-08 17:00:00,-9.23101440553078,1.83358335338145
2025-03-08 18:00:00,-9.65168442493436,1.9054500427759
2025-03-08 19:00:00,-9.84176374016069,2.01526905893746
2025-03-08 20:00:00,-9.13098796316169,1.99773151348868
2025-03-08 21:00:00,-9.80732903712086,2.15055045848176
2025-03-08 22:00:00,-9.71323836273495,2.21688413278171
2025-03-08 23:00:00,-9.36728706923744,2.20929743948891
2025-03-09 00:00:00,-11.8659286785206,2.26391656302315
2025-03-09 01:00:00,-11.6924414504593,2.24664708849614
2025-03-09 02:00:00,-11.3452982912586,2.2167852040144
2025-03-09 03:00:00,-11.5307834700346,2.20401745726683
2025-03-09 04:00:00,-11.4124282921979,2.19365390115314
2025-03-09 05:00:00,-11.6066714378549,2.20020686667344
2025-03-09 06:00:00,-11.5878627939741,2.17974835856394
2025-03-09 07:00:00,-11.8264288095296,2.18398748373038
2025-03-09 08:00:00,-11.2382046079848,2.15373596727882
2025-03-09 09:00:00,-11.6029199471829,2.16564823452643
2025-03-09 10:00:00,-10.944125076337,2.13527675167578
2025-03-09 11:00:00,-10.7487983203406,2.10583583380802
2025-03-09 12:00:00,-10.8809106696932,2.08628890462162
2025-03-09 13:00:00,-9.98383958869609,2.06632190767115
2025-03-09 14:00:00,-10.2273777928858,2.0374583558799
2025-03-09 15:00:00,-9.96645847449266,2.0126362179438
2025-03-09 16:00:00,-10.2861175791886,1.9871827884392
2025-03-09 17:00:00,-10.2695939103852,1.96978003978664
2025-03-09 18:00:00,-10.2535916885732,1.94979887501512
2025-03-09 19:00:00,-10.1026164387815,1.93151763255147
2025-03-09 20:00:00,-10.5211313259994,1.90843596046617
2025-03-09 21:00:00,-10.430492862667,1.88179449707091
2025-03-09 22:00:00,-9.98772983336959,1.87838423843059
2025-03-09 23:00:00,-10.3170146226561,1.85352226563483
2025-03-10 00:00:00,-9.58534312176613,1.83784720289231
2025-03-10 01:00:00,-9.8092440569177,1.82096243509792
2025-03-10 02:00:00,-10.0624729171175,1.79580601321231
2025-03-10 03:00:00,-10.0656565187271,1.77383134580702
2025-03-10 04:00:00,-10.1093307065521,1.750333478909
2025-03-10 05:00:00,-10.4694755012841,1.74004213277221
2025-03-10 06:00:00,-10.6638876924232,1.7227193587203
2025-03-10 07:00:00,-10.5572577037001,1.69959919738387
2025-03-10 08:00:00,-10.3285480047354,1.67723358406378
2025-03-10 09:00:00,-9.96206259718967,1.66219105322421
2025-03-10 10:00:00,-9.30648599268757,1.69459120137671
2025-03-10 11:00:00,-9.81076587877171,1.67532770315749
2025-03-10 12:00:00,-9.76938523634525,1.65263018486419
2025-03-10 13:00:00,-9.22492350238449,1.63517863980946
2025-03-10 14:00:00,-9.3904320124785,1.61690686270422
2025-03-10 15:00:00,-9.08792003530993,1.60679986608954
2025-03-10 16:00:00,-9.17017387928831,1.58943300230863
2025-03-10 17:00:00,-9.76239221534619,1.5682231928808
2025-03-10 18:00:00,-9.89962036750566,1.54729640553426
2025-03-10 19:00:00,-9.41097025832522,1.54431127639241
2025-03-10 20:00:00,-9.25980483298476,1.54012745776231
2025-03-10 21:00:00,-9.5682480417546,1.5196267713052
2025-03-10 22:00:00,-9.71514401320916,1.49964401082925
2025-03-10 23:00:00,-9.90605181876792,1.47996281124069
2025-03-11 00:00:00,-8.78806150454603,1.46117123899163
2025-03-11 01:00:00,-8.96452184869961,1.44345340986053
2025-03-11 02:00:00,-9.08715632064738,1.42462369805336
2025-03-11 03:00:00,-9.50838842338163,1.4204540290133
2025-03-11 04:00:00,-9.59200288789543,1.4304431310049
2025-03-11 05:00:00,-9.53524145366137,1.42365228374088
2025-03-11 06:00:00,-9.87215924275187,1.43391267878989
2025-03-11 07:00:00,-9.71309398342951,1.42094509003451
2025-03-11 08:00:00,-9.75739576190275,1.43556469901537
2025-03-11 09:00:00,-9.30753779131358,1.4168440434585
2025-03-11 10:00:00,-9.45884698123306,1.41872091926335
2025-03-11 11:00:00,-9.51893962937568,1.43779920733229
2025-03-11 12:00:00,-9.29868868597725,1.43190358219195
2025-03-11 13:00:00,-8.77798794682449,1.41985436109713
2025-03-11 14:00:00,-8.62625130183514,1.40180464408072
2025-03-11 15:00:00,-8.11239021946696,1.39397033393122
2025-03-11 16:00:00,-8.52583155196546,1.38207292871622
2025-03-11 17:00:00,-9.06643739218139,1.37397772313487
2025-03-11 18:00:00,-9.11498654735136,1.36125659028352
2025-03-11 19:00:00,-8.84754526690357,1.34402292363043
2025-03-11 20:00:00,-9.23305006285641,1.35829002077433
2025-03-11 21:00:00,-9.41893724959079,1.38221357614855
2025-03-11 22:00:00,-9.61380878677265,1.42441385869168
2025-03-11 23:00:00,-9.7087018606517,1.44805322998138
2025-03-12 00:00:00,-9.84134457323295,1.44207849344497
2025-03-12 01:00:00,-9.91980558533938,1.43150806937904
2025-03-12 02:00:00,-9.65675139466473,1.41310241847148
2025-03-12 03:00:00,-9.78750809573304,1.40049150108113
2025-03-12 04:00:00,-9.724227722829,1.39414658730599
2025-03-12 05:00:00,-10.0372441376425,1.41283696967841
2025-03-12 06:00:00,-10.1585764814478,1.41296980412278
2025-03-12 07:00:00,-10.0906308052649,1.40425817729799
2025-03-12 08:00:00,-9.58396466682815,1.38608439219689
2025-03-12 09:00:00,-9.56166672070003,1.3696965977578
2025-03-12 10:00:00,-9.69615294228796,1.36671229584113
2025-03-12 11:00:00,-9.64726384947724,1.36795682373893
2025-03-12 12:00:00,-9.82652418365702,1.39257569369159
2025-03-12 13:00:00,-8.76710763198469,1.37772963578808
2025-03-12 14:00:00,-9.12169614809761,1.36581227680716
2025-03-12 15:00:00,-8.79862699996791,1.34824537213761
2025-03-12 16:00:00,-9.12972429050127,1.34814451364596
2025-03-12 17:00:00,-9.3779767943034,1.33467328901614
2025-03-12 18:00:00,-9.4199796694004,1.32191194814498
2025-03-12 19:00:00,-9.44820855329611,1.31765929300459
2025-03-12 20:00:00,-9.42748273069416,1.31108001004077
2025-03-12 21:00:00,-9.71340665832641,1.33783223484112
2025-03-12 22:00:00,-9.72231588958499,1.35139421444148
2025-03-12 23:00:00,-9.99383174418789,1.38125154057274
2025-03-13 00:00:00,-10.5506426836538,1.37783448967614
2025-03-13 01:00:00,-10.3462605718956,1.36008051932394
2025-03-13 02:00:00,-10.2156329554344,1.34260914875891
2025-03-13 03:00:00,-10.5712170313172,1.33975912575145
2025-03-13 04:00:00,-10.1593598307266,1.32269031095596
2025-03-13 05:00:00,-10.5534280724147,1.33114395637526
2025-03-13 06:00:00,-10.5737858011932,1.31771038066559
2025-03-13 07:00:00,-10.6047850405704,1.30547612701351
2025-03-13 08:00:00,-10.3556502618921,1.29157649492042
2025-03-13 09:00:00,-10.3018014621182,1.27712445515166
2025-03-13 10:00:00,-10.3822658208737,1.27326877602636
2025-03-13 11:00:00,-10.2479943232237,1.26807792134806
2025-03-13 12:00:00,-10.0345334129632,1.25453681482255
2025-03-13 13:00:00,-9.29670974162996,1.24219197031699
2025-03-13 14:00:00,-9.72734953094471,1.23070688367925
2025-03-13 15:00:00,-9.38054627418748,1.21625468576385
2025-03-13 16:00:00,-9.44677922228514,1.20139157127403
2025-03-13 17:00:00,-10.1450076858836,1.2029927728862
2025-03-13 18:00:00,-10.0654399919279,1.18961087334649
2025-03-13 19:00:00,-9.88876715565597,1.17586748647608
2025-03-13 20:00:00,-10.0651215123568,1.17336005263407
2025-03-13 21:00:00,-9.98317079858914,1.16370014313013
2025-03-13 22:00:00,-10.0890907352427,1.16186217908078
2025-03-13 23:00:00,-10.3317490028077,1.16515375776839
2025-03-14 00:00:00,-10.640097105628,1.16310547215638
2025-03-14 01:00:00,-10.5131706197018,1.14910722090913
2025-03-14 02:00:00,-10.5060463227554,1.13576498891003
2025-03-14 03:00:00,-10.5733178339401,1.12309256688791
2025-03-14 04:00:00,-10.864985072309,1.14677593571815
2025-03-14 05:00:00,-11.31267594963,1.21134556642742
2025-03-14 06:00:00,-10.8798199360942,1.19679399329336
2025-03-14 07:00:00,-10.9361299813834,1.1900934273994
2025-03-14 08:00:00,-10.36186419111,1.1770588664366
2025-03-14 09:00:00,-10.7575744459681,1.18306061894347
2025-03-14 10:00:00,-10.5071378891353,1.17061245015383
2025-03-14 11:00:00,-10.4538529290104,1.16732076596098
2025-03-14 12:00:00,-10.6391350547095,1.18394946174183
2025-03-14 13:00:00,-9.95117246389167,1.17099525739212
2025-03-14 14:00:00,-9.76068560208932,1.15989458023539
2025-03-14 15:00:00,-9.59451297652125,1.14601280412573
2025-03-14 16:00:00,-9.6456075130027,1.1321510315255
2025-03-14 17:00:00,-10.0204850156465,1.11858349444608
2025-03-14 18:00:00,-10.4615140213669,1.12275536356597
2025-03-14 19:00:00,-10.3689542014368,1.11767574477059
2025-03-14 20:00:00,-10.4120153456871,1.11777751742429
2025-03-14 21:00:00,-9.96963180748579,1.10537367504826
2025-03-14 22:00:00,-10.4934839160576,1.13040007001166
2025-03-14 23:00:00,-10.6058305280964,1.13201197289326
2025-03-15 00:00:00,-10.9352000566065,1.13770645789843
2025-03-15 01:00:00,-11.2133688364417,1.14542374455581
2025-03-15 02:00:00,-10.979600587778,1.13498807001073
2025-03-15 03:00:00,-11.04999768698,1.13013936548494
2025-03-15 04:00:00,-10.8883976384788,1.12662488979624
2025-03-15 05:00:00,-11.1526773385247,1.1448908860765
2025-03-15 06:00:00,-11.5834529367928,1.18557433106258
2025-03-15 07:00:00,-11.4178460296214,1.18702792074764
2025-03-15 08:00:00,-10.8187637065678,1.17268872307025
2025-03-15 09:00:00,-10.9387636943755,1.16968693865127
2025-03-15 10:00:00,-11.1933737000959,1.20061368809924
2025-03-15 11:00:00,-11.0002716600358,1.21329200880935
2025-03-15 12:00:00,-10.8882469607128,1.22134971747866
2025-03-15 13:00:00,-10.5652151393129,1.23659722662601
2025-03-15 14:00:00,-11.0152398166269,1.28549468275363
2025-03-15 15:00:00,-10.6410222759867,1.2917052634401
2025-03-15 16:00:00,-10.7295779444148,1.31664067379064
2025-03-15 17:00:00,-11.1722275006575,1.35193378353769
2025-03-15 18:00:00,-10.9552649381533,1.34928703930213
2025-03-15 19:00:00,-11.0558967419081,1.38161494045892
2025-03-15 20:00:00,-11.314037211126,1.45246822145138
2025-03-15 21:00:00,-11.4742726160288,1.54231048394553
2025-03-15 22:00:00,-10.8169321492819,1.52899155543244
2025-03-15 23:00:00,-11.3513329801845,1.59527011626007
2025-03-16 00:00:00,-13.2695210870285,1.65914309354579
2025-03-16 01:00:00,-12.6955548804025,1.63663231378987
2025-03-16 02:00:00,-12.0390969877375,1.63218044429412
2025-03-16 03:00:00,-12.3067066818522,1.61048132566082
2025-03-16 04:00:00,-12.1696957885597,1.58890401171802
2025-03-16 05:00:00,-12.2641803451877,1.56836215654062
2025-03-16 06:00:00,-12.803631709342,1.5669750787495
2025-03-16 07:00:00,-12.9415148149179,1.56122975879262
2025-03-16 08:00:00,-11.8242359704228,1.58034163820824
2025-03-16 09:00:00,-12.2344875149241,1.56174714444107
2025-03-16 10:00:00,-11.8705704725927,1.54844570237956
2025-03-16 11:00:00,-11.9013293934572,1.52800882713242
2025-03-16 12:00:00,-11.3376390768424,1.53976767546735
2025-03-16 13:00:00,-11.0229067541466,1.52947191523162
2025-03-16 14:00:00,-11.4320227105605,1.5104879226876
2025-03-16 15:00:00,-11.1623949916596,1.50050475694843
2025-03-16 16:00:00,-11.7137984527759,1.4903339201123
2025-03-16 17:00:00,-10.7175766505112,1.64684309353713
2025-03-16 18:00:00,-11.6034629678029,1.62480171099164
2025-03-16 19:00:00,-11.7247715331106,1.60288501249929
2025-03-16 20:00:00,-11.1132432961501,1.63281864995012
2025-03-16 21:00:00,-11.602034193058,1.61109146566299
2025-03-16 22:00:00,-11.6105208869618,1.59088001305123
2025-03-16 23:00:00,-11.4171671605745,1.59336376788526
2025-03-17 00:00:00,-9.83074548805426,1.57583672738891
2025-03-17 01:00:00,-10.9071317093022,1.59569982182207
2025-03-17 02:00:00,-10.6654621463358,1.57460076532316
2025-03-17 03:00:00,-10.8751416397793,1.56397601909813
2025-03-17 04:00:00,-10.74687933472,1.55384027746877
2025-03-17 05:00:00,-10.8997461354308,1.55269110983498
2025-03-17 06:00:00,-11.1012110963142,1.54893066789399
2025-03-17 07:00:00,-10.5871413921078,1.53296870699542
2025-03-17 08:00:00,-10.811230148423,1.53224720002229
2025-03-17 09:00:00,-10.6597542061954,1.51376339829499
2025-03-17 10:00:00,-10.852109411982,1.51937897520825
2025-03-17 11:00:00,-10.4854056886135,1.50302409780852
2025-03-17 12:00:00,-10.6127554262762,1.5054652702446
2025-03-17 13:00:00,-9.59387957153664,1.49411267820464
2025-03-17 14:00:00,-9.71215468143053,1.4763877858133
2025-03-17 15:00:00,-9.91540271058792,1.46442307419617
2025-03-17 16:00:00,-9.85789844154892,1.4457075127016
2025-03-17 17:00:00,-10.3720345988792,1.43471979134592
2025-03-17 18:00:00,-10.3571524515059,1.4177917446074
2025-03-17 19:00:00,-10.5075115595688,1.41819798948477
2025-03-17 20:00:00,-10.4759904295066,1.41143348343045
2025-03-17 21:00:00,-10.4395981764874,1.40460273071897
2025-03-17 22:00:00,-10.5561590249798,1.40836621197784
2025-03-17 23:00:00,-10.8614981281058,1.42592071862074
2025-03-18 00:00:00,-11.1685732486074,1.42321757547522
2025-03-18 01:00:00,-11.5061711276261,1.43461874602449
2025-03-18 02:00:00,-10.5922688898423,1.4393044383675
2025-03-18 03:00:00,-11.0129062991587,1.42705076647589
2025-03-18 04:00:00,-10.7863340344499,1.40904598201238
2025-03-18 05:00:00,-11.2752400287218,1.42544028417927
2025-03-18 06:00:00,-11.4626622909171,1.42442204757316
2025-03-18 07:00:00,-11.0550981944982,1.40667194577668
2025-03-18 08:00:00,-10.5342971225753,1.39568182627708
2025-03-18 09:00:00,-11.0130058621939,1.39180994871725
2025-03-18 10:00:00,-10.8611121904943,1.37585900767235
2025-03-18 11:00:00,-10.6058633346996,1.35873833295815
2025-03-18 12:00:00,-10.8802890714952,1.3636553493746
2025-03-18 13:00:00,-10.4069375984474,1.35186740289064
2025-03-18 14:00:00,-10.1609469646537,1.33862193695695
2025-03-18 15:00:00,-9.95138116050525,1.32244092563177
2025-03-18 16:00:00,-10.2081768917878,1.30930265579787
2025-03-18 17:00:00,-10.3883667600666,1.29321693980728
2025-03-18 18:00:00,-10.4988268354649,1.27701551060834
2025-03-18 19:00:00,-10.4941724303181,1.26250498542207
2025-03-18 20:00:00,-10.6834210539301,1.25738071083306
2025-03-18 21:00:00,-10.9392481814469,1.27266488324019
2025-03-18 22:00:00,-10.8764944026484,1.27156866522491
2025-03-18 23:00:00,-10.6956253260178,1.25594289096199
2025-03-19 00:00:00,-11.0208569163107,1.25702880445622
2025-03-19 01:00:00,-11.1804750908674,1.24704437351197
2025-03-19 02:00:00,-10.9144924052459,1.23156254009819
2025-03-19 03:00:00,-11.2746561134275,1.23277092157424
2025-03-19 04:00:00,-10.9754443755411,1.2203972932916
2025-03-19 05:00:00,-11.3108013733285,1.2350332446772
2025-03-19 06:00:00,-11.3635263782378,1.2279301344573
2025-03-19 07:00:00,-11.5659028250882,1.23610131333467
2025-03-19 08:00:00,-11.2027232730397,1.22687916963344
2025-03-19 09:00:00,-11.3491689817145,1.2346254235939
2025-03-19 10:00:00,-11.1213817363425,1.22750581343027
2025-03-19 11:00:00,-10.5442050931062,1.21318461329579
2025-03-19 12:00:00,-10.5907392286554,1.20116898838108
2025-03-19 13:00:00,-10.2314832394628,1.18851197187237
2025-03-19 14:00:00,-10.1058339917548,1.178278326165
2025-03-19 15:00:00,-10.2213197954992,1.16795753420944
2025-03-19 16:00:00,-10.2927458657858,1.1566688008172
2025-03-19 17:00:00,-10.6902487738984,1.14697085048899
2025-03-19 18:00:00,-10.614026221969,1.13323704493838
2025-03-19 19:00:00,-9.85715472071283,1.15729512902239
2025-03-19 20:00:00,-10.1493253406156,1.14329540732636
2025-03-19 21:00:00,-10.5239756848192,1.13824542656304
2025-03-19 22:00:00,-10.5868928937686,1.12919122317042
2025-03-19 23:00:00,-10.4453774547773,1.1169170467073
2025-03-20 00:00:00,-10.4332428475162,1.10438874047426
2025-03-20 01:00:00,-10.3398664760337,1.10055840920742
2025-03-20 02:00:00,-10.663972227498,1.08980471862153
2025-03-20 03:00:00,-11.1168852967491,1.09901417925161
2025-03-20 04:00:00,-10.7212565273683,1.0869016460118
2025-03-20 05:00:00,-11.0447309254887,1.09848141015719
2025-03-20 06:00:00,-11.2891886791892,1.10538496934631
2025-03-20 07:00:00,-11.2425243417001,1.10149921281854
2025-03-20 08:00:00,-11.0339434536831,1.09909700102771
2025-03-20 09:00:00,-10.8164971094132,1.08723826156412
2025-03-20 10:00:00,-11.1030609550696,1.11098046213538
2025-03-20 11:00:00,-10.0798202769505,1.11768741064946
2025-03-20 12:00:00,-10.7934982541299,1.1537359358024
2025-03-20 13:00:00,-10.3700987129523,1.15279350686134
2025-03-20 14:00:00,-10.2608613879283,1.13904463477297
2025-03-20 15:00:00,-9.84739364328141,1.12664127201854
2025-03-20 16:00:00,-9.69372626778867,1.11682747426965
2025-03-20 17:00:00,-10.2708655824491,1.10489638051891
2025-03-20 18:00:00,-10.3376687485179,1.09186361707788
2025-03-20 19:00:00,-10.322992958361,1.080593066482
2025-03-20 20:00:00,-10.3501342977754,1.07043462130068
2025-03-20 21:00:00,-10.7975792491325,1.10100923173551
2025-03-20 22:00:00,-10.5741112262072,1.09378599073393
2025-03-20 23:00:00,-10.806474041945,1.09839925191686
2025-03-21 00:00:00,-10.8854858913983,1.09676578385964
2025-03-21 01:00:00,-11.2522869940365,1.10740573609328
2025-03-21 02:00:00,-11.0514809993787,1.09864812628607
2025-03-21 03:00:00,-11.1620378874309,1.09813699989064
2025-03-21 04:00:00,-10.8479593200669,1.08892141358886
2025-03-21 05:00:00,-11.2227707041074,1.11415421225683
2025-03-21 06:00:00,-11.1754913896516,1.10646482657838
2025-03-21 07:00:00,-11.0052187098996,1.09376231790538
2025-03-21 08:00:00,-10.8075150184827,1.0830334132769
2025-03-21 09:00:00,-10.8091926130646,1.07293864244314
2025-03-21 10:00:00,-10.8932128715019,1.07332675891263
2025-03-21 11:00:00,-10.7166998015366,1.06930152700617
2025-03-21 12:00:00,-11.0090359337387,1.10270403958022
2025-03-21 13:00:00,-9.90873178115422,1.09512025126825
2025-03-21 14:00:00,-10.0257266570181,1.08242471492133
2025-03-21 15:00:00,-9.96654632569608,1.07023320387386
2025-03-21 16:00:00,-10.2488529742015,1.06907966170048
2025-03-21 17:00:00,-10.3703380601795,1.05651177024162
2025-03-21 18:00:00,-10.7326316202167,1.06043782784297
2025-03-21 19:00:00,-10.4903161744406,1.05003612333886
2025-03-21 20:00:00,-10.6285667358654,1.05202653661923
2025-03-21 21:00:00,-10.9206010707163,1.08395773387871
2025-03-21 22:00:00,-10.7383735038306,1.08354244724136
2025-03-21 23:00:00,-11.1143990195436,1.11539208325828
2025-03-22 00:00:00,-11.8131730385649,1.15286616695536
2025-03-22 01:00:00,-11.9058456032084,1.16441335797038
2025-03-22 02:00:00,-11.6008430574231,1.15503740976043
2025-03-22 03:00:00,-11.7287381346854,1.1586114644791
2025-03-22 04:00:00,-11.5784980010965,1.16308994381182
2025-03-22 05:00:00,-11.8017747092849,1.18849126764293
2025-03-22 06:00:00,-11.9229412407063,1.19751348604536
2025-03-22 07:00:00,-11.6281789380765,1.18428815244092
2025-03-22 08:00:00,-11.7898008304702,1.21006013047564
2025-03-22 09:00:00,-11.8712883522544,1.23137166230896
2025-03-22 10:00:00,-11.5844073922351,1.2297829212918
2025-03-22 11:00:00,-11.6837903143078,1.26874675739586
2025-03-22 12:00:00,-11.6922261819386,1.30379532392045
2025-03-22 13:00:00,-11.3909723330607,1.34563382345752
2025-03-22 14:00:00,-11.630684547271,1.38932267508819
2025-03-22 15:00:00,-11.5458139696726,1.44206711417039
2025-03-22 16:00:00,-11.3984173935826,1.46535757045623
2025-03-22 17:00:00,-12.1708949899349,1.58296235655401
2025-03-22 18:00:00,-12.0985818326582,1.63661943773422
2025-03-22 19:00:00,-11.3755961277455,1.62063617824934
2025-03-22 20:00:00,-11.8591722356741,1.70523526028261
2025-03-22 21:00:00,-11.2520455912114,1.6870338522908
2025-03-22 22:00:00,-11.3200466174566,1.69045615071273
2025-03-22 23:00:00,-11.8679147171348,1.7524621690503
2025-03-23 00:00:00,-13.264973987524,1.73098068221483
2025-03-23 01:00:00,-13.1078494411713,1.70761540644665
2025-03-23 02:00:00,-12.9977605135609,1.6844822770296
2025-03-23 03:00:00,-13.0484043185789,1.66154381331891
2025-03-23 04:00:00,-13.1610035531173,1.64945656632736
2025-03-23 05:00:00,-13.4712537746656,1.65394407177357
2025-03-23 06:00:00,-13.4659462423766,1.63580075967601
2025-03-23 07:00:00,-13.6961627670044,1.63436012182948
2025-03-23 08:00:00,-13.3921832942309,1.61968437294757
2025-03-23 10:00:00,-13.3418628269873,1.61229379864981
2025-03-23 11:00:00,-12.6301742716705,1.59524228844582
2025-03-23 12:00:00,-12.1829809862754,1.59218097709106
2025-03-23 13:00:00,-12.2035459041114,1.57263228209307
2025-03-23 14:00:00,-12.1749649236187,1.55809180813808
2025-03-23 15:00:00,-12.135984608264,1.53749843359701
2025-03-23 16:00:00,-12.0080161599996,1.52252064209207
2025-03-23 17:00:00,-12.1440902229808,1.5186837132151
2025-03-23 18:00:00,-12.3906948459073,1.50026300086978
2025-03-23 19:00:00,-12.6485288935617,1.48394698140291
2025-03-23 20:00:00,-12.7162511859969,1.46701891180314
2025-03-23 21:00:00,-12.675445186478,1.44914115508639
2025-03-23 22:00:00,-12.5585537707467,1.43016869783552
2025-03-23 23:00:00,-12.0877810022127,1.44989036243171
2025-03-24 00:00:00,-11.1103892438216,1.45404824667749
2025-03-24 01:00:00,-11.4747698530481,1.44532667017827
2025-03-24 02:00:00,-11.8423935938504,1.42644031224396
2025-03-24 03:00:00,-12.1532991127807,1.41052077173422
2025-03-24 04:00:00,-11.5820178928863,1.40412312192219
2025-03-24 05:00:00,-11.8132629671575,1.38593776312545
2025-03-24 06:00:00,-12.1835846714673,1.36995268354264
2025-03-24 07:00:00,-12.0434174002138,1.35457368347064
2025-03-24 08:00:00,-11.7872869024839,1.33928084040239
2025-03-24 09:00:00,-11.7467600591618,1.32452518690135
2025-03-24 10:00:00,-12.0110906582541,1.31399461245256
2025-03-24 11:00:00,-11.3584569102852,1.3128061897337
2025-03-24 12:00:00,-11.8561892755497,1.31113548083863
2025-03-24 13:00:00,-11.1503875726051,1.29766384646831
2025-03-24 14:00:00,-11.5988676963225,1.28574404848918
2025-03-24 15:00:00,-10.6673448822222,1.3205697543244
2025-03-24 16:00:00,-10.985126802782,1.30463826553279
2025-03-24 17:00:00,-11.2441498418321,1.2968910938491
2025-03-24 18:00:00,-11.5504220114898,1.28048610944898
2025-03-24 19:00:00,-11.3411390664821,1.26874959129306
2025-03-24 20:00:00,-11.4371268072521,1.252919654858
2025-03-24 21:00:00,-11.2831640302897,1.24158654238676
2025-03-24 22:00:00,-11.3938851926431,1.2262823581497
2025-03-24 23:00:00,-11.442750776771,1.21448839947318
2025-03-25 00:00:00,-10.6143799830567,1.19947036935872
2025-03-25 01:00:00,-11.2704551552185,1.2000881536221
2025-03-25 02:00:00,-11.1071899843182,1.18556488918689
2025-03-25 03:00:00,-11.4036968649034,1.18543153852385
2025-03-25 04:00:00,-10.7533762212392,1.17526740241733
2025-03-25 05:00:00,-10.9848118377449,1.16424903017368
2025-03-25 06:00:00,-11.3556650878021,1.15937703876698
2025-03-25 07:00:00,-11.2289676293248,1.14537909736881
2025-03-25 08:00:00,-11.090162529531,1.13399828826351
2025-03-25 09:00:00,-11.1777030853408,1.12620132546053
2025-03-25 10:00:00,-10.8024592009462,1.11342453985008
2025-03-25 11:00:00,-10.996232670842,1.11720026182293
2025-03-25 12:00:00,-10.8720643396709,1.10838284163403
2025-03-25 13:00:00,-10.520812635151,1.10184835793798
2025-03-25 14:00:00,-10.2646157781367,1.09444811669691
2025-03-25 15:00:00,-10.3349214509402,1.08438256503769
2025-03-25 16:00:00,-10.4231366637925,1.07463159397774
2025-03-25 17:00:00,-10.9766652317496,1.07593332105716
2025-03-25 18:00:00,-10.8131880823809,1.06352140551382
2025-03-25 19:00:00,-10.936987647494,1.06536576979529
2025-03-25 20:00:00,-10.7570735314058,1.05472153241824
2025-03-25 21:00:00,-10.4853847664436,1.04280874669504
2025-03-25 22:00:00,-10.8194682350717,1.04558898762344
2025-03-25 23:00:00,-10.719064026808,1.03341696477707
2025-03-26 00:00:00,-11.4944843462367,1.06496036549051
2025-03-26 01:00:00,-11.4048628606739,1.0535639080012
2025-03-26 02:00:00,-11.3877623379492,1.04508043973295
2025-03-26 03:00:00,-11.594701663329,1.04694065927876
2025-03-26 04:00:00,-11.5082469262289,1.05282365077831
2025-03-26 05:00:00,-11.303199394569,1.042474899087
2025-03-26 06:00:00,-11.4337679625149,1.03306777456388
2025-03-26 07:00:00,-11.5252294476542,1.02565295200379
2025-03-26 08:00:00,-11.1153406039445,1.01391740402124
2025-03-26 09:00:00,-11.553074423909,1.03033591993293
2025-03-26 10:00:00,-11.5806421789579,1.04384563854178
2025-03-26 11:00:00,-11.1466739878916,1.03498108600606
2025-03-26 12:00:00,-11.2380115997196,1.0427625688219
2025-03-26 13:00:00,-10.5556723260413,1.03093477184294
2025-03-26 14:00:00,-10.2998871193811,1.02929602813112
2025-03-26 15:00:00,-10.1964268974595,1.01834498207093
2025-03-26 16:00:00,-10.6343732886093,1.01866796638613
2025-03-26 17:00:00,-10.7675407398853,1.00707689739417
2025-03-26 18:00:00,-11.0236532324101,1.00175103271572
2025-03-26 19:00:00,-11.0298183659598,0.998951443512477
2025-03-26 20:00:00,-10.5969506658606,0.990681822338352
2025-03-26 21:00:00,-10.6667285687456,0.980126660415205
2025-03-26 22:00:00,-10.9590926603923,0.982202200679904
2025-03-26 23:00:00,-11.1268277702706,0.978911139404737
2025-03-27 00:00:00,-11.0557018391724,0.968142346863178
2025-03-27 01:00:00,-11.1594870540811,0.957329061205323
2025-03-27 02:00:00,-11.2256531341784,0.947374171669707
2025-03-27 03:00:00,-11.4656610020471,0.944102392882497
2025-03-27 04:00:00,-11.4398289429768,0.947538643232158
2025-03-27 05:00:00,-11.6417531067797,0.96222528872307
2025-03-27 06:00:00,-11.8354769191982,0.971245390561248
2025-03-27 07:00:00,-11.7518018701009,0.968267921565537
2025-03-27 08:00:00,-11.3995528327035,0.96007270545629
2025-03-27 09:00:00,-11.2372663396507,0.949687508923739
2025-03-27 10:00:00,-11.5097577239146,0.965983330951954
2025-03-27 11:00:00,-10.8926446062346,0.956004263352816
2025-03-27 12:00:00,-11.0253714421698,0.953378297317758
2025-03-27 13:00:00,-10.6743109483893,0.94823518786974
2025-03-27 14:00:00,-10.6230537928573,0.937895268229727
2025-03-27 15:00:00,-10.2915997199611,0.929523118443007
2025-03-27 16:00:00,-10.4303895655069,0.919743147658004
2025-03-27 17:00:00,-10.9013628691654,0.912155579544611
2025-03-27 18:00:00,-10.9692498445288,0.903543807469334
2025-03-27 19:00:00,-10.9936882731288,0.899944798225537
2025-03-27 20:00:00,-11.0163159101728,0.897037739737178
2025-03-27 21:00:00,-11.1547224297666,0.905531552579268
2025-03-27 22:00:00,-10.735514355232,0.896433582128283
2025-03-27 23:00:00,-11.4900703360874,0.939474980649922
2025-03-28 00:00:00,-11.6163024121182,0.940036083862842
2025-03-28 01:00:00,-11.5664922504029,0.930177653797801
2025-03-28 02:00:00,-11.2985672802871,0.921404412419083
2025-03-28 03:00:00,-11.5422427773088,0.91495440034304
2025-03-28 04:00:00,-11.6463728158591,0.92368519300106
2025-03-28 05:00:00,-11.0055529087903,0.928931211013863
2025-03-28 06:00:00,-11.4996682027927,0.922144364894248
2025-03-28 07:00:00,-11.6319289993289,0.914097427411883
2025-03-28 08:00:00,-11.1298655505887,0.908809313059884
2025-03-28 09:00:00,-11.2243301434307,0.898953247728632
2025-03-28 10:00:00,-11.2540400296193,0.890554717977809
2025-03-28 11:00:00,-11.1738859255824,0.883898648085792
2025-03-28 12:00:00,-11.0808461449991,0.875557882728302
2025-03-28 13:00:00,-10.3903364088634,0.871345713922717
2025-03-28 14:00:00,-10.5597243074328,0.864096934606571
2025-03-28 15:00:00,-10.3675541305257,0.857870059925984
2025-03-28 16:00:00,-10.4310140778186,0.849770992073371
2025-03-28 17:00:00,-11.1465785152662,0.849091571677067
2025-03-28 18:00:00,-10.9708065126136,0.841406009174128
2025-03-28 19:00:00,-11.0790900025414,0.836908420863035
2025-03-28 20:00:00,-11.5218869667864,0.869049252930557
2025-03-28 21:00:00,-11.0909411733119,0.859988069448817
2025-03-28 22:00:00,-10.9825497614639,0.851441075138745
2025-03-28 23:00:00,-11.6620659503407,0.889532890051165
2025-03-29 00:00:00,-10.9157931298669,0.880439263921357
2025-03-29 01:00:00,-11.5872684731431,0.905019095686176
2025-03-29 02:00:00,-11.2608297615819,0.89557360449938
2025-03-29 03:00:00,-11.0727192859514,0.886441110669409
2025-03-29 04:00:00,-11.2063204181341,0.890025450702676
2025-03-29 05:00:00,-11.4612764099226,0.904381710123229
2025-03-29 06:00:00,-11.5826609253097,0.905770670055803
2025-03-29 07:00:00,-11.4208400685773,0.897256865223281
2025-03-29 08:00:00,-11.1921914802824,0.890065406068243
2025-03-29 09:00:00,-11.2898265334425,0.888720482421967
2025-03-29 10:00:00,-11.1203640985628,0.88225059906317
2025-03-29 11:00:00,-10.7134187381311,0.873047006426787
2025-03-29 12:00:00,-10.4023332160454,0.868857992113877
2025-03-29 13:00:00,-10.5928962282073,0.881868552955602
2025-03-29 14:00:00,-11.0396515176288,0.900397183270834
2025-03-29 15:00:00,-10.5461286395958,0.891209880933001
2025-03-29 16:00:00,-10.9612469789353,0.922230105747919
2025-03-29 17:00:00,-11.1572933397492,0.923060252697687
2025-03-29 18:00:00,-10.2571340300315,0.955295142402847
2025-03-29 19:00:00,-10.9837811682857,0.980113863088079
2025-03-29 20:00:00,-10.5460014918865,0.971183064832305
2025-03-29 21:00:00,-10.7615466494469,0.967660567885355
2025-03-29 22:00:00,-10.8111546507745,0.962400399381386
2025-03-29 23:00:00,-11.471008329304,1.01124542215159
2025-03-30 00:00:00,-11.4526000376284,1.00794157550463
2025-03-30 01:00:00,-11.3521592713525,0.996437979335549
2025-03-30 02:00:00,-11.447699478716,0.990571704504701
2025-03-30 03:00:00,-11.4603240205028,0.981969619767879
2025-03-30 04:00:00,-11.2609264001716,0.973548271656394
2025-03-30 05:00:00,-11.2836736882314,0.965295523716432
2025-03-30 06:00:00,-11.8861972038715,0.99202348158727
2025-03-30 07:00:00,-11.3363218953594,0.984845598479061
2025-03-30 08:00:00,-11.6371913305932,1.00433585843599
2025-03-30 09:00:00,-11.713786554063,1.01441431794001
2025-03-30 10:00:00,-11.752932652884,1.03695008681423
2025-03-30 11:00:00,-11.0232700230768,1.02529044513809
2025-03-30 12:00:00,-11.0272914580168,1.01823260147895
2025-03-30 13:00:00,-10.7136005097214,1.0131087140999
2025-03-30 14:00:00,-10.8292505608816,1.00357113230652
2025-03-30 15:00:00,-10.6314655650717,0.993780049003855
2025-03-30 16:00:00,-10.7827914023099,0.991503434791222
2025-03-30 17:00:00,-11.0082809970643,0.981752023707794
2025-03-30 18:00:00,-11.1677867637649,0.977921468239949
2025-03-30 19:00:00,-10.9110151948298,0.967346100979221
2025-03-30 20:00:00,-11.2340915731667,0.982166942820814
2025-03-30 21:00:00,-11.3991815659205,1.00582644301359
2025-03-30 22:00:00,-10.8880938145278,0.99441244477535
2025-03-30 23:00:00,-10.572167787058,0.994372320270338
2025-03-31 00:00:00,-11.2259869193139,0.985706006230754
2025-03-31 01:00:00,-11.0907007320444,0.987370305751691
2025-03-31 02:00:00,-11.1312367518982,0.979743779282688
2025-03-31 03:00:00,-11.3367484547132,0.968788027807683
2025-03-31 04:00:00,-11.100629608493,0.959934488402276
2025-03-31 05:00:00,-11.3348973087151,0.950194202968732
2025-03-31 06:00:00,-11.6322307242873,0.941634330003303
2025-03-31 07:00:00,-11.5504121514704,0.931547153699724
2025-03-31 08:00:00,-11.2492166666055,0.922780998427285
2025-03-31 09:00:00,-11.4892554089329,0.916174178259773
2025-03-31 10:00:00,-11.2067472087865,0.907157091391817
2025-03-31 11:00:00,-11.0089157153812,0.89760480872619
2025-03-31 12:00:00,-11.166087496912,0.891674407865681
2025-03-31 13:00:00,-10.2476493594562,0.904627969781848
2025-03-31 14:00:00,-10.2087814951061,0.922872712087111
2025-03-31 15:00:00,-10.0614063887214,0.931553955387639
2025-03-31 16:00:00,-10.6557524847063,0.925109707633645
2025-03-31 17:00:00,-10.9278726884417,0.91588876554549
2025-03-31 18:00:00,-10.8726001367689,0.909795053769467
2025-03-31 19:00:00,-10.9116617925965,0.899911798447545
2025-03-31 20:00:00,-10.8053637992678,0.891979617884909
2025-03-31 21:00:00,-10.8545324813228,0.88242398526424
2025-03-31 22:00:00,-11.1428368771807,0.880075145868232
2025-03-31 23:00:00,-11.7150775922624,0.909024851164918
2025-04-01 00:00:00,-10.4010007935299,0.899391059741746
2025-04-01 01:00:00,-10.8548466128226,0.906959441384251
2025-04-01 02:00:00,-10.7106684394297,0.899975923178875
2025-04-01 03:00:00,-10.8076832789592,0.897911485963124
2025-04-01 04:00:00,-10.699503651806,0.900103577439921
2025-04-01 05:00:00,-10.8844223014767,0.914003668619521
2025-04-01 06:00:00,-11.0047795989109,0.916738010017585
2025-04-01 07:00:00,-11.0930873037171,0.923149675358262
2025-04-01 08:00:00,-10.8875173797327,0.927552043432395
2025-04-01 09:00:00,-10.6405048136117,0.919084809614388
2025-04-01 10:00:00,-10.8416122981789,0.938741856075847
2025-04-01 11:00:00,-10.3553913001371,0.929401063911387
2025-04-01 12:00:00,-10.4528011413065,0.934473667865785
2025-04-01 13:00:00,-10.0340820876506,0.932116269256429
2025-04-01 14:00:00,-10.3628750506568,0.940995766812156
2025-04-01 15:00:00,-9.43604157023091,0.949933895054565
2025-04-01 16:00:00,-9.75505606491832,0.942638167791337
2025-04-01 17:00:00,-10.5556958938013,0.963483647826243
2025-04-01 18:00:00,-10.4415254872978,0.956673330294653
2025-04-01 19:00:00,-10.4446024817134,0.960272703787608
2025-04-01 20:00:00,-10.7544710866783,0.99949011917632
2025-04-01 21:00:00,-10.4726126510121,0.997968539021431
2025-04-01 22:00:00,-10.4107724202316,0.998353329180594
2025-04-01 23:00:00,-10.6250486921958,1.00639524746487
2025-04-02 00:00:00,-11.2926732712608,1.00961708422101
2025-04-02 01:00:00,-11.5361186393525,1.01354431469442
2025-04-02 02:00:00,-11.2764138452658,1.00292055347865
2025-04-02 03:00:00,-11.0474601730629,0.992456731890239
2025-04-02 04:00:00,-11.1886851403753,0.993919840374378
2025-04-02 05:00:00,-11.244445735298,0.989768919966452
2025-04-02 06:00:00,-11.5362677097536,0.992196826879989
2025-04-02 07:00:00,-11.3078911263251,0.980946511665564
2025-04-02 08:00:00,-10.8554873799634,0.97234920740355
2025-04-02 09:00:00,-11.273560245853,0.977277196779055
2025-04-02 10:00:00,-10.6219908141522,0.978487030164389
2025-04-02 11:00:00,-10.881416139455,0.977886886854346
2025-04-02 12:00:00,-11.0649245470886,0.985319150145178
2025-04-02 13:00:00,-10.2442267531941,0.976215378470263
2025-04-02 14:00:00,-9.94141704622613,0.992032995506301
2025-04-02 15:00:00,-10.2805289332354,0.984705305722028
2025-04-02 16:00:00,-10.0000923612183,0.982129224277241
2025-04-02 17:00:00,-10.9506178385357,0.992965315450389
2025-04-02 18:00:00,-10.7363041680732,0.981976591753852
2025-04-02 19:00:00,-10.5578691076443,0.970993382495019
2025-04-02 20:00:00,-10.3354769460417,0.964495701216677
2025-04-02 21:00:00,-9.49798550112743,1.05433803921556
2025-04-02 22:00:00,-10.104577797531,1.04227895660654
2025-04-02 23:00:00,-10.2069473953337,1.04042720468869
2025-04-03 00:00:00,-9.75333147533624,1.04161280534998
2025-04-03 01:00:00,-9.77466153550381,1.03061635318713
2025-04-03 02:00:00,-10.2376272918666,1.03987376892318
2025-04-03 03:00:00,-10.096493645219,1.02856815224862
2025-04-03 04:00:00,-10.3899625407137,1.06228813119005
2025-04-03 05:00:00,-10.1585635721638,1.0547167228615
2025-04-03 06:00:00,-10.6939586910712,1.09013426106314
2025-04-03 07:00:00,-10.4215685209466,1.08116911944629
2025-04-03 08:00:00,-10.0196571917541,1.06933799087044
2025-04-03 09:00:00,-10.4549354201038,1.09937923537719
2025-04-03 10:00:00,-10.415498525655,1.11724009154929
2025-04-03 11:00:00,-10.0773482010466,1.11687684206638
2025-04-03 12:00:00,-10.0943636495016,1.12942668402167
2025-04-03 13:00:00,-9.12534528183971,1.11845679323878
2025-04-03 14:00:00,-9.31319929994642,1.10526619726634
2025-04-03 15:00:00,-9.24062472390762,1.09400733234581
2025-04-03 16:00:00,-9.37756386025253,1.08716203519069
2025-04-03 17:00:00,-9.76398634448111,1.0804688650667
2025-04-03 18:00:00,-10.1095473892232,1.09641603900316
2025-04-03 19:00:00,-9.76031100664358,1.08613311972001
2025-04-03 20:00:00,-9.66707265810253,1.07694880923543
2025-04-03 21:00:00,-9.73251518654556,1.07456440915298
2025-04-03 22:00:00,-9.99663131932968,1.09460202544806
2025-04-03 23:00:00,-10.1598452929379,1.10604300735839
2025-04-04 00:00:00,-10.4962587149364,1.09534876691295
2025-04-04 01:00:00,-10.6387275240111,1.08495682501366
2025-04-04 02:00:00,-10.6289323197839,1.07516607627924
2025-04-04 03:00:00,-10.7543170412094,1.06941811257771
2025-04-04 04:00:00,-10.6391221931773,1.06664407247648
2025-04-04 05:00:00,-10.7003460614062,1.06462149048381
2025-04-04 06:00:00,-10.9901014252867,1.06994102860337
2025-04-04 07:00:00,-11.3317130332187,1.10368012051207
2025-04-04 08:00:00,-10.3669366744493,1.09693245573177
2025-04-04 09:00:00,-10.576093262,1.09105958814021
2025-04-04 10:00:00,-10.7845430003904,1.10526803785482
2025-04-04 11:00:00,-9.49936845062103,1.1535130295582
2025-04-04 12:00:00,-9.71563582825325,1.14003236272626
2025-04-04 13:00:00,-9.40679935392893,1.12740087609975
2025-04-04 14:00:00,-9.60616510380688,1.11555090208402
2025-04-04 15:00:00,-9.37247889508252,1.10682433846666
2025-04-04 16:00:00,-9.30847606506023,1.10049313563099
2025-04-04 17:00:00,-9.97590074471566,1.08871348049371
2025-04-04 18:00:00,-9.73667714469123,1.08672140933497
2025-04-04 19:00:00,-10.1308397111941,1.08375168332481
2025-04-04 20:00:00,-9.92669919709364,1.07122068748705
2025-04-04 21:00:00,-10.0525011674189,1.0619331923881
2025-04-04 22:00:00,-10.228104947827,1.05942900179074
2025-04-04 23:00:00,-10.9625961682759,1.1252568723647
2025-04-05 00:00:00,-10.109669333671,1.11716461567631
2025-04-05 01:00:00,-10.5449619212704,1.13826711953655
2025-04-05 02:00:00,-10.5205327800119,1.14718929188964
2025-04-05 03:00:00,-10.6053707437813,1.16101792653316
2025-04-05 04:00:00,-10.5467849068482,1.18943439852903
2025-04-05 05:00:00,-10.7688009184944,1.24128159198966
2025-04-05 06:00:00,-10.8833582348747,1.27008725841474
2025-04-05 07:00:00,-10.79595580725,1.28196991954197
2025-04-05 08:00:00,-10.6978361718108,1.31257344964033
2025-04-05 09:00:00,-10.7631324865113,1.34916224548752
2025-04-05 10:00:00,-10.5223259540878,1.36250980605551
2025-04-05 11:00:00,-10.6090820315144,1.4240390998272
2025-04-05 12:00:00,-10.414866218843,1.44819183331696
2025-04-05 13:00:00,-9.95792695814776,1.4665614255686
2025-04-05 14:00:00,-9.85171435429065,1.45710772455392
2025-04-05 15:00:00,-9.92496716835463,1.48307157499219
2025-04-05 16:00:00,-9.86328478461238,1.48988014058407
2025-04-05 17:00:00,-10.5169265252753,1.54671884463543
2025-04-05 18:00:00,-10.7091077020256,1.60679575111438
2025-04-05 19:00:00,-10.5015309199577,1.63949811132134
2025-04-05 20:00:00,-10.2891377005745,1.65126232752737
2025-04-05 21:00:00,-10.3037709402236,1.6781105953804
2025-04-05 22:00:00,-10.1278719820227,1.68009480470201
2025-04-05 23:00:00,-10.864381864033,1.80106741590943
2025-04-06 00:00:00,-12.342523277091,1.78025681898335
2025-04-06 01:00:00,-12.324576240517,1.75923938656649
2025-04-06 02:00:00,-11.9759960302277,1.73612550307458
2025-04-06 03:00:00,-12.3517088347486,1.72665301100572
2025-04-06 04:00:00,-11.9690108626381,1.70324022765939
2025-04-06 05:00:00,-12.3488559505108,1.70507658080985
2025-04-06 06:00:00,-12.2265401185736,1.68193779128809
2025-04-06 07:00:00,-12.0512514331495,1.66017445707345
2025-04-06 08:00:00,-11.9603067777391,1.63845458555753
2025-04-06 09:00:00,-11.8835559413193,1.61632914537402
2025-04-06 10:00:00,-11.8764219164545,1.5957037620617
2025-04-06 11:00:00,-11.7017660570543,1.57484251743968
2025-04-06 12:00:00,-11.715047163529,1.55631812136692
2025-04-06 13:00:00,-11.1772739641602,1.53574934530654
2025-04-06 14:00:00,-11.4186699977921,1.51567588725938
2025-04-06 15:00:00,-11.0640327838783,1.49848042070913
2025-04-06 16:00:00,-11.2651173832941,1.4799350995553
2025-04-06 17:00:00,-11.5422308344087,1.46052318797897
2025-04-06 18:00:00,-10.9329184292049,1.49418563250552
2025-04-06 19:00:00,-10.7139766883304,1.51095726438467
2025-04-06 20:00:00,-10.6998808219999,1.5202497426449
2025-04-06 21:00:00,-10.7748827111268,1.51863152523772
2025-04-06 22:00:00,-10.8873804912351,1.51049859553186
2025-04-06 23:00:00,-10.921671333274,1.51615372132607
2025-04-07 00:00:00,-9.23721639607811,1.54369197874
2025-04-07 01:00:00,-9.85940138066513,1.52741024444154
2025-04-07 02:00:00,-10.1403603584018,1.50746725781796
2025-04-07 03:00:00,-10.2509782699648,1.48838962897538
2025-04-07 04:00:00,-9.91520440411578,1.476337714651
2025-04-07 05:00:00,-10.0947212774789,1.45721693116022
2025-04-07 06:00:00,-10.4520370179322,1.43861454740126
2025-04-07 07:00:00,-9.80187949118335,1.47774156426531
2025-04-07 08:00:00,-10.0548226503306,1.45832587750018
2025-04-07 09:00:00,-9.87234900087371,1.45286545877966
2025-04-07 10:00:00,-9.93929985215022,1.43536105384873
2025-04-07 11:00:00,-9.65653768052941,1.42555822975496
2025-04-07 12:00:00,-10.0057867464967,1.41044228833429
2025-04-07 13:00:00,-9.28351710583353,1.40384631665359
2025-04-07 14:00:00,-9.14033863143542,1.41948998989853
2025-04-07 15:00:00,-8.6543855827988,1.46679600900929
2025-04-07 16:00:00,-9.17398610073716,1.44942457323855
2025-04-07 17:00:00,-9.87802075394823,1.43084313873059
2025-04-07 18:00:00,-10.086163970268,1.41290364737388
2025-04-07 19:00:00,-9.67629597992317,1.40350289702777
2025-04-07 20:00:00,-9.62389639232472,1.38959133499727
2025-04-07 21:00:00,-9.82174576307672,1.37186847877424
2025-04-07 22:00:00,-9.83010320868033,1.35425325059691
2025-04-07 23:00:00,-10.2076997068202,1.34189250619445
2025-04-08 00:00:00,-8.6248072752636,1.32484075506339
2025-04-08 01:00:00,-9.44352784033215,1.35513363663124
2025-04-08 02:00:00,-8.96385812322773,1.33805066849813
2025-04-08 03:00:00,-9.34503261873091,1.34416260613154
2025-04-08 04:00:00,-9.28348119067101,1.35145126603619
2025-04-08 05:00:00,-9.52068999095714,1.37972352426767
2025-04-08 06:00:00,-9.58815839068545,1.38394696830908
2025-04-08 07:00:00,-9.89943811708891,1.42650567378526
2025-04-08 08:00:00,-9.44543857132466,1.42422456872194
2025-04-08 09:00:00,-9.38487249372832,1.42556689925996
2025-04-08 10:00:00,-9.38984743364184,1.44067341703406
2025-04-08 11:00:00,-9.49118067467217,1.49253873005956
2025-04-08 12:00:00,-9.0982247821512,1.48775404033152
2025-04-08 13:00:00,-8.94443076524954,1.52332476126778
2025-04-08 14:00:00,-8.93482558988981,1.52220510127476
2025-04-08 15:00:00,-8.4766460051039,1.50554954159983
2025-04-08 16:00:00,-8.76662078978314,1.52217898484295
2025-04-08 17:00:00,-8.97534842331008,1.51478031847943
2025-04-08 18:00:00,-8.68526993546695,1.4947775606537
2025-04-08 19:00:00,-8.85047781002478,1.49485024592837
2025-04-08 20:00:00,-8.67573937079191,1.47884855101121
2025-04-08 21:00:00,-8.9673847363966,1.49492183660105
2025-04-08 22:00:00,-9.144869493663,1.52009312172134
2025-04-08 23:00:00,-9.38274845842466,1.54962252990356
2025-04-09 00:00:00,-10.7523869941349,1.56625287433632
2025-04-09 01:00:00,-10.098441480856,1.55646542427449
2025-04-09 02:00:00,-9.40449959632357,1.59381479379182
2025-04-09 03:00:00,-9.97015656880615,1.57267487398935
2025-04-09 04:00:00,-9.85209834314227,1.55202662107199
2025-04-09 05:00:00,-9.70071306430316,1.53916567453766
2025-04-09 06:00:00,-10.6573959663506,1.55626555435911
2025-04-09 07:00:00,-10.1683967107518,1.54263374918624
2025-04-09 08:00:00,-10.0843445243128,1.52235935660446
2025-04-09 09:00:00,-10.2965672045787,1.50845368636321
2025-04-09 10:00:00,-10.3773020297758,1.50187654639302
2025-04-09 11:00:00,-9.82646186814847,1.48306415281155
2025-04-09 12:00:00,-9.41859519494513,1.4745485986603
2025-04-09 13:00:00,-9.36292011758308,1.45698459563105
2025-04-09 14:00:00,-9.36759707488417,1.44153629756814
2025-04-09 15:00:00,-9.20660185787697,1.42427490200941
2025-04-09 16:00:00,-9.79442676531964,1.43079269936882
2025-04-09 17:00:00,-9.95310438790267,1.41294209407257
2025-04-09 18:00:00,-8.88177320202443,1.50719514614895
2025-04-09 19:00:00,-9.36543130988766,1.48726066600227
2025-04-09 20:00:00,-9.99470727184086,1.49086527252051
2025-04-09 21:00:00,-9.70135155567862,1.47135767783377
2025-04-09 22:00:00,-9.88000889791503,1.45827633244152
2025-04-09 23:00:00,-10.3173579638882,1.46405198524884
2025-04-10 00:00:00,-9.36751069606234,1.4569681547732
2025-04-10 01:00:00,-9.89788947890968,1.48281635243358
2025-04-10 02:00:00,-9.87486854065163,1.49090589113025
2025-04-10 03:00:00,-9.98610791471117,1.50770359635074
2025-04-10 04:00:00,-9.54968551096482,1.49759649800499
2025-04-10 05:00:00,-9.75615362222526,1.51377001530123
2025-04-10 06:00:00,-10.1555383762055,1.55174193277553
2025-04-10 07:00:00,-9.99235669391207,1.5501695939738
2025-04-10 08:00:00,-9.2732745893083,1.52970398252901
2025-04-10 09:00:00,-9.6310922325122,1.53896101375665
2025-04-10 10:00:00,-9.50482599415643,1.53311934693264
2025-04-10 11:00:00,-9.54818746740018,1.55233376703801
2025-04-10 12:00:00,-9.62930484027525,1.58141474787935
2025-04-10 13:00:00,-8.90845795788218,1.56793064605334
2025-04-10 14:00:00,-8.91176469309451,1.55076963546315
2025-04-10 15:00:00,-8.83828587981228,1.54270372458653
2025-04-10 16:00:00,-8.41252217749987,1.52410949821168
2025-04-10 17:00:00,-9.16104234459373,1.52484055066493
2025-04-10 18:00:00,-9.19441746168043,1.51220185171165
2025-04-10 19:00:00,-9.1926884941225,1.50773236847531
2025-04-10 20:00:00,-9.1542751970495,1.50009188008171
2025-04-10 21:00:00,-9.49775115397208,1.53788754897834
2025-04-10 22:00:00,-9.41064576874821,1.54546830103144
2025-04-10 23:00:00,-9.91457206413306,1.61474937514224
2025-04-11 00:00:00,-10.9001069117101,1.62989263082897
2025-04-11 01:00:00,-10.5576088756714,1.60810750717479
2025-04-11 02:00:00,-10.0958398873565,1.59248759313713
2025-04-11 03:00:00,-10.5407576687747,1.58358574142768
2025-04-11 04:00:00,-10.333021053466,1.56580029586125
2025-04-11 05:00:00,-10.4758188655419,1.55502037993636
2025-04-11 06:00:00,-10.7312925030878,1.5464922615723
2025-04-11 07:00:00,-10.8000899517955,1.53661958793272
2025-04-11 08:00:00,-10.2010261014968,1.51743004514054
2025-04-11 09:00:00,-9.94811129982395,1.50228286413512
2025-04-11 10:00:00,-10.1339872648355,1.4855370957953
2025-04-11 11:00:00,-9.99361997111825,1.46717387237835
2025-04-11 12:00:00,-10.1593085025773,1.45984579499138
2025-04-11 13:00:00,-9.73944728947158,1.44510501860668
2025-04-11 14:00:00,-9.43274364790114,1.43623696943921
2025-04-11 15:00:00,-9.32048511478461,1.4181876172943
2025-04-11 16:00:00,-9.79464614807785,1.41592653048132
2025-04-11 17:00:00,-9.96481775215378,1.39772656954235
2025-04-11 18:00:00,-9.68785456968359,1.38616255687528
2025-04-11 19:00:00,-10.0258362641868,1.37998940823045
2025-04-11 20:00:00,-10.4296220711106,1.40427673550486
2025-04-11 21:00:00,-10.197299169196,1.39361192479307
2025-04-11 22:00:00,-10.1908699523396,1.38745544616582
2025-04-11 23:00:00,-10.7589378799667,1.43388013445749
2025-04-12 00:00:00,-10.3964888445553,1.41753474288033
2025-04-12 01:00:00,-11.0081619964733,1.45062149506097
2025-04-12 02:00:00,-10.8565275412251,1.44800596956641
2025-04-12 03:00:00,-10.645715773318,1.43245480543134
2025-04-12 04:00:00,-10.7917768998923,1.45463856060934
2025-04-12 05:00:00,-10.345003199153,1.43557960800133
2025-04-12 06:00:00,-10.9959367419169,1.46330681998292
2025-04-12 07:00:00,-10.7373370330125,1.44671377849361
2025-04-12 08:00:00,-10.827831760226,1.4618801474994
2025-04-12 09:00:00,-10.3202586150882,1.44299961640927
2025-04-12 10:00:00,-10.4861280094767,1.44151548893097
2025-04-12 11:00:00,-10.6274784683822,1.46635976657716
2025-04-12 12:00:00,-10.6248505242836,1.48444305098879
2025-04-12 13:00:00,-10.0145276621766,1.47596384589169
2025-04-12 14:00:00,-9.87238211446092,1.45682357495793
2025-04-12 15:00:00,-9.37798631668421,1.4411563429561
2025-04-12 16:00:00,-9.80267042725097,1.4374525233672
2025-04-12 17:00:00,-10.2227852292419,1.428897078326
2025-04-12 18:00:00,-10.3441356418201,1.42276163141319
2025-04-12 19:00:00,-10.5254331577482,1.44473084326398
2025-04-12 20:00:00,-10.5290486933613,1.4583673075336
2025-04-12 21:00:00,-9.99625670988835,1.43928454992656
2025-04-12 22:00:00,-10.5176168063097,1.47966967216985
2025-04-12 23:00:00,-10.57459463074,1.48348343929108
2025-04-13 00:00:00,-11.3060772762638,1.47586133923649
2025-04-13 01:00:00,-11.1563316340657,1.45647740300843
2025-04-13 02:00:00,-10.6551856375897,1.45562976167657
2025-04-13 03:00:00,-11.1428562184006,1.44194228361274
2025-04-13 04:00:00,-11.0010260401176,1.42452503482001
2025-04-13 05:00:00,-10.7894363785769,1.4082937987889
2025-04-13 06:00:00,-11.0866621356298,1.39030336896115
2025-04-13 07:00:00,-11.1367602104852,1.3723233111834
2025-04-13 08:00:00,-11.2205387609165,1.36350194479814
2025-04-13 09:00:00,-11.4109776107023,1.362855554819
2025-04-13 10:00:00,-11.035811354314,1.34553031726481
2025-04-13 11:00:00,-10.90400163033,1.33207808714995
2025-04-13 12:00:00,-10.7187970378496,1.31531933248277
2025-04-13 13:00:00,-10.341286033737,1.29938719887193
2025-04-13 14:00:00,-10.3364682121185,1.28461401128788
2025-04-13 15:00:00,-10.7072393468174,1.294518395401
2025-04-13 16:00:00,-10.8422961271447,1.29880509994701
2025-04-13 17:00:00,-11.0884083354475,1.29167522157252
2025-04-13 18:00:00,-10.7748923886568,1.27576763796701
2025-04-13 19:00:00,-10.5645402230382,1.25988915837781
2025-04-13 20:00:00,-9.98063043439134,1.27941865822022
2025-04-13 21:00:00,-10.2640428049654,1.26354791342957
2025-04-13 22:00:00,-10.1329766013852,1.25692860090914
2025-04-13 23:00:00,-10.8174077750436,1.25175135337546
2025-04-14 00:00:00,-10.3567040867387,1.23653384891197
2025-04-14 01:00:00,-10.2912592270571,1.22723281885016
2025-04-14 02:00:00,-10.5040240231634,1.21267033363239
2025-04-14 03:00:00,-10.1252509650164,1.21824934752866
2025-04-14 04:00:00,-10.5428965746872,1.21579012680587
2025-04-14 05:00:00,-10.55662276671,1.2021536092492
2025-04-14 06:00:00,-10.916086355486,1.1968838741467
2025-04-14 07:00:00,-10.8687830830085,1.18369313062641
2025-04-14 08:00:00,-10.2901965932317,1.17550569369405
2025-04-14 09:00:00,-10.6956425041226,1.17255343950087
2025-04-14 10:00:00,-10.6459868627787,1.16406210799544
2025-04-14 11:00:00,-10.3927274262793,1.15187619907185
2025-04-14 12:00:00,-10.5337725311995,1.15320959399013
2025-04-14 13:00:00,-10.2461513438923,1.155765568358
2025-04-14 14:00:00,-9.97435786286915,1.14346540795902
2025-04-14 15:00:00,-9.57100903211559,1.13467970659966
2025-04-14 16:00:00,-9.5366366831407,1.12413944346209
2025-04-14 17:00:00,-10.3045457637493,1.11946363388708
2025-04-14 18:00:00,-10.4361553517367,1.11059846231825
2025-04-14 19:00:00,-10.8928278869441,1.15948433612857
2025-04-14 20:00:00,-10.4793416630989,1.14836612223048
2025-04-14 21:00:00,-10.5773714999093,1.15519466756918
2025-04-14 22:00:00,-10.3705719523511,1.14470427865661
2025-04-14 23:00:00,-10.9264988214821,1.18075734146148
2025-04-15 00:00:00,-10.5805592556463,1.17119154513251
2025-04-15 01:00:00,-10.7345798338664,1.16259542151182
2025-04-15 02:00:00,-10.5501974657722,1.14880406563404
2025-04-15 03:00:00,-10.6138143613379,1.13702696026085
2025-04-15 04:00:00,-10.7437669512369,1.14657502678902
2025-04-15 05:00:00,-10.7815811834637,1.14696299503727
2025-04-15 06:00:00,-10.7315610230456,1.13450089708195
2025-04-15 07:00:00,-11.1096004123517,1.1502391399079
2025-04-15 08:00:00,-10.9872188816575,1.16135260435415
2025-04-15 09:00:00,-10.893420749662,1.16201121675648
2025-04-15 10:00:00,-10.6276700466218,1.15364316734856
2025-04-15 11:00:00,-10.6592394612293,1.16727504972578
2025-04-15 12:00:00,-10.574761673979,1.17139856504004
2025-04-15 13:00:00,-10.1246647101495,1.16954082883159
2025-04-15 14:00:00,-9.72065866146972,1.16244278218139
2025-04-15 15:00:00,-9.54865567734319,1.14869978653783
2025-04-15 16:00:00,-10.0804640676054,1.16052485481228
2025-04-15 17:00:00,-10.8115662546591,1.20008571752228
2025-04-15 18:00:00,-10.3678112308647,1.18550574558198
2025-04-15 19:00:00,-10.2991485722004,1.17811646434185
2025-04-15 20:00:00,-10.4137259058717,1.18075258041807
2025-04-15 21:00:00,-10.2574201152329,1.17147087263929
2025-04-15 22:00:00,-10.4911217654612,1.18497055480405
2025-04-15 23:00:00,-10.4704991289783,1.17738756818379
2025-04-16 00:00:00,-11.1853104920125,1.17829216956121
2025-04-16 01:00:00,-10.9710293713425,1.16543675256748
2025-04-16 02:00:00,-10.8432900967926,1.15238832243361
2025-04-16 03:00:00,-11.2705006601811,1.15063989522668
2025-04-16 04:00:00,-11.2138534114655,1.14901680530106
2025-04-16 05:00:00,-11.0631298939104,1.13637078559368
2025-04-16 06:00:00,-10.8215629998258,1.1306277932133
2025-04-16 07:00:00,-11.1894037641247,1.12105804410357
2025-04-16 08:00:00,-11.211346253474,1.11772298029759
2025-04-16 09:00:00,-10.773139156099,1.10924225339879
2025-04-16 10:00:00,-11.2866199657468,1.13185044667081
2025-04-16 11:00:00,-10.996754422416,1.12452373121783
2025-04-16 12:00:00,-10.8017168152432,1.11338151872291
2025-04-16 13:00:00,-10.512412963133,1.10856787054391
2025-04-16 14:00:00,-10.6007916090161,1.09732430373253
2025-04-16 15:00:00,-10.107770561104,1.08756651393205
2025-04-16 16:00:00,-10.4004665426339,1.08097387611016
2025-04-16 17:00:00,-10.7774310318042,1.07158299590698
2025-04-16 18:00:00,-10.0851500027462,1.10004311667076
2025-04-16 19:00:00,-10.1146400446882,1.09181944818306
2025-04-16 20:00:00,-10.4786750540326,1.08132796868348
2025-04-16 21:00:00,-10.8807094885525,1.09152086461429
2025-04-16 22:00:00,-10.7588227370204,1.08221223456263
2025-04-16 23:00:00,-11.153593163815,1.09489365306494
2025-04-17 00:00:00,-10.9310760166533,1.09507465115559
2025-04-17 01:00:00,-11.2502829837148,1.10327546247279
2025-04-17 02:00:00,-11.1718221334952,1.10129367410359
2025-04-17 03:00:00,-11.1426329818422,1.09613329490892
2025-04-17 04:00:00,-10.8214241883041,1.0859184320957
2025-04-17 05:00:00,-11.3037843241092,1.12309951418293
2025-04-17 06:00:00,-11.2396847601032,1.11688146120266
2025-04-17 07:00:00,-11.1687758052138,1.10814694265385
2025-04-17 08:00:00,-10.8137268668805,1.09571928319307
2025-04-17 09:00:00,-11.2104629589724,1.11709424910537
2025-04-17 10:00:00,-11.0656509503483,1.11899590612652
2025-04-17 11:00:00,-10.7092879147889,1.11019980836352
2025-04-17 12:00:00,-10.6072678682735,1.10279294771122
2025-04-17 13:00:00,-10.5994593245012,1.13165304499826
2025-04-17 14:00:00,-10.4564901091266,1.12013149534459
2025-04-17 15:00:00,-10.2577627343861,1.11173562077227
2025-04-17 16:00:00,-10.1572729637378,1.10001365013519
2025-04-17 17:00:00,-10.4169390656726,1.08752213671362
2025-04-17 18:00:00,-10.8802400342029,1.10357350801409
2025-04-17 19:00:00,-10.2895376150027,1.09225243896896
2025-04-17 20:00:00,-10.5107985289338,1.08939774768721
2025-04-17 21:00:00,-10.7314173374578,1.1012925912666
2025-04-17 22:00:00,-11.0203561963112,1.13973994606429
2025-04-17 23:00:00,-11.092264644256,1.15442051068649
2025-04-18 00:00:00,-11.9849139806989,1.17568763113362
2025-04-18 01:00:00,-11.9341702100587,1.16835816115582
2025-04-18 02:00:00,-11.7589480360882,1.1570582003496
2025-04-18 03:00:00,-11.8478597951396,1.15096101155928
2025-04-18 04:00:00,-12.1545725011633,1.20082709828656
2025-04-18 05:00:00,-11.6933977203451,1.18689736591482
2025-04-18 06:00:00,-12.1073224787445,1.19907223945213
2025-04-18 07:00:00,-12.0949782222496,1.19651445559845
2025-04-18 08:00:00,-11.7437080324016,1.18603057218297
2025-04-18 09:00:00,-11.7985025239839,1.18264190878178
2025-04-18 10:00:00,-11.9951225442032,1.20805000012912
2025-04-18 11:00:00,-11.825716802784,1.22126020082988
2025-04-18 12:00:00,-11.5989894580682,1.21868616123483
2025-04-18 13:00:00,-11.4059107153453,1.24049442395652
2025-04-18 14:00:00,-11.741808060702,1.27228801630426
2025-04-18 15:00:00,-11.3511675885453,1.27101435821179
2025-04-18 16:00:00,-11.3885127226556,1.28038725632706
2025-04-18 17:00:00,-11.8721405660137,1.30591485374709
2025-04-18 18:00:00,-11.8433543503205,1.31380066681245
2025-04-18 19:00:00,-11.8677535054154,1.34121660902652
2025-04-18 20:00:00,-11.7917385236523,1.35661348048591
2025-04-18 21:00:00,-11.9372878452143,1.4000164675956
2025-04-18 22:00:00,-11.3662030488013,1.38293932719751
2025-04-18 23:00:00,-11.861033683728,1.41279525340025
2025-04-19 00:00:00,-13.4563339070821,1.4327011972907
2025-04-19 01:00:00,-12.8704984761101,1.42260125461752
2025-04-19 02:00:00,-13.088308584446,1.40950953333905
2025-04-19 03:00:00,-12.7171831005899,1.39996266164578
2025-04-19 04:00:00,-12.4674907122247,1.38610960975787
2025-04-19 05:00:00,-12.513036272031,1.37086428539766
2025-04-19 06:00:00,-12.8581367921068,1.35321073860767
2025-04-19 07:00:00,-13.1901940121279,1.34104404246932
2025-04-19 08:00:00,-12.6436491564066,1.33028663188632
2025-04-19 09:00:00,-12.8549109709983,1.31465403154101
2025-04-19 10:00:00,-12.5833219115358,1.30012821707833
2025-04-19 11:00:00,-12.988069728266,1.31293536268573
2025-04-19 12:00:00,-12.785878830421,1.29947613914446
2025-04-19 13:00:00,-12.4152242304704,1.28843337411027
2025-04-19 14:00:00,-12.6237530101372,1.27798739525417
2025-04-19 15:00:00,-12.40608728971,1.26480309308881
2025-04-19 16:00:00,-12.1728870276012,1.24935223810409
2025-04-19 17:00:00,-12.0357407360701,1.2577222145153
2025-04-19 18:00:00,-12.2435102895894,1.24444443952421
2025-04-19 19:00:00,-12.6900007343626,1.24327152180442
2025-04-19 20:00:00,-12.5724864685907,1.22848563624574
2025-04-19 21:00:00,-12.4148535074126,1.2132585675268
2025-04-19 22:00:00,-12.6440081439746,1.20604443374495
2025-04-19 23:00:00,-12.7916966130179,1.19507909408938
2025-04-20 00:00:00,-12.5334146702763,1.18983902769883
2025-04-20 01:00:00,-12.5006597921422,1.1753167237398
2025-04-20 02:00:00,-12.8358336656657,1.17857537144491
2025-04-20 03:00:00,-12.8754676016642,1.17250066391816
2025-04-20 04:00:00,-12.8049492418756,1.17569457529529
2025-04-20 05:00:00,-12.6712904318672,1.16547160689133
2025-04-20 06:00:00,-13.3750844357933,1.21825586107433
2025-04-20 07:00:00,-12.4975242486733,1.21808888766108
2025-04-20 08:00:00,-12.2587852519447,1.20380667947092
2025-04-20 09:00:00,-12.7979489843768,1.21579226408778
2025-04-20 10:00:00,-12.6002576041056,1.20528527019865
2025-04-20 11:00:00,-11.8106691242538,1.20716873474671
2025-04-20 12:00:00,-11.9939525803947,1.1929890365269
2025-04-20 13:00:00,-11.9293844690989,1.18884915704613
2025-04-20 14:00:00,-11.8605374349241,1.17487432156399
2025-04-20 15:00:00,-11.6345766399301,1.16083107016839
2025-04-20 16:00:00,-11.8525481369032,1.15062191091785
2025-04-20 17:00:00,-12.2817119614515,1.14127450749523
2025-04-20 18:00:00,-12.3512665259265,1.13106782577855
2025-04-20 19:00:00,-12.3486620724843,1.12607114882104
2025-04-20 20:00:00,-12.4685027568573,1.13021457636254
2025-04-20 21:00:00,-11.6321135428299,1.14140786861189
2025-04-20 22:00:00,-12.0477069640674,1.13380257759453
2025-04-20 23:00:00,-12.0535789497876,1.12043426498658
2025-04-21 00:00:00,-11.9977316636742,1.10700980019934
2025-04-21 01:00:00,-11.119500784029,1.24104376325916
2025-04-21 02:00:00,-11.953954744567,1.22627597766465
2025-04-21 03:00:00,-12.0958646154598,1.21254548560013
2025-04-21 04:00:00,-12.079355402708,1.19763811257837
2025-04-21 05:00:00,-12.3264759916962,1.1869983594936
2025-04-21 06:00:00,-12.4915201246549,1.17339598576222
2025-04-21 07:00:00,-12.4193371893959,1.15925050655774
2025-04-21 08:00:00,-12.1456015437465,1.14581317020239
2025-04-21 09:00:00,-12.1909272553283,1.13195983688652
2025-04-21 10:00:00,-11.8495067934098,1.12553008654962
2025-04-21 11:00:00,-12.1126680895083,1.12065551988519
2025-04-21 12:00:00,-11.490493215896,1.12899391963158
2025-04-21 13:00:00,-11.3982072545874,1.1155827936545
2025-04-21 14:00:00,-11.3102994324012,1.11606411770318
2025-04-21 15:00:00,-10.7968688143674,1.14509494040989
2025-04-21 16:00:00,-11.096786594777,1.13539820734219
2025-04-21 17:00:00,-11.4802175438442,1.12881191069377
2025-04-21 18:00:00,-11.4393952844201,1.13071128972599
2025-04-21 19:00:00,-11.8841509071838,1.12251232803635
2025-04-21 20:00:00,-11.5766690421183,1.11607083687464
2025-04-21 21:00:00,-12.0302032923018,1.11572243775375
2025-04-21 22:00:00,-12.0849740334067,1.10827432488411
2025-04-21 23:00:00,-12.1511762568842,1.09696765562291
2025-04-22 00:00:00,-10.3537587418411,1.08750617561443
2025-04-22 01:00:00,-10.8606287634296,1.07927912432447
2025-04-22 02:00:00,-10.4022143648114,1.08162311641907
2025-04-22 03:00:00,-10.7401268896199,1.06973387645822
2025-04-22 04:00:00,-10.698759775625,1.05926082218429
2025-04-22 05:00:00,-11.0723889772516,1.06844735011889
2025-04-22 06:00:00,-11.1503600198396,1.06071206445028
2025-04-22 07:00:00,-11.1624070910946,1.05237354218204
2025-04-22 08:00:00,-10.8952658385543,1.04204744387071
2025-04-22 09:00:00,-11.3233304149141,1.07067614881312
2025-04-22 10:00:00,-11.1641005197083,1.07535828219965
2025-04-22 11:00:00,-10.8342743775946,1.07015923899175
2025-04-22 12:00:00,-10.8533559687154,1.07528984889736
2025-04-22 13:00:00,-10.4434721658748,1.07487962375867
2025-04-22 14:00:00,-10.1794418226593,1.06402324943073
2025-04-22 15:00:00,-10.0288237516143,1.05171107774459
2025-04-22 16:00:00,-10.0542390077181,1.03979099217892
2025-04-22 17:00:00,-11.0716070626269,1.08849205786378
2025-04-22 18:00:00,-10.6612313469143,1.07564260203272
2025-04-22 19:00:00,-10.4659052010447,1.06388358275257
2025-04-22 20:00:00,-10.2248130694805,1.05228601835594
2025-04-22 21:00:00,-11.2257933726762,1.16004373796111
2025-04-22 22:00:00,-9.39639987384261,1.30197324662683
2025-04-22 23:00:00,-10.6731988176765,1.32688230578058
2025-04-23 00:00:00,-9.63755207640621,1.32714770219743
2025-04-23 01:00:00,-10.3478506411496,1.31960738422602
2025-04-23 02:00:00,-10.4043675327807,1.3060720795451
2025-04-23 03:00:00,-10.6421015509717,1.30285197256858
2025-04-23 04:00:00,-10.6195206109429,1.308738982884
2025-04-23 05:00:00,-10.4420455111122,1.29587876224688
2025-04-23 06:00:00,-10.728566805142,1.29364100176821
2025-04-23 07:00:00,-10.6803212900243,1.28199654241693
2025-04-23 08:00:00,-10.3388990298181,1.26678592760768
2025-04-23 09:00:00,-10.4123414795927,1.25673505104332
2025-04-23 10:00:00,-10.6673072508113,1.27644562903691
2025-04-23 11:00:00,-10.4866380541817,1.28157689985656
2025-04-23 12:00:00,-10.4811952271001,1.29314079331528
2025-04-23 13:00:00,-9.91114736257777,1.28536017991471
2025-04-23 14:00:00,-9.54566593431863,1.27500020690333
2025-04-23 15:00:00,-9.394260663717,1.25904911772068
2025-04-23 16:00:00,-9.49359530577004,1.24374959478258
2025-04-23 17:00:00,-9.93807423691713,1.23035691521389
2025-04-23 18:00:00,-10.5856456342793,1.26922309730956
2025-04-23 19:00:00,-10.3895778519968,1.27082521941707
2025-04-23 20:00:00,-10.0801674291421,1.25728641364049
2025-04-23 21:00:00,-10.2571175258321,1.26508105819203
2025-04-23 22:00:00,-10.3563914516764,1.27598204938959
2025-04-23 23:00:00,-10.5253281752651,1.28563144198597
2025-04-24 00:00:00,-11.1359023767995,1.30096726191459
2025-04-24 01:00:00,-10.8658840342755,1.28450823809921
2025-04-24 02:00:00,-10.8798601366357,1.2714670608255
2025-04-24 03:00:00,-10.8871766385352,1.25719504377894
2025-04-24 04:00:00,-10.6291551688474,1.24195673119761
2025-04-24 05:00:00,-10.6114871681328,1.22672275927868
2025-04-24 06:00:00,-11.1027741791828,1.22697362412527
2025-04-24 07:00:00,-11.0392841683905,1.21376553646661
2025-04-24 08:00:00,-10.7473044539376,1.19941825471409
2025-04-24 09:00:00,-10.615225451876,1.18467170797523
2025-04-24 10:00:00,-10.7443947795306,1.17804395909085
2025-04-24 11:00:00,-10.7312517842094,1.17750819413393
2025-04-24 12:00:00,-10.6907985581049,1.17460256290171
2025-04-24 13:00:00,-10.3295233334992,1.1719839005513
2025-04-24 14:00:00,-10.4693370635722,1.16517920768002
2025-04-24 15:00:00,-10.1169115821023,1.15169026036011
2025-04-24 16:00:00,-10.4189217596964,1.16016558857965
2025-04-24 17:00:00,-11.0102829644009,1.18621635125928
2025-04-24 18:00:00,-10.3864353073603,1.17554040913435
2025-04-24 19:00:00,-10.7708259535152,1.19479208351845
2025-04-24 20:00:00,-10.8335654621084,1.20533739438014
2025-04-24 21:00:00,-10.6667475257215,1.20101521192325
2025-04-24 22:00:00,-10.5864437900999,1.19469035726084
2025-04-24 23:00:00,-10.8991234873371,1.20514127415164
2025-04-25 00:00:00,-11.0516398942555,1.19085525334287
2025-04-25 01:00:00,-11.5167271943906,1.18769381611742
2025-04-25 02:00:00,-10.9876691483654,1.18375648213323
2025-04-25 03:00:00,-11.153916368004,1.16925633859032
2025-04-25 04:00:00,-11.51968127555,1.18525229198526
2025-04-25 05:00:00,-11.288504450396,1.17120538423823
2025-04-25 06:00:00,-11.705182328177,1.17385288688723
2025-04-25 07:00:00,-11.5704622618196,1.16075835264419
2025-04-25 08:00:00,-11.2090774090528,1.14664590477263
2025-04-25 09:00:00,-11.6708566308636,1.165417807082
2025-04-25 10:00:00,-11.3243385407342,1.15304937655529
2025-04-25 11:00:00,-11.0836118076578,1.14155309456113
2025-04-25 12:00:00,-10.8547463238983,1.12776727201738
2025-04-25 13:00:00,-10.2554711389536,1.11733796137573
2025-04-25 14:00:00,-10.7121423580744,1.10730337979755
2025-04-25 15:00:00,-10.0425162025309,1.11573520218062
2025-04-25 16:00:00,-10.3130885043448,1.10238784469604
2025-04-25 17:00:00,-11.1080970284646,1.10515591885424
2025-04-25 18:00:00,-10.6605779868769,1.10204812125636
2025-04-25 19:00:00,-11.0081506007673,1.10148400071715
2025-04-25 20:00:00,-10.8382160403951,1.08853390143452
2025-04-25 21:00:00,-11.1400703027155,1.09611071098064
2025-04-25 22:00:00,-11.0103340756393,1.08679346206629
2025-04-25 23:00:00,-11.6456329698046,1.13288882751765
2025-04-26 00:00:00,-11.0695063075585,1.11985024976065
2025-04-26 01:00:00,-11.2100361281634,1.10841897702769
2025-04-26 02:00:00,-11.3084231275376,1.10252090620681
2025-04-26 03:00:00,-11.4106787409699,1.09806780641642
2025-04-26 04:00:00,-11.2962431657824,1.09753490801996
2025-04-26 05:00:00,-11.2848062918118,1.09270025407543
2025-04-26 06:00:00,-11.6640418110689,1.10549229697091
2025-04-26 07:00:00,-11.6350166706233,1.1035140069296
2025-04-26 08:00:00,-11.3384624582908,1.09692386836125
2025-04-26 09:00:00,-11.234408314522,1.08762619223294
2025-04-26 10:00:00,-11.3470093420784,1.09585284290849
2025-04-26 11:00:00,-11.1522074962844,1.09592850416202
2025-04-26 12:00:00,-11.3130335774353,1.1203422653781
2025-04-26 13:00:00,-10.8924158923981,1.12968304724879
2025-04-26 14:00:00,-10.8243617469227,1.12038268118519
2025-04-26 15:00:00,-11.0857296087331,1.16369023372105
2025-04-26 16:00:00,-10.8760907326124,1.16298032368778
2025-04-26 17:00:00,-11.2068663253495,1.16781612454152
2025-04-26 18:00:00,-11.5409159867184,1.20703770406952
2025-04-26 19:00:00,-11.190404015853,1.20538802809861
2025-04-26 20:00:00,-11.340160862,1.23295772662944
2025-04-26 21:00:00,-11.2172064873778,1.24151946497363
2025-04-26 22:00:00,-11.1746093045456,1.24902758008729
2025-04-26 23:00:00,-11.068364754221,1.23851878643859
2025-04-27 00:00:00,-12.6541112945889,1.26420670221212
2025-04-27 01:00:00,-12.0509225235241,1.2628331022413
2025-04-27 02:00:00,-11.3813215225236,1.3112462060309
2025-04-27 03:00:00,-12.0172468689816,1.29522867031399
2025-04-27 04:00:00,-12.1273878564876,1.28219764583052
2025-04-27 05:00:00,-12.4786145794757,1.28388532850918
2025-04-27 06:00:00,-12.1317117436057,1.27503708977833
2025-04-27 07:00:00,-12.5496494500475,1.26829038881301
2025-04-27 08:00:00,-12.227566368777,1.25247877107812
2025-04-27 09:00:00,-12.2300074248124,1.23771964384163
2025-04-27 10:00:00,-12.2718164334042,1.22833538381749
2025-04-27 11:00:00,-12.167322995465,1.22043391105365
2025-04-27 12:00:00,-11.8307582732345,1.20553449751239
2025-04-27 13:00:00,-11.5628013940416,1.19343420039516
2025-04-27 14:00:00,-11.7507418247576,1.18009217573817
2025-04-27 15:00:00,-11.5125093561486,1.16574145446904
2025-04-27 16:00:00,-11.683651945628,1.15715804896246
2025-04-27 17:00:00,-11.9018103000272,1.14330126324899
2025-04-27 18:00:00,-12.0687470992287,1.13354683448876
2025-04-27 19:00:00,-11.9823182784366,1.12312971036991
2025-04-27 20:00:00,-12.3806598611147,1.15023177706211
2025-04-27 21:00:00,-12.2072725323283,1.14707960726727
2025-04-27 22:00:00,-11.9745245347692,1.13497324895128
2025-04-27 23:00:00,-11.8467847550651,1.12183287707592
2025-04-28 00:00:00,-11.6552134232128,1.10911306436853
2025-04-28 01:00:00,-11.6399612598403,1.10041656198402
2025-04-28 02:00:00,-11.5245175389692,1.09386520146776
2025-04-28 03:00:00,-11.6712600302215,1.08198700570233
2025-04-28 04:00:00,-11.6373148914809,1.06925980779307
2025-04-28 05:00:00,-11.8703702434991,1.06029283183148
2025-04-28 06:00:00,-12.1850032860051,1.05417558717639
2025-04-28 07:00:00,-11.9292127493111,1.04386379566274
2025-04-28 08:00:00,-11.779465127353,1.03176621981829
2025-04-28 09:00:00,-11.7450887546446,1.01987015695265
2025-04-28 10:00:00,-12.0067120834278,1.02254963620555
2025-04-28 11:00:00,-11.0326840959011,1.04801263823416
2025-04-28 12:00:00,-11.2270268981587,1.03593288109723
2025-04-28 13:00:00,-11.2788455849217,1.03443518164837
2025-04-28 14:00:00,-10.8526960155024,1.04797734649316
2025-04-28 15:00:00,-10.8578926547116,1.03680745081681
2025-04-28 16:00:00,-10.9515433453307,1.02524611092458
2025-04-28 17:00:00,-11.4575060793566,1.01401243651938
2025-04-28 18:00:00,-11.4987217469986,1.00237720006609
2025-04-28 19:00:00,-11.4018050309696,0.990937756473754
2025-04-28 20:00:00,-11.3777176422377,0.979705316107726
2025-04-28 21:00:00,-11.5367995179038,0.973410286178658
2025-04-28 22:00:00,-11.6154929730597,0.967982113228777
2025-04-28 23:00:00,-11.6125385313137,0.957344061252951
2025-04-29 00:00:00,-11.2091628583175,0.954001012202017
2025-04-29 01:00:00,-11.3573036957343,0.944573067320303
2025-04-29 02:00:00,-10.9636020860934,0.942654460392411
2025-04-29 03:00:00,-11.2794278197862,0.934252195115028
2025-04-29 04:00:00,-11.4322045185331,0.940785345702343
2025-04-29 05:00:00,-11.2270043988506,0.930508973951289
2025-04-29 06:00:00,-11.7185075488041,0.940450510997103
2025-04-29 07:00:00,-11.4692075951466,0.930050579351612
2025-04-29 08:00:00,-11.7703080814097,0.961192991784053
2025-04-29 09:00:00,-11.347621537374,0.950473036919351
2025-04-29 10:00:00,-11.3778958510804,0.949672649782319
2025-04-29 11:00:00,-11.1011889064256,0.941593846896748
2025-04-29 12:00:00,-11.0485364182827,0.935508343824587
2025-04-29 13:00:00,-10.7222640643582,0.931632743409145
2025-04-29 14:00:00,-10.690982293061,0.921394623365783
2025-04-29 15:00:00,-10.5867391398192,0.912954597780544
2025-04-29 16:00:00,-10.7039281993211,0.908207995311989
2025-04-29 17:00:00,-10.8582008109448,0.898369636467412
2025-04-29 18:00:00,-11.0988593775529,0.894759313874109
2025-04-29 19:00:00,-10.9245396641238,0.886194666977281
2025-04-29 20:00:00,-11.1581257170184,0.893993187326521
2025-04-29 21:00:00,-11.1967708810446,0.900042848208757
2025-04-29 22:00:00,-10.7205719511619,0.892262450409022
2025-04-29 23:00:00,-10.9259530163691,0.883715878484319
2025-04-30 00:00:00,-11.0912131647164,0.874310578106075
2025-04-30 01:00:00,-11.3475139938329,0.865308005541055
2025-04-30 02:00:00,-11.3887068691168,0.856792234330061
2025-04-30 03:00:00,-11.4204270994304,0.848029762854747
2025-04-30 04:00:00,-11.2302898417623,0.839454703170089
2025-04-30 05:00:00,-11.582893967946,0.847047655116331
2025-04-30 06:00:00,-11.7619972520327,0.845785250981974
2025-04-30 07:00:00,-11.9441172837728,0.853225091294772
2025-04-30 08:00:00,-11.5843389404002,0.847480474483777
2025-04-30 09:00:00,-11.5472588777499,0.843103445232821
2025-04-30 10:00:00,-11.6191958866191,0.851048340517047
2025-04-30 11:00:00,-11.6333138411391,0.87248123258818
2025-04-30 12:00:00,-11.6279088313973,0.892912533878118
2025-04-30 13:00:00,-10.5792302962261,0.887447849920742
2025-04-30 14:00:00,-10.4295193913633,0.888778674738656
2025-04-30 15:00:00,-10.2374695115251,0.885016710126645
2025-04-30 16:00:00,-10.8366178867229,0.892362072190874
2025-04-30 17:00:00,-11.1484751642554,0.8853288928274
2025-04-30 18:00:00,-11.0977106439348,0.876094933732626
2025-04-30 19:00:00,-11.0670751752596,0.86958209450699
2025-04-30 20:00:00,-11.1886339519089,0.869768457050728
2025-04-30 21:00:00,-10.8735779026432,0.860831710349827
2025-04-30 22:00:00,-11.3311969229852,0.881687529479991
2025-04-30 23:00:00,-11.2430276129685,0.873912036877954
2025-05-01 00:00:00,-11.214823200338,0.86729293815946
2025-05-01 01:00:00,-11.8199264448638,0.890419860609762
2025-05-01 02:00:00,-11.4104139531103,0.880900721301784
2025-05-01 03:00:00,-11.5134522421392,0.875219093232593
2025-05-01 04:00:00,-11.1805248470914,0.865946809578447
2025-05-01 05:00:00,-11.5632210266637,0.877405304985363
2025-05-01 06:00:00,-11.6917390521392,0.874818657351813
2025-05-01 07:00:00,-12.0317951579853,0.898732961654164
2025-05-01 08:00:00,-11.8983107179022,0.917825370725602
2025-05-01 09:00:00,-11.6628744361357,0.915227839046248
2025-05-01 10:00:00,-11.0875788120663,0.907570949976578
2025-05-01 11:00:00,-10.5400453586294,0.911772030196165
2025-05-01 12:00:00,-11.2988552225076,0.943857858190591
2025-05-01 13:00:00,-10.5875380306152,0.933439443431491
2025-05-01 14:00:00,-10.7431834498798,0.923491987934136
2025-05-01 15:00:00,-10.5288154349521,0.91338775540597
2025-05-01 16:00:00,-10.3994963764475,0.904750342272102
2025-05-01 17:00:00,-11.17883474299,0.911518950110112
2025-05-01 18:00:00,-10.9122016573447,0.902790113542738
2025-05-01 19:00:00,-11.0026662347901,0.897854239802081
2025-05-01 20:00:00,-10.8519397439495,0.888217888233572
2025-05-01 21:00:00,-10.8485381646366,0.879664290155582
2025-05-01 22:00:00,-11.0205221677516,0.877870708850162
2025-05-01 23:00:00,-11.3538416372298,0.885725584035147
2025-05-02 00:00:00,-11.3680043387122,0.881052482357865
2025-05-02 01:00:00,-11.4931171146182,0.873458705530492
2025-05-02 02:00:00,-11.4822930522669,0.866508237575179
2025-05-02 03:00:00,-11.7341534702538,0.871586458183536
2025-05-02 04:00:00,-11.3592086501981,0.863373503792101
2025-05-02 05:00:00,-11.6046814581375,0.870783735127535
2025-05-02 06:00:00,-11.5824346154692,0.862576205074966
2025-05-02 07:00:00,-11.6255444853101,0.855858005739009
2025-05-02 08:00:00,-11.1990275420122,0.847711329517603
2025-05-02 09:00:00,-11.3542831357068,0.841865734011677
2025-05-02 10:00:00,-11.1855165150286,0.833293734706962
2025-05-02 11:00:00,-11.4884562127884,0.858587651858912
2025-05-02 12:00:00,-11.467057426311,0.870035340148507
2025-05-02 13:00:00,-10.6057489338596,0.861604840951313
2025-05-02 14:00:00,-10.9000269272006,0.856279835093066
2025-05-02 15:00:00,-10.4163973000911,0.851090242822045
2025-05-02 16:00:00,-10.6075694658401,0.843750886063644
2025-05-02 17:00:00,-11.3162779304832,0.85538889449345
2025-05-02 18:00:00,-11.164734746062,0.847156467094526
2025-05-02 19:00:00,-11.0697159596657,0.841301438976363
2025-05-02 20:00:00,-11.0852441917868,0.837469827522033
2025-05-02 21:00:00,-11.4741707802369,0.872149008312103
2025-05-02 22:00:00,-11.2741973688212,0.871354245557924
2025-05-02 23:00:00,-11.5268344686755,0.885237775991346
2025-05-03 00:00:00,-11.9599759680298,0.897053820563129
2025-05-03 01:00:00,-12.0713547178792,0.897088064495986
2025-05-03 02:00:00,-12.0228961840425,0.896068129563476
2025-05-03 03:00:00,-12.3512569684252,0.924254373917899
2025-05-03 04:00:00,-11.8241939415889,0.916301789927213
2025-05-03 05:00:00,-12.1017621072579,0.935811093769675
2025-05-03 06:00:00,-11.894645381866,0.925563103732
2025-05-03 07:00:00,-12.0482688099917,0.922557611388247
2025-05-03 08:00:00,-11.941627888007,0.923039804449868
2025-05-03 09:00:00,-11.8544434792015,0.917366216908257
2025-05-03 10:00:00,-11.8684770913595,0.92063680978589
2025-05-03 11:00:00,-11.7395342719606,0.924563253192457
2025-05-03 12:00:00,-11.7595941411706,0.934539978303168
2025-05-03 13:00:00,-11.3976147513825,0.942627762671136
2025-05-03 14:00:00,-12.0288611792746,1.01114534839318
2025-05-03 15:00:00,-11.4740095706088,1.00850930075452
2025-05-03 16:00:00,-11.5920242587458,1.02904115768634
2025-05-03 17:00:00,-11.8681693764997,1.03790536747242
2025-05-03 18:00:00,-11.4499586704054,1.02600164150912
2025-05-03 19:00:00,-11.81846143358,1.05590418747369
2025-05-03 20:00:00,-11.9062162808118,1.07972538723749
2025-05-03 21:00:00,-12.100392208199,1.1313740930922
2025-05-03 22:00:00,-11.6805786452159,1.12507646853557
2025-05-03 23:00:00,-12.3371094927316,1.20679751913518
2025-05-04 00:00:00,-12.9878478207684,1.19297204338384
2025-05-04 01:00:00,-13.0418569926402,1.18010130050162
2025-05-04 02:00:00,-12.1776067215548,1.22032034374452
2025-05-04 03:00:00,-12.5732238273895,1.20540328044381
2025-05-04 04:00:00,-12.3499709037083,1.19497655535341
2025-05-04 05:00:00,-12.5573221011472,1.18028775470505
2025-05-04 06:00:00,-12.6925804665251,1.16740153750031
2025-05-04 07:00:00,-12.9466807695373,1.15411459674841
2025-05-04 08:00:00,-12.524225424282,1.14502712449802
2025-05-04 09:00:00,-12.3565063072217,1.14056052525852
2025-05-04 10:00:00,-12.4856957733661,1.12678814822155
2025-05-04 11:00:00,-12.3660241813511,1.11329544251095
2025-05-04 12:00:00,-12.4605407726954,1.10164946937741
2025-05-04 13:00:00,-12.0892152312484,1.08905040573868
2025-05-04 14:00:00,-12.2478652291204,1.07622028983798
2025-05-04 15:00:00,-12.276303079729,1.06926179262054
2025-05-04 16:00:00,-12.4873342347012,1.07197919272249
2025-05-04 17:00:00,-12.3835852813504,1.06199965122922
2025-05-04 18:00:00,-12.569510064685,1.05135494496037
2025-05-04 19:00:00,-12.477314341075,1.04007415286022
2025-05-04 20:00:00,-12.553223227401,1.03249581460122
2025-05-04 21:00:00,-12.7877386140144,1.04179264624087
2025-05-04 22:00:00,-12.6144665337169,1.03289200813144
2025-05-04 23:00:00,-11.860478868718,1.07313429544175
2025-05-05 00:00:00,-11.2523406378062,1.07100132019977
2025-05-05 01:00:00,-11.9022607327147,1.05919263049655
2025-05-05 02:00:00,-11.4663222541046,1.07635901792466
2025-05-05 03:00:00,-11.4423114462706,1.08467145879317
2025-05-05 04:00:00,-11.8168038002734,1.07483647047159
2025-05-05 05:00:00,-12.2614233977735,1.07941780123761
2025-05-05 06:00:00,-12.1318645812866,1.06729995157866
2025-05-05 07:00:00,-12.33166395262,1.05807530774105
2025-05-05 08:00:00,-12.2013326157337,1.04959390981689
2025-05-05 09:00:00,-12.1432709620943,1.03886307303729
2025-05-05 10:00:00,-12.2908607450134,1.04357257322481
2025-05-05 11:00:00,-11.6239708261818,1.03577466332855
2025-05-05 12:00:00,-11.6377631353066,1.02410442331795
2025-05-05 13:00:00,-11.3527192478283,1.01381671881652
2025-05-05 14:00:00,-11.075814370027,1.01992550653918
2025-05-05 15:00:00,-10.9127761845769,1.01463957495191
2025-05-05 16:00:00,-11.4002204107325,1.01003139185077
2025-05-05 17:00:00,-11.8599967027735,1.00310161185237
2025-05-05 18:00:00,-11.6041897825313,0.994558894946462
2025-05-05 19:00:00,-11.6389165703083,0.984130200375951
2025-05-05 20:00:00,-11.8328437134757,0.981211753159072
2025-05-05 21:00:00,-11.334345083671,0.978878127220326
2025-05-05 22:00:00,-11.5006135635911,0.968165772942593
2025-05-05 23:00:00,-11.6473797641871,0.957298562678147
2025-05-06 00:00:00,-11.1400842347895,0.947807755490984
2025-05-06 01:00:00,-11.6316645345992,0.948627057552395
2025-05-06 02:00:00,-11.2232484811464,0.94240989917546
2025-05-06 03:00:00,-11.5667762975698,0.938863021236761
2025-05-06 04:00:00,-11.6511013393544,0.948398686157628
2025-05-06 05:00:00,-11.7054430567554,0.952014396958576
2025-05-06 06:00:00,-11.9713001605341,0.961756331841615
2025-05-06 07:00:00,-12.1621322138826,0.981944925514592
2025-05-06 08:00:00,-11.6943081400261,0.975357401197874
2025-05-06 09:00:00,-11.4714003450465,0.965095453779018
2025-05-06 10:00:00,-12.0313511643347,1.03100723148162
2025-05-06 11:00:00,-11.2983670901146,1.01920184593098
2025-05-06 12:00:00,-11.4285964372068,1.02778328839843
2025-05-06 13:00:00,-11.1398544948778,1.03791202270463
2025-05-06 14:00:00,-10.7272216682664,1.03071293657222
2025-05-06 15:00:00,-10.5167551805832,1.01907998661871
2025-05-06 16:00:00,-10.7409295359619,1.01136669046739
2025-05-06 17:00:00,-10.7654774787268,1.00461472688844
2025-05-06 18:00:00,-11.0858750645228,0.996152150644494
2025-05-06 19:00:00,-11.0536026294155,0.987172175801769
2025-05-06 20:00:00,-11.2109175879802,0.986985101458575
2025-05-06 21:00:00,-11.2675967598448,0.988709849560478
2025-05-06 22:00:00,-11.1536453769094,0.981775730305353
2025-05-06 23:00:00,-10.8339042994423,0.976927257340193
2025-05-07 00:00:00,-10.8975805249651,0.967763364536447
2025-05-07 01:00:00,-11.1052160350709,0.959325496234564
2025-05-07 02:00:00,-11.420625880381,0.951935445306922
2025-05-07 03:00:00,-11.3988006884703,0.941346920324171
2025-05-07 04:00:00,-11.3868072263679,0.935255700819623
2025-05-07 05:00:00,-11.6776423074905,0.943230796717289
2025-05-07 06:00:00,-12.1873945737032,0.978643289207101
2025-05-07 07:00:00,-11.8025217694673,0.96814342368956
2025-05-07 08:00:00,-11.6873172611378,0.967610438526691
2025-05-07 09:00:00,-11.9285476086833,0.988430835683403
2025-05-07 10:00:00,-11.6998147608218,0.988412548747308
2025-05-07 11:00:00,-11.5367541608166,0.992977330371642
2025-05-07 12:00:00,-11.8557452737423,1.04655469334815
2025-05-07 13:00:00,-10.9831050110731,1.03596783935863
2025-05-07 14:00:00,-10.760485468745,1.02599433483225
2025-05-07 15:00:00,-10.6146007431313,1.0142048971666
2025-05-07 16:00:00,-10.9689054823405,1.01799793520659
2025-05-07 17:00:00,-11.257134201619,1.01060954793843
2025-05-07 18:00:00,-11.0096144296215,1.00015218920779
2025-05-07 19:00:00,-10.2835076844532,1.03258444491124
2025-05-07 20:00:00,-10.5526669030161,1.02178815005634
2025-05-07 21:00:00,-11.034800656333,1.02130599442125
2025-05-07 22:00:00,-10.8135958181482,1.0103326346546
2025-05-07 23:00:00,-11.3745319368579,1.01814724192184
2025-05-08 00:00:00,-11.5241860149912,1.04571246573367
2025-05-08 01:00:00,-10.8023288316334,1.06146908449103
2025-05-08 02:00:00,-11.277245431256,1.05954896971282
2025-05-08 03:00:00,-11.1218502285292,1.04760178534999
2025-05-08 04:00:00,-10.8711539585783,1.03575344544116
2025-05-08 05:00:00,-11.2319054362393,1.03419310346186
2025-05-08 06:00:00,-11.6034086782145,1.03808211593472
2025-05-08 07:00:00,-11.6977846453423,1.03907010696625
2025-05-08 08:00:00,-11.3163947671996,1.02912909715653
2025-05-08 09:00:00,-11.3234912184506,1.02269688809413
2025-05-08 10:00:00,-11.461760028994,1.03455889877669
2025-05-08 11:00:00,-11.4025712313815,1.05013472126426
2025-05-08 12:00:00,-11.4173072863944,1.07013396185263
2025-05-08 13:00:00,-10.6352001049239,1.0585229315821
2025-05-08 14:00:00,-10.8457086822883,1.05297119863854
2025-05-08 15:00:00,-10.3961895820459,1.04102516688884
2025-05-08 16:00:00,-9.93515339593109,1.04947510488252
2025-05-08 17:00:00,-10.8140977934104,1.04609706660932
2025-05-08 18:00:00,-10.8278542381414,1.03413126411557
2025-05-08 19:00:00,-11.0332090655478,1.03774068096248
2025-05-08 20:00:00,-10.9344417438044,1.03010774515671
2025-05-08 21:00:00,-10.3827770092347,1.02854115328518
2025-05-08 22:00:00,-10.0408186323067,1.04109769820834
2025-05-08 23:00:00,-10.6607503515426,1.0310417903282
2025-05-09 00:00:00,-10.4960094728791,1.02118109542652
2025-05-09 01:00:00,-11.0817827763879,1.02967624452862
2025-05-09 02:00:00,-10.6794624363558,1.01928146926028
2025-05-09 03:00:00,-11.2743195556992,1.0454104081352
2025-05-09 04:00:00,-10.8410964081566,1.03549242259379
2025-05-09 05:00:00,-11.1267518729776,1.05050525604824
2025-05-09 06:00:00,-11.3184976984604,1.05669507178972
2025-05-09 07:00:00,-11.400379447184,1.06414764850908
2025-05-09 08:00:00,-10.4422361679386,1.06652208607551
2025-05-09 09:00:00,-10.2397689828932,1.06358088149715
2025-05-09 10:00:00,-10.3256436921571,1.05123449191082
2025-05-09 11:00:00,-10.8932616268473,1.087376377718
2025-05-09 12:00:00,-10.3957477320344,1.07468833549959
2025-05-09 13:00:00,-10.3455721504365,1.08348746200401
2025-05-09 14:00:00,-10.2884944578854,1.07114077036591
2025-05-09 15:00:00,-9.67172669953893,1.06965874868055
2025-05-09 16:00:00,-10.5218430626241,1.11232858559337
2025-05-09 17:00:00,-10.6339095072535,1.10248236284238
2025-05-09 18:00:00,-10.6249906293225,1.09309001828888
2025-05-09 19:00:00,-10.9677066981389,1.12881252754299
2025-05-09 20:00:00,-11.025577034062,1.15499331196092
2025-05-09 21:00:00,-10.9882180763235,1.17623907804794
2025-05-09 22:00:00,-10.652744578101,1.16753256426397
2025-05-09 23:00:00,-11.2782070386793,1.23054045697528
2025-05-10 00:00:00,-11.9842664589089,1.3280467749204
2025-05-10 01:00:00,-11.6007167251157,1.31804769864114
2025-05-10 02:00:00,-11.5402748963887,1.31857672940593
2025-05-10 03:00:00,-11.4764593933883,1.31203396275044
2025-05-10 04:00:00,-11.5557787624906,1.33745276588467
2025-05-10 05:00:00,-11.6698863099719,1.36193155966652
2025-05-10 06:00:00,-11.7449661390328,1.36867892299584
2025-05-10 07:00:00,-11.1029749838414,1.35620387783973
2025-05-10 08:00:00,-11.2388291382555,1.35367632055882
2025-05-10 09:00:00,-11.2034600551213,1.34193477801109
2025-05-10 10:00:00,-11.0151164454372,1.32715195253094
2025-05-10 11:00:00,-11.1207315957296,1.33432631682699
2025-05-10 12:00:00,-11.3155400960411,1.36169069074365
2025-05-10 13:00:00,-11.0017436512912,1.38438310989112
2025-05-10 14:00:00,-11.2269247228182,1.40740150981358
2025-05-10 15:00:00,-10.9661078439618,1.41577894538926
2025-05-10 16:00:00,-11.1092108530902,1.44660430013037
2025-05-10 17:00:00,-11.2358553690583,1.44539603026137
2025-05-10 18:00:00,-10.975904547935,1.42883979858602
2025-05-10 19:00:00,-11.0988468621572,1.43667134094333
2025-05-10 20:00:00,-11.2650065321412,1.45946837813002
2025-05-10 21:00:00,-11.2912044904674,1.48080513394174
2025-05-10 22:00:00,-10.8533326304613,1.46345951622129
2025-05-10 23:00:00,-11.260415632016,1.4791622248245
2025-05-11 00:00:00,-10.9632223074399,1.5102926921198
2025-05-11 01:00:00,-11.0881500255492,1.50838501115512
2025-05-11 02:00:00,-11.4893147171109,1.4885393422688
2025-05-11 03:00:00,-11.3055193042563,1.48186586395501
2025-05-11 04:00:00,-11.440095731905,1.4628676144332
2025-05-11 05:00:00,-11.5948731364226,1.44450742849559
2025-05-11 06:00:00,-11.9523138343713,1.43081054148944
2025-05-11 07:00:00,-11.8121434430043,1.41246286419306
2025-05-11 08:00:00,-11.550348258515,1.39442682083423
2025-05-11 09:00:00,-11.6262463006113,1.37675322842869
2025-05-11 10:00:00,-11.4169840998611,1.3597215149702
2025-05-11 11:00:00,-11.2922757553127,1.3422695307523
2025-05-11 12:00:00,-11.4278478069493,1.32945253520016
2025-05-11 13:00:00,-10.9461236264081,1.31252821535836
2025-05-11 14:00:00,-11.0406336829565,1.29616164972896
2025-05-11 15:00:00,-11.1769563562228,1.28856458217432
2025-05-11 16:00:00,-10.9357067393847,1.27290104715504
2025-05-11 17:00:00,-11.4029886190868,1.2591385098309
2025-05-11 18:00:00,-11.315759249624,1.24370529813458
2025-05-11 19:00:00,-10.9293754679465,1.23769623811889
2025-05-11 20:00:00,-11.51718356277,1.24374889738422
2025-05-11 21:00:00,-11.6893598126309,1.24903134613703
2025-05-11 22:00:00,-11.2247307375457,1.23477530380395
2025-05-11 23:00:00,-11.309492848539,1.21942240452855
2025-05-12 00:00:00,-11.0980318421977,1.20968107075945
2025-05-12 01:00:00,-11.3370292783834,1.19702126864875
2025-05-12 02:00:00,-10.9214114879863,1.19179586614583
2025-05-12 03:00:00,-11.3457338488342,1.18348909171956
2025-05-12 04:00:00,-11.2001590512865,1.17150365694752
2025-05-12 05:00:00,-11.4749168108841,1.17403657351806
2025-05-12 06:00:00,-11.6581981358581,1.1696130233495
2025-05-12 07:00:00,-11.4901920243972,1.15577423480152
2025-05-12 08:00:00,-10.5689089369452,1.18189087086675
2025-05-12 09:00:00,-11.1107411952203,1.17264577560341
2025-05-12 10:00:00,-11.5801006131107,1.19921957200602
2025-05-12 11:00:00,-11.0987822459208,1.18550270068293
2025-05-12 12:00:00,-10.9625910440219,1.1728990398864
2025-05-12 13:00:00,-10.7507379560639,1.17002104914657
2025-05-12 14:00:00,-10.4573501757598,1.16206021530589
2025-05-12 15:00:00,-9.91271220131759,1.17173514518799
2025-05-12 16:00:00,-10.4379717015887,1.1619764881837
2025-05-12 17:00:00,-11.0538821974869,1.15789087908205
2025-05-12 18:00:00,-10.994939521154,1.14454393718623
2025-05-12 19:00:00,-9.98164851624764,1.2028868201598
2025-05-12 20:00:00,-10.6846110132607,1.19574979583384
2025-05-12 21:00:00,-10.5648813723278,1.18179157162807
2025-05-12 22:00:00,-11.1395593460081,1.19941755343243
2025-05-12 23:00:00,-11.4603786724135,1.21421485105973
2025-05-13 00:00:00,-10.6154794508363,1.20152045092875
2025-05-13 01:00:00,-10.9881559119081,1.20291506999804
2025-05-13 02:00:00,-10.6652040258155,1.18809598131188
2025-05-13 03:00:00,-10.4271172702417,1.1772398107785
2025-05-13 04:00:00,-10.6231079422435,1.17346437556776
2025-05-13 05:00:00,-10.6637778179188,1.16313086789874
2025-05-13 06:00:00,-11.0303251563675,1.16402453389224
2025-05-13 07:00:00,-11.1505251512655,1.16430740024261
2025-05-13 08:00:00,-11.0198344744969,1.16816704311158
2025-05-13 09:00:00,-10.8366108998991,1.15857713757048
2025-05-13 10:00:00,-10.7685120969012,1.15453004804955
2025-05-13 11:00:00,-10.8282874002558,1.17182174843313
2025-05-13 12:00:00,-10.867657978621,1.19172964795259
2025-05-13 13:00:00,-10.1360070071778,1.17968198761688
2025-05-13 14:00:00,-10.5203920749064,1.18944135664514
2025-05-13 15:00:00,-10.0174884435706,1.17509065379909
2025-05-13 16:00:00,-10.0862740963356,1.16671833665671
2025-05-13 17:00:00,-10.2653327765136,1.15273208445568
2025-05-13 18:00:00,-10.652025628102,1.15951637570438
2025-05-13 19:00:00,-10.7118381327291,1.17143063007976
2025-05-13 20:00:00,-10.2622213628781,1.15713822878766
2025-05-13 21:00:00,-10.4057452696276,1.15512150827481
2025-05-13 22:00:00,-10.3624695386244,1.14678542627304
2025-05-13 23:00:00,-11.0159309965556,1.19711600290241
2025-05-14 00:00:00,-11.4165587757382,1.18928069186178
2025-05-14 01:00:00,-11.6472730124174,1.18826558952865
2025-05-14 02:00:00,-11.3287061570389,1.17371717673535
2025-05-14 03:00:00,-11.3793242677444,1.16131950892612
2025-05-14 04:00:00,-11.6174215816761,1.18275198442761
2025-05-14 05:00:00,-11.4726966190967,1.17479726006595
2025-05-14 06:00:00,-11.7697680412328,1.17957904774196
2025-05-14 07:00:00,-12.0106511584897,1.19937071965029
2025-05-14 08:00:00,-11.4314088147024,1.18566546912811
2025-05-14 09:00:00,-11.1158085492368,1.17181779229869
2025-05-14 10:00:00,-11.2385167877871,1.16493269889113
2025-05-14 11:00:00,-11.2916338858079,1.16988388655823
2025-05-14 12:00:00,-11.1576306769687,1.16340007845354
2025-05-14 13:00:00,-10.7103026241727,1.15428482349079
2025-05-14 14:00:00,-10.5619176944163,1.14177010838426
2025-05-14 15:00:00,-10.4127193380039,1.12799306869447
2025-05-14 16:00:00,-10.5946714163739,1.11837597596168
2025-05-14 17:00:00,-10.9691040227144,1.10786102219395
2025-05-14 18:00:00,-10.9664351624912,1.09540021970994
2025-05-14 19:00:00,-10.8119161882138,1.08269137176407
2025-05-14 20:00:00,-11.1895591055653,1.09641927446444
2025-05-14 21:00:00,-11.1890208302138,1.09937272441217
2025-05-14 22:00:00,-11.6727875634532,1.16925608319332
2025-05-14 23:00:00,-11.8820599854402,1.21927783601954
2025-05-15 00:00:00,-12.0363664489327,1.21801035069065
2025-05-15 01:00:00,-11.9053644378179,1.20410155741267
2025-05-15 02:00:00,-11.633785029531,1.18961271126087
2025-05-15 03:00:00,-11.6543015001605,1.17503069622084
2025-05-15 04:00:00,-11.688212643966,1.16754117822163
2025-05-15 05:00:00,-11.9198395801512,1.16940222338919
2025-05-15 06:00:00,-11.8633820538495,1.15555376845749
2025-05-15 07:00:00,-11.6555085118948,1.14348979039207
2025-05-15 08:00:00,-11.5170934197039,1.12969800105488
2025-05-15 09:00:00,-11.5990463962836,1.1170323661845
2025-05-15 10:00:00,-11.1388055902987,1.11403500761936
2025-05-15 11:00:00,-11.2619864399227,1.10249447722611
2025-05-15 12:00:00,-11.3462673339963,1.09274371367018
2025-05-15 13:00:00,-10.7956394655751,1.08016412203659
2025-05-15 14:00:00,-10.6490754986516,1.0810018071429
2025-05-15 15:00:00,-10.5174186110067,1.07289365378024
2025-05-15 16:00:00,-10.8152807650616,1.06103936376053
2025-05-15 17:00:00,-11.2250390050073,1.04890480331955
2025-05-15 18:00:00,-11.2158957398054,1.03690755342992
2025-05-15 19:00:00,-10.7926576601041,1.03832329586717
2025-05-15 20:00:00,-11.1000047340126,1.02764498518325
2025-05-15 21:00:00,-10.9843539186896,1.01669481395774
2025-05-15 22:00:00,-11.0053690922306,1.00516664043301
2025-05-15 23:00:00,-11.2757669700752,0.994448451159252
2025-05-16 00:00:00,-10.6108429865095,0.98431159968354
2025-05-16 01:00:00,-11.261288700125,0.987584084156993
2025-05-16 02:00:00,-11.0309934711153,0.976493850407022
2025-05-16 03:00:00,-11.07568517352,0.965746735851325
2025-05-16 04:00:00,-11.1362127727352,0.965136513248018
2025-05-16 05:00:00,-11.6140379439876,1.00522727517793
2025-05-16 06:00:00,-11.5275676712893,1.00014817946296
2025-05-16 07:00:00,-11.5378350248802,0.997424945087601
2025-05-16 08:00:00,-11.2242135623642,0.989420386836626
2025-05-16 09:00:00,-10.9731838729748,0.97829201636355
2025-05-16 10:00:00,-11.3870602140308,1.00482379565684
2025-05-16 11:00:00,-11.1499374138697,1.00619948191392
2025-05-16 12:00:00,-11.0934018161106,1.00995017209345
2025-05-16 13:00:00,-10.6932218718491,1.01121305153704
2025-05-16 14:00:00,-10.6996237554436,1.00219972058349
2025-05-16 15:00:00,-10.4060337086476,0.991445639522373
2025-05-16 16:00:00,-10.4794623995624,0.984412266184953
2025-05-16 17:00:00,-11.0343669722013,0.990150201077861
2025-05-16 18:00:00,-10.8503365403374,0.979356970454543
2025-05-16 19:00:00,-10.9553696601334,0.982771070577696
2025-05-16 20:00:00,-10.8940519888265,0.979099654433923
2025-05-16 21:00:00,-10.9454351376287,0.982147356958085
2025-05-16 22:00:00,-11.0006297432081,0.987592699572961
2025-05-16 23:00:00,-11.396534291198,1.01950620595239
2025-05-17 00:00:00,-12.1831303320206,1.04344665317794
2025-05-17 01:00:00,-11.8353277902267,1.03156635401281
2025-05-17 02:00:00,-11.514254947399,1.02329093135309
2025-05-17 03:00:00,-11.6682559850591,1.01167977552477
2025-05-17 04:00:00,-11.6756797929782,1.00466592036594
2025-05-17 05:00:00,-11.8155624534948,1.00017781318287
2025-05-17 06:00:00,-12.2229243964716,1.00990753111739
2025-05-17 07:00:00,-12.3071802753566,1.01419979434964
2025-05-17 08:00:00,-12.1641064065593,1.02216000126384
2025-05-17 09:00:00,-11.5400521744656,1.01592757262292
2025-05-17 10:00:00,-11.4100651308524,1.00440017621867
2025-05-17 11:00:00,-11.6055411650832,1.0068660634801
2025-05-17 12:00:00,-11.7289800000558,1.01462255139111
2025-05-17 13:00:00,-11.6333547102376,1.0475260009672
2025-05-17 14:00:00,-11.2741081790879,1.03544808272348
2025-05-17 15:00:00,-11.67041469502,1.08168410781043
2025-05-17 16:00:00,-11.5434069393625,1.086176628635
2025-05-17 17:00:00,-11.5050115926288,1.07364896822112
2025-05-17 18:00:00,-11.8571327448803,1.08685867628845
2025-05-17 19:00:00,-11.6344240072692,1.08138616912384
2025-05-17 20:00:00,-11.8215610690516,1.09912657632594
2025-05-17 21:00:00,-11.5941115858409,1.09300469428654
2025-05-17 22:00:00,-11.6388326561913,1.09498864014957
2025-05-17 23:00:00,-11.739604032103,1.09242917233519
2025-05-18 00:00:00,-12.3296945427828,1.08717701602186
2025-05-18 01:00:00,-12.5956612150656,1.08468293343906
2025-05-18 02:00:00,-12.4101659827066,1.07285996938539
2025-05-18 03:00:00,-13.1699629170357,1.14778026603696
2025-05-18 04:00:00,-12.1774548342584,1.13755446624142
2025-05-18 05:00:00,-12.559772981004,1.14771131637341
2025-05-18 06:00:00,-12.683022827455,1.14217382671383
2025-05-18 07:00:00,-12.3862232227905,1.1289665215461
2025-05-18 08:00:00,-12.0260545391391,1.1169530804879
2025-05-18 09:00:00,-12.1973077713902,1.10531039306739
2025-05-18 10:00:00,-12.3010501256138,1.10033675851364
2025-05-18 11:00:00,-12.4369625248041,1.1172246780172
2025-05-18 12:00:00,-12.3285096278271,1.11874408119199
2025-05-18 13:00:00,-11.9210673080976,1.11866052355762
2025-05-18 14:00:00,-11.2276589522481,1.13913453677127
2025-05-18 15:00:00,-11.0517453919059,1.13293874861576
2025-05-18 16:00:00,-11.3010428594499,1.11929902153738
2025-05-18 17:00:00,-11.5987227890021,1.10792147172029
2025-05-18 18:00:00,-11.4700548894766,1.10574581071439
2025-05-18 19:00:00,-11.3556269579885,1.10011956718397
2025-05-18 20:00:00,-11.3987084859197,1.09061135622461
2025-05-18 21:00:00,-11.567852732759,1.07768078955964
2025-05-18 22:00:00,-11.758822654843,1.06679366919969
2025-05-18 23:00:00,-11.1216757892901,1.11439627018549
2025-05-19 00:00:00,-10.3368436142582,1.11396517181456
2025-05-19 01:00:00,-10.8442825169063,1.10208582934304
2025-05-19 02:00:00,-10.9305358866594,1.09089737837258
2025-05-19 03:00:00,-10.9714272197241,1.08108739488217
2025-05-19 04:00:00,-10.8117424258407,1.07037520308733
2025-05-19 05:00:00,-10.7065025006896,1.06647967231274
2025-05-19 06:00:00,-11.1078107987719,1.05397974229773
2025-05-19 07:00:00,-11.0344679881798,1.04762658563182
2025-05-19 08:00:00,-11.213525361516,1.03961173478511
2025-05-19 09:00:00,-11.121458009446,1.02758357041598
2025-05-19 10:00:00,-11.1240046167652,1.01721736479018
2025-05-19 11:00:00,-11.3880923753149,1.03675154254006
2025-05-19 12:00:00,-11.0501124392565,1.02579416555355
2025-05-19 13:00:00,-10.3480256257535,1.01619469993773
2025-05-19 14:00:00,-10.6932592986161,1.00616590918729
2025-05-19 15:00:00,-10.2942288368222,0.998186299165966
2025-05-19 16:00:00,-10.7083000687242,0.998366244665512
2025-05-19 17:00:00,-10.8536950026152,0.987033041892625
2025-05-19 18:00:00,-10.6311231751006,0.982353925706171
2025-05-19 19:00:00,-10.7104061620337,0.971451897797107
2025-05-19 20:00:00,-10.7807271498274,0.961314114454768
2025-05-19 21:00:00,-10.7388651721154,0.950742479273698
2025-05-19 22:00:00,-10.8761824435248,0.944028264178281
2025-05-19 23:00:00,-11.1095935683794,0.939388718632731
2025-05-20 00:00:00,-10.8796053542286,0.945452088563935
2025-05-20 01:00:00,-10.2626695450302,0.969511119528136
2025-05-20 02:00:00,-10.4426792027528,0.959441717217189
2025-05-20 03:00:00,-10.8225286423222,0.952776998760479
2025-05-20 04:00:00,-10.553331584093,0.942175682927679
2025-05-20 05:00:00,-10.8984380672554,0.945058004226034
2025-05-20 06:00:00,-11.2643530825394,0.953920925538035
2025-05-20 07:00:00,-11.0132530565505,0.943404104466992
2025-05-20 08:00:00,-10.606398143473,0.933624802736293
2025-05-20 09:00:00,-10.8430020265513,0.930215908485687
2025-05-20 10:00:00,-11.5490339914307,1.02818707282491
2025-05-20 11:00:00,-10.8274329225335,1.01878247515149
2025-05-20 12:00:00,-10.7980084742721,1.02285432037743
2025-05-20 13:00:00,-10.6160773909929,1.04582209216318
2025-05-20 14:00:00,-10.4097544805748,1.03432969188829
2025-05-20 15:00:00,-10.0807032736134,1.0225536005842
2025-05-20 16:00:00,-10.1920929758918,1.01569867000949
2025-05-20 17:00:00,-10.8026336551575,1.02640728994285
2025-05-20 18:00:00,-10.4284690612525,1.01548015810387
2025-05-20 19:00:00,-10.1747746894222,1.00476744837793
2025-05-20 20:00:00,-10.2349951912899,0.993619210904608
2025-05-20 21:00:00,-10.16717258075,0.982338210103556
2025-05-20 22:00:00,-10.0769555795713,0.972102287738711
2025-05-20 23:00:00,-10.4428212658882,0.964334026053196
2025-05-21 00:00:00,-10.5847359604551,0.958906648814838
2025-05-21 01:00:00,-10.9007081095237,0.955072917346363
2025-05-21 02:00:00,-10.8347708014266,0.94669119166013
2025-05-21 03:00:00,-10.782179422341,0.936656146680701
2025-05-21 04:00:00,-11.0828096170986,0.966153030696821
2025-05-21 05:00:00,-10.4100582809057,0.964330423880124
2025-05-21 06:00:00,-10.8726291465216,0.960009584648361
2025-05-21 07:00:00,-10.8005539054431,0.949281950022053
2025-05-21 08:00:00,-10.3503312338722,0.943711522015258
2025-05-21 09:00:00,-10.8033392806488,0.946915195020427
2025-05-21 10:00:00,-10.7581343894295,0.943180201182947
2025-05-21 11:00:00,-10.6386412829187,0.941850515107176
2025-05-21 12:00:00,-10.7803507586365,0.956782235752781
2025-05-21 13:00:00,-10.2234344491328,0.951373781520068
2025-05-21 14:00:00,-10.314845199057,0.944069382780901
2025-05-21 15:00:00,-9.5927799172826,0.948701085437877
2025-05-21 16:00:00,-9.66596142225605,0.939323595159131
2025-05-21 17:00:00,-10.2894194725703,0.93187456998365
2025-05-21 18:00:00,-9.56932578548985,0.981578929480969
2025-05-21 19:00:00,-9.99284238080907,0.971120010822723
2025-05-21 20:00:00,-9.74959862746943,0.971837276445376
2025-05-21 21:00:00,-10.5316283644585,0.998607629006824
2025-05-21 22:00:00,-10.3568393397916,0.988872529178023
2025-05-21 23:00:00,-10.5055949260003,0.981552371982811
2025-05-22 00:00:00,-9.77678738871088,0.971176758528465
2025-05-22 01:00:00,-10.3282576250934,0.971944567024568
2025-05-22 02:00:00,-10.3138937985169,0.96495498935089
2025-05-22 03:00:00,-10.065431988569,0.955417049070669
2025-05-22 04:00:00,-9.86103124650799,0.944807700467646
2025-05-22 05:00:00,-10.3781936629535,0.960673938548315
2025-05-22 06:00:00,-10.3031696459386,0.950190301932018
2025-05-22 07:00:00,-10.7239247980824,0.967618934409047
2025-05-22 08:00:00,-10.5997847706563,0.978814156489611
2025-05-22 09:00:00,-10.177688762034,0.967767588468149
2025-05-22 10:00:00,-10.4558483502515,0.988589180659933
2025-05-22 11:00:00,-10.4917643798232,1.01990161444789
2025-05-22 12:00:00,-9.99996611925256,1.00949634432972
2025-05-22 13:00:00,-9.62426846887509,1.00523351878349
2025-05-22 14:00:00,-9.80055459176145,0.999797314601089
2025-05-22 15:00:00,-9.52720904749846,0.990018908496232
2025-05-22 16:00:00,-10.2111654522953,1.05954961793839
2025-05-22 17:00:00,-10.306052405064,1.06189425765937
2025-05-22 18:00:00,-9.99027068933019,1.04991320854186
2025-05-22 19:00:00,-10.1415896134927,1.0607441822219
2025-05-22 20:00:00,-9.98783542659626,1.05488798536732
2025-05-22 21:00:00,-10.2897197229726,1.08643438790498
2025-05-22 22:00:00,-10.2085915139462,1.09424542095648
2025-05-22 23:00:00,-10.663791598556,1.14824897067266
2025-05-23 00:00:00,-11.1778301616191,1.14461215010623
2025-05-23 01:00:00,-11.1072989076604,1.13206723001091
2025-05-23 02:00:00,-11.2464620124538,1.13177951254151
2025-05-23 03:00:00,-11.3170029746561,1.12970936752428
2025-05-23 04:00:00,-11.1427566031637,1.128136376625
2025-05-23 05:00:00,-11.0401215097354,1.11871157160261
2025-05-23 06:00:00,-11.5340114090395,1.13909527432308
2025-05-23 07:00:00,-11.1439076994919,1.12539554691106
2025-05-23 08:00:00,-11.319019171513,1.1410068166457
2025-05-23 09:00:00,-11.541659703376,1.1699804495032
2025-05-23 10:00:00,-11.1012847572712,1.15991349880496
2025-05-23 11:00:00,-10.8910189806286,1.15452033049606
2025-05-23 12:00:00,-10.0655225986447,1.16644518846968
2025-05-23 13:00:00,-9.79305783084168,1.15368443514012
2025-05-23 14:00:00,-10.0098774406819,1.1416234559415
2025-05-23 15:00:00,-10.0857521689703,1.12888520639951
2025-05-23 16:00:00,-10.0750488833491,1.11530971549868
2025-05-23 17:00:00,-10.2755436528733,1.10409837992986
2025-05-23 18:00:00,-10.5471734574831,1.09263791291148
2025-05-23 19:00:00,-10.7665155410644,1.09555676371059
2025-05-23 20:00:00,-10.5756989962996,1.08374298523647
2025-05-23 21:00:00,-10.7477467050573,1.08611898674131
2025-05-23 22:00:00,-10.4943159907491,1.0734648271452
2025-05-23 23:00:00,-10.6496192781372,1.06307379242615
2025-05-24 00:00:00,-10.6309060327835,1.05442183630242
2025-05-24 01:00:00,-10.5968279778436,1.04355942792928
2025-05-24 02:00:00,-10.9723226950267,1.04519844108831
2025-05-24 03:00:00,-11.1364936323548,1.04593208019367
2025-05-24 04:00:00,-10.8770402317372,1.03950140892068
2025-05-24 05:00:00,-11.299554660963,1.07536626891595
2025-05-24 06:00:00,-11.4662318692633,1.09020973268444
2025-05-24 07:00:00,-10.6450630016757,1.09501155381913
2025-05-24 08:00:00,-10.932989730602,1.09973713371431
2025-05-24 09:00:00,-10.9127711104192,1.09206140612192
2025-05-24 10:00:00,-11.0778515053032,1.10656881172691
2025-05-24 11:00:00,-10.428438816939,1.09403256559502
2025-05-24 12:00:00,-10.7614044033194,1.10823321381982
2025-05-24 13:00:00,-10.1817175459436,1.09732417608272
2025-05-24 14:00:00,-10.9108308907929,1.14789825075511
2025-05-24 15:00:00,-10.5260481133008,1.14659903368674
2025-05-24 16:00:00,-10.5909961086202,1.15794510965652
2025-05-24 17:00:00,-11.0109412795901,1.17586509143575
2025-05-24 18:00:00,-10.8742984732591,1.17187690590139
2025-05-24 19:00:00,-11.1466298934688,1.22128477335866
2025-05-24 20:00:00,-11.2612937376113,1.27304892872202
2025-05-24 21:00:00,-10.8657029338924,1.27112446480071
2025-05-24 22:00:00,-10.9269163827151,1.28857371936964
2025-05-24 23:00:00,-10.686729604157,1.27432557151489
2025-05-25 00:00:00,-11.198317873843,1.25932571334403
2025-05-25 01:00:00,-11.2890161040145,1.24534422860403
2025-05-25 02:00:00,-11.3041569850638,1.23037281780334
2025-05-25 03:00:00,-11.3716572534441,1.21542430617379
2025-05-25 04:00:00,-11.6496761186319,1.21938217789335
2025-05-25 05:00:00,-11.8018393478836,1.22022900026569
2025-05-25 06:00:00,-12.1476476888941,1.23256479344946
2025-05-25 07:00:00,-11.9673595093832,1.22127849615527
2025-05-25 08:00:00,-11.594114878477,1.20706245040553
2025-05-25 09:00:00,-11.288397720329,1.1945829158164
2025-05-25 10:00:00,-11.0120808071463,1.18531870490696
2025-05-25 11:00:00,-11.0646543931427,1.17141865711949
2025-05-25 12:00:00,-11.4057816149438,1.17574730742426
2025-05-25 13:00:00,-11.0238576907297,1.16877363892027
2025-05-25 14:00:00,-11.2141888923542,1.16155633861819
2025-05-25 15:00:00,-10.8487977711856,1.14760910848824
2025-05-25 16:00:00,-10.6931579946386,1.13401622878576
2025-05-25 17:00:00,-11.4117612083317,1.1372601195778
2025-05-25 18:00:00,-11.6800176946695,1.14780854794616
2025-05-25 19:00:00,-11.5442136578461,1.14838683252037
2025-05-25 20:00:00,-11.756333214583,1.17747052765964
2025-05-25 21:00:00,-11.5608485298641,1.1784455645972
2025-05-25 22:00:00,-11.0185149892542,1.16566313238743
2025-05-25 23:00:00,-10.7268697514014,1.16715054633725
2025-05-26 00:00:00,-11.2063383126234,1.15923079746721
2025-05-26 01:00:00,-11.2323307193335,1.14741149591945
2025-05-26 02:00:00,-11.2623601188802,1.13379501237592
2025-05-26 03:00:00,-11.4387443492829,1.12072343851429
2025-05-26 04:00:00,-11.4009837011086,1.1109304480067
2025-05-26 05:00:00,-11.6908629538015,1.11522272553354
2025-05-26 06:00:00,-12.1132851308208,1.13495907561379
2025-05-26 07:00:00,-11.528802309845,1.125713179034
2025-05-26 08:00:00,-11.2794461504356,1.11230150243006
2025-05-26 09:00:00,-11.5013639476183,1.10461781070922
2025-05-26 10:00:00,-11.5314547945828,1.10008754980236
2025-05-26 11:00:00,-11.3943885940572,1.09534028319497
2025-05-26 12:00:00,-11.3640632527134,1.09206814367454
2025-05-26 13:00:00,-10.590016314519,1.08084939176511
2025-05-26 14:00:00,-11.2578370854197,1.09506910892005
2025-05-26 15:00:00,-11.1133467071798,1.09485586528208
2025-05-26 16:00:00,-10.7158616464884,1.0825060466502
2025-05-26 17:00:00,-10.9268108623664,1.07021893028698
2025-05-26 18:00:00,-11.0711281407138,1.05804837271086
2025-05-26 19:00:00,-10.9509398556413,1.04568867034073
2025-05-26 20:00:00,-11.34447557644,1.05649275412968
2025-05-26 21:00:00,-11.2533441550621,1.05094245447681
2025-05-26 22:00:00,-11.1582834919017,1.04204175508064
2025-05-26 23:00:00,-11.0608401029892,1.03010226258014
2025-05-27 00:00:00,-11.5749360043586,1.03598930293242
2025-05-27 01:00:00,-11.8873659085719,1.03741425508598
2025-05-27 02:00:00,-10.9056669231293,1.0783848792912
2025-05-27 03:00:00,-11.6537645779505,1.08077498537339
2025-05-27 04:00:00,-11.079847259067,1.07609124240539
2025-05-27 05:00:00,-11.4058758489302,1.06667414177369
2025-05-27 06:00:00,-11.6710860082862,1.05653552392858
2025-05-27 07:00:00,-11.4609261191368,1.04709615750419
2025-05-27 08:00:00,-11.4285911177699,1.03592756652857
2025-05-27 09:00:00,-12.0335928624316,1.0733571247848
2025-05-27 10:00:00,-11.4336496626297,1.06105914049249
2025-05-27 11:00:00,-11.6865456179521,1.08323410438567
2025-05-27 12:00:00,-11.5091902560124,1.08000355088242
2025-05-27 13:00:00,-10.8045758914131,1.06725453735609
2025-05-27 14:00:00,-10.5896858643106,1.06550701567488
2025-05-27 15:00:00,-10.4911354015081,1.05431874291792
2025-05-27 16:00:00,-10.7498984674867,1.04382127828
2025-05-27 17:00:00,-11.1700089315928,1.03328977807294
2025-05-27 18:00:00,-11.2756316983645,1.02339346782058
2025-05-27 19:00:00,-11.2363159376013,1.01541444671657
2025-05-27 20:00:00,-11.3526398984559,1.01477684664179
2025-05-27 21:00:00,-11.3815087076437,1.01502176872514
2025-05-27 22:00:00,-10.852232295152,1.00929699376407
2025-05-27 23:00:00,-11.2262317570308,1.00167915722484
2025-05-28 00:00:00,-11.2202039083134,1.00083035664028
2025-05-28 01:00:00,-11.2224346292748,0.989418211686088
2025-05-28 02:00:00,-11.2256362205279,0.978695799533076
2025-05-28 03:00:00,-11.3658973251559,0.970565841387287
2025-05-28 04:00:00,-11.5312681820204,0.986354386261001
2025-05-28 05:00:00,-11.2047939774062,0.975186119634163
2025-05-28 06:00:00,-11.818134034556,0.999764991567264
2025-05-28 07:00:00,-11.6298947368829,0.991119894265216
2025-05-28 08:00:00,-11.3237715772284,0.981711943376527
2025-05-28 09:00:00,-11.3816404881592,0.976902035440249
2025-05-28 10:00:00,-11.2158537676767,0.968376801629003
2025-05-28 11:00:00,-10.8751541973844,0.957509832423407
2025-05-28 12:00:00,-11.5216646049295,1.01605510761258
2025-05-28 13:00:00,-10.9126314626453,1.01433804590875
2025-05-28 14:00:00,-10.6103061431096,1.00456207645155
2025-05-28 15:00:00,-10.4031625935805,0.993087065785671
2025-05-28 16:00:00,-10.5859562205553,0.98583114069748
2025-05-28 17:00:00,-11.2492924386341,0.997915553556515
2025-05-28 18:00:00,-11.1982932576528,0.992351353232857
2025-05-28 19:00:00,-10.8499267553867,0.981109761203492
2025-05-28 20:00:00,-10.9428674475184,0.975973378980108
2025-05-28 21:00:00,-11.0193034893326,0.974994290575169
2025-05-28 22:00:00,-11.3500952585204,1.00430498816721
2025-05-28 23:00:00,-11.5604032920664,1.02685108095492
2025-05-29 00:00:00,-11.5585074949743,1.01511136533468
2025-05-29 01:00:00,-11.3126534569812,1.01319977229957
2025-05-29 02:00:00,-11.2661180000866,1.00539860088928
2025-05-29 03:00:00,-11.6270548869628,0.996455818400604
2025-05-29 04:00:00,-11.8122882515761,1.00496227944796
2025-05-29 05:00:00,-11.4018417727405,0.996075361012867
2025-05-29 06:00:00,-12.2935956947106,1.04217217144957
2025-05-29 07:00:00,-12.0968726347627,1.03470228839764
2025-05-29 08:00:00,-11.6225248439843,1.02271972266874
2025-05-29 09:00:00,-11.5382012882479,1.01103500050383
2025-05-29 10:00:00,-11.6362799701044,1.00701220617906
2025-05-29 11:00:00,-11.5305955407893,1.0032553286336
2025-05-29 12:00:00,-11.6778065121636,1.01494020022552
2025-05-29 13:00:00,-10.9560980224848,1.00336250646189
2025-05-29 14:00:00,-10.7526644150913,0.999546121617412
2025-05-29 15:00:00,-10.2280025844542,1.0157156843967
2025-05-29 16:00:00,-11.0806869164553,1.0311359830975
2025-05-29 17:00:00,-11.3174329010143,1.02012870684892
2025-05-29 18:00:00,-10.7926368477966,1.03307422680082
2025-05-29 19:00:00,-10.858473930859,1.02210129812023
2025-05-29 20:00:00,-11.1860372676041,1.01540526646004
2025-05-29 21:00:00,-11.0617403843522,1.00374376670896
2025-05-29 22:00:00,-11.3284075993954,1.00245950356321
2025-05-29 23:00:00,-11.4476051686262,0.994754372785685
2025-05-30 00:00:00,-10.6735871539695,0.985715552368007
2025-05-30 01:00:00,-10.8123521302988,0.976589797949957
2025-05-30 02:00:00,-11.0107350791216,0.966483485632344
2025-05-30 03:00:00,-11.4261773574483,0.973155430114262
2025-05-30 04:00:00,-11.4871054109561,0.992512394492927
2025-05-30 05:00:00,-11.7165423411872,1.02710951774152
2025-05-30 06:00:00,-11.5253089580817,1.01909889926066
2025-05-30 07:00:00,-11.3195119046916,1.00756817025106
2025-05-30 08:00:00,-10.7482286825716,1.00302884583757
2025-05-30 09:00:00,-10.978650255892,0.993364113749293
2025-05-30 10:00:00,-10.6440997187921,0.986243732020453
2025-05-30 11:00:00,-10.8329993864446,0.982673704685616
2025-05-30 12:00:00,-11.0846798612047,0.994755040003857
2025-05-30 13:00:00,-10.1024934282306,0.991855185469625
2025-05-30 14:00:00,-10.6194289766383,0.988200340244173
2025-05-30 15:00:00,-10.5724528496405,0.984536431531597
2025-05-30 16:00:00,-10.5809988075324,0.978986244177245
2025-05-30 17:00:00,-10.3583501031596,0.981618336083595
2025-05-30 18:00:00,-10.8415387540174,0.978945627944805
2025-05-30 19:00:00,-10.5472511532178,0.96841041795942
2025-05-30 20:00:00,-11.2334624387083,1.01707153176898
2025-05-30 21:00:00,-10.8065227311787,1.00608742365717
2025-05-30 22:00:00,-10.9223193839274,1.00734156190886
2025-05-30 23:00:00,-10.8282590273209,0.996151102156511
2025-05-31 00:00:00,-10.7016107024833,0.984853689662067
2025-05-31 01:00:00,-10.7743852278725,0.975879119556923
2025-05-31 02:00:00,-10.6049195392667,0.972756849805781
2025-05-31 03:00:00,-10.8873840676615,0.961940158608753
2025-05-31 04:00:00,-10.9276720805278,0.95497185798593
2025-05-31 05:00:00,-11.515979084475,0.995428478395058
2025-05-31 06:00:00,-11.5259212935341,0.994175955626954
2025-05-31 07:00:00,-11.5540649440933,0.994596379618348
2025-05-31 08:00:00,-11.2374020981133,0.9881713395142
2025-05-31 09:00:00,-11.1880026395754,0.982008454455888
2025-05-31 10:00:00,-11.6283178070277,1.03857139479958
2025-05-31 11:00:00,-10.9845839832369,1.02799425844475
2025-05-31 12:00:00,-11.2184070730107,1.05403440094743
2025-05-31 13:00:00,-10.6504847480214,1.05047345347983
2025-05-31 14:00:00,-11.2746197414773,1.10612257351198
2025-05-31 15:00:00,-10.9240576381924,1.1138062637246
2025-05-31 16:00:00,-10.6585196427762,1.10607190921503
2025-05-31 17:00:00,-11.0210730515041,1.1058498733405
2025-05-31 18:00:00,-11.3343557220608,1.13128365647098
2025-05-31 19:00:00,-11.1575724792526,1.13779390845813
2025-05-31 20:00:00,-11.376698719517,1.17979594494907
2025-05-31 21:00:00,-11.2826976806346,1.20009814793488
2025-05-31 22:00:00,-11.1779573101123,1.21057309048424
2025-05-31 23:00:00,-11.7016936667009,1.2856290154209
2025-06-01 00:00:00,-11.9231420856,1.27258785490921
2025-06-01 01:00:00,-12.220188732039,1.27698516624408
2025-06-01 02:00:00,-11.4698304197884,1.27602116200827
2025-06-01 03:00:00,-11.865052888307,1.26690719460568
2025-06-01 04:00:00,-11.6328959415015,1.25178049110151
2025-06-01 05:00:00,-12.0035884435866,1.25868409473599
2025-06-01 06:00:00,-12.2721731247352,1.26190916089844
2025-06-01 07:00:00,-12.250758730012,1.25582572557816
2025-06-01 08:00:00,-12.177311775793,1.26223123223006
2025-06-01 09:00:00,-12.0698865438823,1.2567497619462
2025-06-01 10:00:00,-11.3983499890633,1.24746146619099
2025-06-01 11:00:00,-11.6403579813598,1.24850890929812
2025-06-01 12:00:00,-11.6853805859495,1.24674559197726
2025-06-01 13:00:00,-11.1692422223646,1.23432925859413
2025-06-01 14:00:00,-11.3705964267362,1.22436150902003
2025-06-01 15:00:00,-11.3268569875338,1.22148407736606
2025-06-01 16:00:00,-11.3336416549177,1.21593400436086
2025-06-01 17:00:00,-11.1642313272941,1.20659888587122
2025-06-01 18:00:00,-11.8692942490068,1.23266778583897
2025-06-01 19:00:00,-11.08953679707,1.22794414919783
2025-06-01 20:00:00,-11.5773127741653,1.23609828094009
2025-06-01 21:00:00,-11.3905605153533,1.22234596619966
2025-06-01 22:00:00,-11.5764043054197,1.22219921985073
2025-06-01 23:00:00,-11.725007270337,1.21749009176541
2025-06-02 00:00:00,-12.2239864037186,1.21818906933013
2025-06-02 01:00:00,-12.3588195345272,1.20953535587973
2025-06-02 02:00:00,-12.0002411413638,1.19572034575169
2025-06-02 03:00:00,-12.0332945389479,1.18103367400229
2025-06-02 04:00:00,-12.0688789939208,1.17326019287399
2025-06-02 05:00:00,-11.9250401233374,1.15894090855144
2025-06-02 06:00:00,-12.1262550244238,1.14537715044542
2025-06-02 07:00:00,-12.0109600665201,1.1331557520911
2025-06-02 08:00:00,-12.1383601509991,1.12740924413033
2025-06-02 09:00:00,-11.6578382221298,1.12560925845821
2025-06-02 10:00:00,-11.5098663553104,1.11682891128192
2025-06-02 11:00:00,-11.5550328060146,1.10360732683665
2025-06-02 12:00:00,-11.6421140634588,1.0919201057991
2025-06-02 13:00:00,-11.3695809685339,1.0819494386996
2025-06-02 14:00:00,-10.9794019464957,1.0939948037851
2025-06-02 15:00:00,-11.0061734119294,1.08173399438877
2025-06-02 16:00:00,-11.2102910914163,1.06930754709265
2025-06-02 17:00:00,-11.7070927130094,1.05911064933672
2025-06-02 18:00:00,-11.5695662203473,1.04811782653822
2025-06-02 19:00:00,-11.4259012103187,1.03670146994596
2025-06-02 20:00:00,-11.4569488992657,1.02468257355609
2025-06-02 21:00:00,-11.3590189647399,1.01381750849871
2025-06-02 22:00:00,-11.5061165433214,1.00294677182835
2025-06-02 23:00:00,-11.5308489723615,0.992406211232981
2025-06-03 00:00:00,-11.4483407824013,0.995948614579605
2025-06-03 01:00:00,-11.2121899227502,0.992526354676812
2025-06-03 02:00:00,-11.5990344642591,0.99009751549721
2025-06-03 03:00:00,-11.294684307673,0.983799813988755
2025-06-03 04:00:00,-11.3122489490803,0.974335663950525
2025-06-03 05:00:00,-11.8697898737041,1.00236407553223
2025-06-03 06:00:00,-11.8136748434357,0.99372330442135
2025-06-03 07:00:00,-11.9819510425646,0.99592706698378
2025-06-03 08:00:00,-11.7702491445892,0.994024936056529
2025-06-03 09:00:00,-11.6424341216549,0.986239139536238
2025-06-03 10:00:00,-11.747842277543,0.995736931311104
2025-06-03 11:00:00,-11.6401158343272,1.00495446643627
2025-06-03 12:00:00,-11.8560184809436,1.04680225887086
2025-06-03 13:00:00,-11.4086190542603,1.06448199865941
2025-06-03 14:00:00,-10.9564333153048,1.05359123840654
2025-06-03 15:00:00,-10.351790615847,1.05490780055717
2025-06-03 16:00:00,-10.9052384594959,1.05735224969256
2025-06-03 17:00:00,-11.2157811394733,1.04722329764903
2025-06-03 18:00:00,-11.4873665761505,1.04988037950284
2025-06-03 19:00:00,-11.2154359376276,1.03921750593924
2025-06-03 20:00:00,-11.2779716799383,1.03559220626516
2025-06-03 21:00:00,-11.0099672164233,1.02359039246628
2025-06-03 22:00:00,-11.0988181295585,1.01538613948685
2025-06-03 23:00:00,-11.5374726833243,1.02609053939148
2025-06-04 00:00:00,-11.8036538725078,1.02800671516858
2025-06-04 01:00:00,-11.7227117238395,1.0161676158604
2025-06-04 02:00:00,-12.0063338146992,1.02295248816317
2025-06-04 03:00:00,-11.8282174653127,1.01186306161708
2025-06-04 04:00:00,-11.796791536893,1.01153556581947
2025-06-04 05:00:00,-11.9796666260403,1.01988734223633
2025-06-04 06:00:00,-12.1875915686675,1.02509987735622
2025-06-04 07:00:00,-12.2131040143604,1.0262906451277
2025-06-04 08:00:00,-12.1113998535695,1.03666818739148
2025-06-04 09:00:00,-11.9538525111455,1.03244492035788
2025-06-04 10:00:00,-11.5600051244169,1.0205376322591
2025-06-04 11:00:00,-11.5861881414961,1.02088396948156
2025-06-04 12:00:00,-11.2354102716047,1.00924159319649
2025-06-04 13:00:00,-11.2865721039714,1.02552720425688
2025-06-04 14:00:00,-10.9535508216414,1.01775111338027
2025-06-04 15:00:00,-11.0671475885501,1.01410186637886
2025-06-04 16:00:00,-11.1001350490966,1.00698163232777
2025-06-04 17:00:00,-11.6251394845589,1.01151613729243
2025-06-04 18:00:00,-11.6057547459349,1.0058971838295
2025-06-04 19:00:00,-11.6628462301138,1.01427661026462
2025-06-04 20:00:00,-11.4944627582225,1.00843808194892
2025-06-04 21:00:00,-11.269362925682,0.997632762012634
2025-06-04 22:00:00,-11.2517234229523,0.988263202638163
2025-06-04 23:00:00,-11.548249903447,0.986735409974447
2025-06-05 00:00:00,-12.4512091264917,1.01080453729273
2025-06-05 01:00:00,-12.3044222782043,0.999543622284189
2025-06-05 02:00:00,-12.1533074219902,0.988208260602639
2025-06-05 03:00:00,-11.9557858018152,0.980299471609331
2025-06-05 04:00:00,-12.2472762845026,0.987265091647844
2025-06-05 05:00:00,-12.487620123675,0.998928196564723
2025-06-05 06:00:00,-12.3264922014238,0.987606329541499
2025-06-05 07:00:00,-12.1793472238071,0.976972140135551
2025-06-05 08:00:00,-12.2842692291718,0.976297541159745
2025-06-05 09:00:00,-12.2832981413423,0.970192813164962
2025-06-05 10:00:00,-12.2060008516261,0.96530582676401
2025-06-05 11:00:00,-11.9855802375692,0.958108056269964
2025-06-05 12:00:00,-12.1186318572801,0.965040219256633
2025-06-05 13:00:00,-11.1049054078113,0.965914030400343
2025-06-05 14:00:00,-11.0139564079462,0.972516960146652
2025-06-05 15:00:00,-11.0282578911699,0.963225303562812
2025-06-05 16:00:00,-11.1832352558503,0.952542333685706
2025-06-05 17:00:00,-11.4266938580322,0.945600051759405
2025-06-05 18:00:00,-11.7552657076572,0.936813318535573
2025-06-05 19:00:00,-11.0547920389309,0.963791923870124
2025-06-05 20:00:00,-10.7728123794017,0.996305200469007
2025-06-05 21:00:00,-10.7543164565508,1.01510162803467
2025-06-05 22:00:00,-10.8759088495202,1.02112600507908
2025-06-05 23:00:00,-11.711254210383,1.01703871154008
2025-06-06 00:00:00,-10.6101497279274,1.00732204220855
2025-06-06 01:00:00,-11.0440953725115,1.00500836186183
2025-06-06 02:00:00,-11.271102642017,1.01495951967181
2025-06-06 03:00:00,-10.9731572820201,1.00331215698191
2025-06-06 04:00:00,-11.0865514591516,1.01312255732937
2025-06-06 05:00:00,-11.1688260575939,1.01834390194016
2025-06-06 06:00:00,-11.4266800260211,1.02837701122817
2025-06-06 07:00:00,-11.0045624843447,1.01720218832397
2025-06-06 08:00:00,-11.0341497655357,1.01659565043026
2025-06-06 09:00:00,-11.231497383477,1.02735157536261
2025-06-06 10:00:00,-11.2894211897592,1.04793809846389
2025-06-06 11:00:00,-11.1742437917656,1.06911963089136
2025-06-06 12:00:00,-10.9019984153805,1.06764100874672
2025-06-06 13:00:00,-10.2264279642437,1.05580905975718
2025-06-06 14:00:00,-10.5379847410669,1.05347451351525
2025-06-06 15:00:00,-10.3276050294764,1.04580735763078
2025-06-06 16:00:00,-10.0559555351835,1.03403509441288
2025-06-06 17:00:00,-10.7419081088882,1.03887100673029
2025-06-06 18:00:00,-10.670874957881,1.0287415936858
2025-06-06 19:00:00,-10.757620354181,1.03215959404088
2025-06-06 20:00:00,-10.9376507049691,1.05043758778393
2025-06-06 21:00:00,-10.6752564850437,1.04329574810397
2025-06-06 22:00:00,-11.1963055837946,1.10753984683197
2025-06-06 23:00:00,-11.3926821237951,1.14867215235141
2025-06-07 00:00:00,-11.8565075321913,1.14283376457196
2025-06-07 01:00:00,-11.6874297923335,1.12903500529417
2025-06-07 02:00:00,-12.1915003196426,1.1602135928399
2025-06-07 03:00:00,-12.057113929227,1.15444143497189
2025-06-07 04:00:00,-11.6107240377957,1.14105293345425
2025-06-07 05:00:00,-11.9187708566389,1.15004949205507
2025-06-07 06:00:00,-12.0644130085253,1.14695140975979
2025-06-07 07:00:00,-11.5620770966242,1.14014812800722
2025-06-07 08:00:00,-11.6593861853034,1.13280635822682
2025-06-07 09:00:00,-11.9278369204443,1.13901850926617
2025-06-07 10:00:00,-11.9166490882276,1.1447200774941
2025-06-07 11:00:00,-11.4335884345116,1.13150765432607
2025-06-07 12:00:00,-11.6923795868479,1.14716735033747
2025-06-07 13:00:00,-10.9670037924154,1.13346651256364
2025-06-07 14:00:00,-11.2492578675522,1.12666238386056
2025-06-07 15:00:00,-11.0106549940777,1.11511696731687
2025-06-07 16:00:00,-11.3042963512247,1.12483442246686
2025-06-07 17:00:00,-11.8930831019402,1.15235789668085
2025-06-07 18:00:00,-11.7767608675562,1.15110565997214
2025-06-07 19:00:00,-11.773092001112,1.16508964703151
2025-06-07 20:00:00,-11.7254038799772,1.17353600223175
2025-06-07 21:00:00,-12.0072020221567,1.22661321641782
2025-06-07 22:00:00,-11.9595643628469,1.25451520195368
2025-06-07 23:00:00,-12.0460239238661,1.27626435730283
2025-06-08 00:00:00,-12.7960785772816,1.27652469234597
2025-06-08 01:00:00,-12.583427862432,1.26046773460445
2025-06-08 02:00:00,-12.5171119076254,1.24523496411573
2025-06-08 03:00:00,-13.0227601319784,1.26486451673959
2025-06-08 04:00:00,-13.0929954390192,1.29824421060193
2025-06-08 05:00:00,-12.5157185378727,1.28198957567143
2025-06-08 06:00:00,-12.8039872097698,1.27426366186819
2025-06-08 07:00:00,-12.9881487126112,1.27269614070716
2025-06-08 08:00:00,-12.7980302440746,1.26807069563792
2025-06-08 09:00:00,-12.9903935923749,1.28281624565688
2025-06-08 10:00:00,-12.4282051706872,1.26666849644845
2025-06-08 11:00:00,-12.0207380058611,1.25161160610399
2025-06-08 12:00:00,-12.5503050956877,1.27604955073743
2025-06-08 13:00:00,-11.7849165482465,1.26000060566345
2025-06-08 14:00:00,-11.7728908031903,1.24503966971008
2025-06-08 15:00:00,-11.9875513160393,1.24428903823896
2025-06-08 16:00:00,-12.1129663587837,1.24285505548783
2025-06-08 17:00:00,-12.5110544364195,1.24279216136981
2025-06-08 18:00:00,-12.2004409851473,1.22738342928366
2025-06-08 19:00:00,-12.3737704850686,1.22850576875367
2025-06-08 20:00:00,-12.4077769796435,1.22724413994659
2025-06-08 21:00:00,-12.6602162435007,1.25525709379314
2025-06-08 22:00:00,-12.1833985862523,1.23973597366639
2025-06-08 23:00:00,-11.9257959774673,1.22883323884443
2025-06-09 00:00:00,-12.7710522712947,1.22556420759963
2025-06-09 01:00:00,-12.4898732462782,1.22329257374565
2025-06-09 02:00:00,-12.504851936382,1.21081063544894
2025-06-09 03:00:00,-12.804905121505,1.19692186163982
2025-06-09 04:00:00,-12.5350009483556,1.1828005073391
2025-06-09 05:00:00,-12.7173468933327,1.16977670961304
2025-06-09 06:00:00,-12.9685171318832,1.15726986704961
2025-06-09 07:00:00,-12.968506315758,1.14336219506196
2025-06-09 08:00:00,-12.9624132638471,1.13635827640154
2025-06-09 09:00:00,-12.5357057349813,1.12919351852667
2025-06-09 10:00:00,-11.952474881451,1.15383408552321
2025-06-09 11:00:00,-11.6669515677295,1.17078111778878
2025-06-09 12:00:00,-11.9319748981551,1.15908535721959
2025-06-09 13:00:00,-11.7908721016836,1.14511317902218
2025-06-09 14:00:00,-11.6935256525337,1.15048143370031
2025-06-09 15:00:00,-11.6466946987307,1.14106181704659
2025-06-09 16:00:00,-11.8142908114964,1.12791840473974
2025-06-09 17:00:00,-12.4719082496437,1.1183996903421
2025-06-09 18:00:00,-12.1659704208328,1.11474119132656
2025-06-09 19:00:00,-12.4836800494002,1.10897764945093
2025-06-09 20:00:00,-12.0843774373482,1.10325412907147
2025-06-09 21:00:00,-12.1113808459787,1.09064080219919
2025-06-09 22:00:00,-11.1702804295827,1.19941710653883
2025-06-09 23:00:00,-12.1497583630046,1.18666110321306
2025-06-10 00:00:00,-10.56090673521,1.18001786464991
2025-06-10 01:00:00,-11.1919143250989,1.16860004668318
2025-06-10 02:00:00,-11.6124703433076,1.17630148175847
2025-06-10 03:00:00,-11.2713905536568,1.16299109091803
2025-06-10 04:00:00,-11.5106996144579,1.17384464458448
2025-06-10 05:00:00,-11.6855456227639,1.18473798993953
2025-06-10 06:00:00,-11.4304933536829,1.17029528330905
2025-06-10 07:00:00,-11.6677574324139,1.16628732800474
2025-06-10 08:00:00,-11.4219504076409,1.15599973220728
2025-06-10 09:00:00,-11.4481350603698,1.14854420083027
2025-06-10 10:00:00,-11.2642113782864,1.13706248006485
2025-06-10 11:00:00,-11.7183429307662,1.19818768075969
2025-06-10 12:00:00,-10.9656173269427,1.18457624026063
2025-06-10 13:00:00,-10.958651570419,1.19932465164761
2025-06-10 14:00:00,-10.5644553502884,1.18996512469896
2025-06-10 15:00:00,-10.5098252519381,1.17625481455392
2025-06-10 16:00:00,-10.2241628851871,1.16847913675053
2025-06-10 17:00:00,-11.0420777799745,1.1674623601953
2025-06-10 18:00:00,-11.2924099764421,1.16838110476818
2025-06-10 19:00:00,-11.0040449940602,1.15557170998698
2025-06-10 20:00:00,-10.544909547366,1.14884389454887
2025-06-10 21:00:00,-10.9464479906495,1.14759064288771
2025-06-10 22:00:00,-11.1059382226287,1.14737806055923
2025-06-10 23:00:00,-11.3992172830687,1.15565622085014
2025-06-11 00:00:00,-11.1497007114301,1.14177294161168
2025-06-11 01:00:00,-11.4759564319215,1.13223002803659
2025-06-11 02:00:00,-11.4127491167189,1.11947284686063
2025-06-11 03:00:00,-11.5865748647259,1.11250428892603
2025-06-11 04:00:00,-11.5133801047021,1.11016861767625
2025-06-11 05:00:00,-11.9855352513265,1.15593394559922
2025-06-11 06:00:00,-11.956338878851,1.15571620460855
2025-06-11 07:00:00,-11.7362270648415,1.14377251831431
2025-06-11 08:00:00,-11.5696687025681,1.13756502683895
2025-06-11 09:00:00,-11.8770319664403,1.16074112247818
2025-06-11 10:00:00,-11.813661678316,1.17497434411949
2025-06-11 11:00:00,-11.4280065677564,1.16930936813845
2025-06-11 12:00:00,-11.9015016181848,1.2455352520827
2025-06-11 13:00:00,-10.1509145309523,1.28301731182448
2025-06-11 14:00:00,-10.6120788323407,1.26722493710508
2025-06-11 15:00:00,-10.4011306720004,1.25222403437148
2025-06-11 16:00:00,-10.8694163249295,1.25432174646285
2025-06-11 17:00:00,-11.3746732141078,1.25689820522121
2025-06-11 18:00:00,-11.0758234280143,1.24121285882777
2025-06-11 19:00:00,-10.7137209785394,1.22855709777352
2025-06-11 20:00:00,-11.1312778459708,1.23026526331802
2025-06-11 21:00:00,-11.1750602995772,1.22583844632636
2025-06-11 22:00:00,-10.6689017898229,1.21637209170972
2025-06-11 23:00:00,-11.0979399313366,1.20772694962873
2025-06-12 00:00:00,-11.7142785082745,1.23131819286018
2025-06-12 01:00:00,-11.4894472060811,1.2162286449188
2025-06-12 02:00:00,-11.3119733611229,1.2017885289283
2025-06-12 03:00:00,-11.6654669623203,1.19708066291608
2025-06-12 04:00:00,-11.0636739188807,1.18809195479052
2025-06-12 05:00:00,-11.4365419901934,1.18170991383073
2025-06-12 06:00:00,-11.6068562845635,1.16922297910575
2025-06-12 07:00:00,-11.9454077492047,1.17433272608852
2025-06-12 08:00:00,-11.4584809410486,1.16003551058288
2025-06-12 09:00:00,-11.5535149628955,1.15182203978332
2025-06-12 10:00:00,-11.7850330608101,1.16955013945071
2025-06-12 11:00:00,-11.5159007460507,1.16695669223038
2025-06-12 12:00:00,-11.1950573496546,1.15376688368104
2025-06-12 13:00:00,-10.6464719555537,1.13977691917222
2025-06-12 14:00:00,-11.1219737485739,1.13959180099751
2025-06-12 15:00:00,-10.8786575327569,1.12877520352981
2025-06-12 16:00:00,-10.7646033860923,1.11575048685453
2025-06-12 17:00:00,-11.0545231112116,1.10280375634837
2025-06-12 18:00:00,-11.3378106699116,1.09989317037095
2025-06-12 19:00:00,-10.6878691362958,1.09908889080646
2025-06-12 20:00:00,-10.6253384656338,1.08927323376547
2025-06-12 21:00:00,-10.4140400311553,1.08930033839583
2025-06-12 22:00:00,-10.8334678259618,1.07895509054532
2025-06-12 23:00:00,-10.9115861915401,1.06665865990268
2025-06-13 00:00:00,-10.8015297192747,1.05423361794028
2025-06-13 01:00:00,-10.5854866041183,1.06573478103708
2025-06-13 02:00:00,-10.8638406676967,1.05333403623081
2025-06-13 03:00:00,-10.6105000839896,1.06201802951139
2025-06-13 04:00:00,-10.5582099292981,1.05359642852335
2025-06-13 05:00:00,-10.9616551956341,1.04368940362126
2025-06-13 06:00:00,-11.2258131546737,1.03252837185602
2025-06-13 07:00:00,-11.1145086070851,1.0220112023958
2025-06-13 08:00:00,-11.0410799920704,1.01075157682795
2025-06-13 09:00:00,-10.9663430768945,0.999341747858535
2025-06-13 10:00:00,-11.5088368750259,1.0335602638199
2025-06-13 11:00:00,-11.1450766041148,1.02722853929438
2025-06-13 12:00:00,-10.9603652342017,1.01855122299426
2025-06-13 13:00:00,-10.680863924959,1.01727629426506
2025-06-13 14:00:00,-10.5018190818188,1.00698278295505
2025-06-13 15:00:00,-10.4184924251811,0.99642854873982
2025-06-13 16:00:00,-10.412726066112,0.985424597279898
2025-06-13 17:00:00,-10.7076144165617,0.974284286472892
2025-06-13 18:00:00,-10.7177892473117,0.963381719707636
2025-06-13 19:00:00,-10.5810157259477,0.952787995875014
2025-06-13 20:00:00,-11.0390909372646,0.966778379150252
2025-06-13 21:00:00,-10.7751540389703,0.956396060425262
2025-06-13 22:00:00,-11.0717909934196,0.968307705769234
2025-06-13 23:00:00,-11.3025911929382,0.978446286630034
2025-06-14 00:00:00,-10.9703340909787,0.981109674998645
2025-06-14 01:00:00,-11.1723150882997,0.981862945147264
2025-06-14 02:00:00,-11.4283076128532,1.00925378035537
2025-06-14 03:00:00,-11.4325803043651,1.02079933264403
2025-06-14 04:00:00,-11.3704479764656,1.04903497266232
2025-06-14 05:00:00,-11.4593743960858,1.07952513128014
2025-06-14 06:00:00,-11.7737449293375,1.12572848156228
2025-06-14 07:00:00,-11.7381849459271,1.14964773405855
2025-06-14 08:00:00,-11.3382871498432,1.15375276145372
2025-06-14 09:00:00,-11.2649627881392,1.15851655276292
2025-06-14 10:00:00,-11.6167739222973,1.23372143248562
2025-06-14 11:00:00,-10.9910033508596,1.22712969211422
2025-06-14 12:00:00,-11.2844759369446,1.2837279472807
2025-06-14 13:00:00,-10.5528287274957,1.27840939586556
2025-06-14 14:00:00,-10.9927311297832,1.31419790332536
2025-06-14 15:00:00,-11.2060099475763,1.40300593545761
2025-06-14 16:00:00,-10.9485318974508,1.42165938843784
2025-06-14 17:00:00,-11.0270025782084,1.42100157227156
2025-06-14 18:00:00,-11.299077575418,1.45793016701552
2025-06-14 19:00:00,-10.5219031013053,1.43914979379467
2025-06-14 20:00:00,-10.8887445798669,1.45879263991866
2025-06-14 21:00:00,-10.5243175882478,1.44104353760378
2025-06-14 22:00:00,-10.5734986966394,1.43097900773921
2025-06-14 23:00:00,-11.3899331252397,1.51233130760857
2025-06-15 00:00:00,-13.1907575923407,1.56378034351498
2025-06-15 01:00:00,-12.4599598105355,1.54837769656571
2025-06-15 02:00:00,-12.5071726464135,1.53035501571506
2025-06-15 03:00:00,-12.7663535353127,1.52394753367315
2025-06-15 04:00:00,-13.1343243334022,1.58346596547961
2025-06-15 05:00:00,-13.1835148393469,1.61302345168632
2025-06-15 06:00:00,-12.3279388081566,1.60857528764301
2025-06-15 07:00:00,-12.3482059371551,1.58754783992416
2025-06-15 08:00:00,-12.2628196124052,1.56649886930527
2025-06-15 09:00:00,-12.6477700096367,1.56450706241426
2025-06-15 10:00:00,-12.404161611661,1.54549546291866
2025-06-15 11:00:00,-12.1589911650692,1.52628946876246
2025-06-15 12:00:00,-12.4237336982903,1.53083347108253
2025-06-15 13:00:00,-11.648003965689,1.51080310163304
2025-06-15 14:00:00,-11.6036298453337,1.49368029963304
2025-06-15 15:00:00,-11.5518996548248,1.47405299600502
2025-06-15 16:00:00,-11.9229714057456,1.46942216543139
2025-06-15 17:00:00,-12.1949251315315,1.45318602994824
2025-06-15 18:00:00,-12.2327025196879,1.43717875964668
2025-06-15 19:00:00,-12.2269336090214,1.42663790847389
2025-06-15 20:00:00,-11.692838684818,1.4163309243571
2025-06-15 21:00:00,-11.7431722746907,1.39792479558641
2025-06-15 22:00:00,-11.6847967007572,1.38085615358395
2025-06-15 23:00:00,-12.3228213510277,1.38327485790502
2025-06-16 00:00:00,-11.8895454601363,1.36918903510196
2025-06-16 01:00:00,-12.3686481515379,1.356263414655
2025-06-16 02:00:00,-11.6487635914411,1.38215215457014
2025-06-16 03:00:00,-12.1614643096502,1.36549959270193
2025-06-16 04:00:00,-12.3435180763951,1.35918963077216
2025-06-16 05:00:00,-11.9652587619342,1.34728248761031
2025-06-16 06:00:00,-12.296393962526,1.33050478304505
2025-06-16 07:00:00,-12.5889678069751,1.32027777010752
2025-06-16 08:00:00,-11.6125641252256,1.34813799201811
2025-06-16 09:00:00,-12.3365348878747,1.34767505834942
2025-06-16 10:00:00,-12.4185135496799,1.34178661775973
2025-06-16 11:00:00,-12.0524764526851,1.32507185354099
2025-06-16 12:00:00,-11.96518285659,1.30947961126103
2025-06-16 13:00:00,-11.6844946115837,1.29774284649769
2025-06-16 14:00:00,-11.5003394773955,1.2864114184277
2025-06-16 15:00:00,-10.973240210757,1.29359693959891
2025-06-16 16:00:00,-11.6382352442751,1.29026298303166
2025-06-16 17:00:00,-11.9699787105798,1.27512820502084
2025-06-16 18:00:00,-11.921819265823,1.25909437747705
2025-06-16 19:00:00,-11.766934833129,1.24338094293136
2025-06-16 20:00:00,-11.4030179051812,1.24087663541075
2025-06-16 21:00:00,-11.7903587769186,1.23003343576028
2025-06-16 22:00:00,-12.0741746121699,1.22828385719701
2025-06-16 23:00:00,-11.1570900623918,1.29009729208587
2025-06-17 00:00:00,-10.6232135954807,1.27615283401744
2025-06-17 01:00:00,-10.9257722923896,1.26429333067838
2025-06-17 02:00:00,-11.3334586847251,1.25232845587407
2025-06-17 03:00:00,-10.9166480136202,1.25701003236366
2025-06-17 04:00:00,-11.3663442214508,1.2577837975163
2025-06-17 05:00:00,-11.7819318737354,1.27679116335722
2025-06-17 06:00:00,-11.467433330945,1.26158386126374
2025-06-17 07:00:00,-11.5983381005073,1.24841323297299
2025-06-17 08:00:00,-11.5436319094896,1.24093028249852
2025-06-17 09:00:00,-11.3239190932794,1.2254734078049
2025-06-17 10:00:00,-11.2828919216823,1.21258223186711
2025-06-17 11:00:00,-11.2503465213354,1.20575400889475
2025-06-17 12:00:00,-11.484092680888,1.22157678983641
2025-06-17 13:00:00,-10.9129387299429,1.21176039034752
2025-06-17 14:00:00,-10.9148804557277,1.19762337325578
2025-06-17 15:00:00,-10.4158924527326,1.18710918042706
2025-06-17 16:00:00,-10.6695911907197,1.17604472260153
2025-06-17 17:00:00,-10.7568985479052,1.1648055779888
2025-06-17 18:00:00,-10.9761561961539,1.15134699773311
2025-06-17 19:00:00,-10.8932362633088,1.1376208870226
2025-06-17 20:00:00,-10.4969511524884,1.13617466623126
2025-06-17 21:00:00,-10.8907661070723,1.12843147862577
2025-06-17 22:00:00,-10.8698868731203,1.11531365360901
2025-06-17 23:00:00,-10.9780936220271,1.10209474009581
2025-06-18 00:00:00,-10.9912904270382,1.09855973360267
2025-06-18 01:00:00,-11.2032714492283,1.0889334144375
2025-06-18 02:00:00,-11.07353179263,1.07622033657063
2025-06-18 03:00:00,-11.1924976715533,1.06640656380997
2025-06-18 04:00:00,-11.4638940697981,1.09449977629244
2025-06-18 05:00:00,-11.3583254464668,1.0921522229977
2025-06-18 06:00:00,-11.8596683799887,1.13006989637185
2025-06-18 07:00:00,-11.4561617810538,1.11733731406767
2025-06-18 08:00:00,-11.220328714801,1.10870240431526
2025-06-18 09:00:00,-11.2895323595656,1.1056374140723
2025-06-18 10:00:00,-11.3631266287652,1.11540191864674
2025-06-18 11:00:00,-10.880062358396,1.10279486654631
2025-06-18 12:00:00,-10.8189169776075,1.0938207025381
2025-06-18 13:00:00,-10.6750291312121,1.10097469487649
2025-06-18 14:00:00,-10.66537927094,1.08980695958323
2025-06-18 15:00:00,-10.1986836811068,1.07829719172161
2025-06-18 16:00:00,-10.4912569238116,1.07478637127189
2025-06-18 17:00:00,-11.0019829817688,1.07658954053819
2025-06-18 18:00:00,-10.5566099083009,1.06910921020054
2025-06-18 19:00:00,-10.2750598921764,1.06199499116298
2025-06-18 20:00:00,-10.3537136160621,1.04977608990859
2025-06-18 21:00:00,-10.5126461055648,1.03894122174601
2025-06-18 22:00:00,-10.6727373062363,1.03185218855991
2025-06-18 23:00:00,-11.1916404966244,1.0519660806654
2025-06-19 00:00:00,-11.3484700221318,1.04947287787319
2025-06-19 01:00:00,-11.1706386423113,1.03826073860085
2025-06-19 02:00:00,-11.432197009053,1.03653778732189
2025-06-19 03:00:00,-11.2965156743847,1.02460329209067
2025-06-19 04:00:00,-11.4399458226188,1.03334774833887
2025-06-19 05:00:00,-11.2925408690903,1.02347830485456
2025-06-19 06:00:00,-11.792499135246,1.04145671573238
2025-06-19 07:00:00,-11.7234162608919,1.0374904375408
2025-06-19 08:00:00,-11.8369156440619,1.06929012791414
2025-06-19 09:00:00,-11.5888888192829,1.06531443822055
2025-06-19 10:00:00,-11.3797551927312,1.05992045135207
2025-06-19 11:00:00,-11.2340775636656,1.05911656244765
2025-06-19 12:00:00,-11.483186398157,1.09126240918042
2025-06-19 13:00:00,-11.0004412647556,1.09710620081255
2025-06-19 14:00:00,-10.9043112382565,1.08650231877394
2025-06-19 15:00:00,-10.6972288564596,1.07801700423095
2025-06-19 16:00:00,-10.9338665363589,1.08789350387988
2025-06-19 17:00:00,-11.365826029039,1.0988418837876
2025-06-19 18:00:00,-10.8010636820277,1.0906000588488
2025-06-19 19:00:00,-11.4495073622335,1.1446831992406
2025-06-19 20:00:00,-11.1823150845182,1.13919655632264
2025-06-19 21:00:00,-11.122679454368,1.13759097826179
2025-06-19 22:00:00,-11.5061310571008,1.18370840969085
2025-06-19 23:00:00,-11.4092366456661,1.18308361345441
2025-06-20 00:00:00,-12.1059176781106,1.17378103999738
2025-06-20 01:00:00,-11.998400040918,1.15993772512405
2025-06-20 02:00:00,-12.0257872585208,1.1464017385309
2025-06-20 03:00:00,-12.2919776388575,1.14160521359608
2025-06-20 04:00:00,-12.0894031928151,1.13202824972482
2025-06-20 05:00:00,-12.240859408126,1.13034108950216
2025-06-20 06:00:00,-12.4319143707492,1.12598903421799
2025-06-20 07:00:00,-12.6799542859398,1.13731834650337
2025-06-20 08:00:00,-11.5380455156793,1.15851469179285
2025-06-20 09:00:00,-11.3200820336316,1.16594647653692
2025-06-20 10:00:00,-11.599904869173,1.15180414452443
2025-06-20 11:00:00,-11.6341058666733,1.13907101423691
2025-06-20 12:00:00,-11.7508394139336,1.1305607620375
2025-06-20 13:00:00,-11.5903938839702,1.13217501291575
2025-06-20 14:00:00,-11.4588842137282,1.11874007847913
2025-06-20 15:00:00,-10.4570617009985,1.17459242622628
2025-06-20 16:00:00,-11.050921735418,1.16148725985617
2025-06-20 17:00:00,-11.5011556294177,1.14737634960974
2025-06-20 18:00:00,-10.9831495238695,1.17606213469041
2025-06-20 19:00:00,-11.3471108461165,1.16208652853101
2025-06-20 20:00:00,-11.804363380399,1.16533333534356
2025-06-20 21:00:00,-11.7699596826595,1.15670673329334
2025-06-20 22:00:00,-11.9867381540647,1.16498873699887
2025-06-20 23:00:00,-11.4615270058714,1.16151690489863
2025-06-21 00:00:00,-10.9460957167589,1.15182066334221
2025-06-21 01:00:00,-11.6211922809558,1.17076441064666
2025-06-21 02:00:00,-11.7539924655514,1.18594718105745
2025-06-21 03:00:00,-12.1264366516148,1.24268756163938
2025-06-21 04:00:00,-11.6892429651991,1.24806956817783
2025-06-21 05:00:00,-11.8527279530483,1.28103740806604
2025-06-21 06:00:00,-12.0230566541595,1.304413867965
2025-06-21 07:00:00,-11.8766922156373,1.30443466179787
2025-06-21 08:00:00,-11.6459436033228,1.30746426518796
2025-06-21 09:00:00,-11.5032428345424,1.30072360922363
2025-06-21 10:00:00,-11.4487347495336,1.30143267564774
2025-06-21 11:00:00,-11.5867179261137,1.33916247689154
2025-06-21 12:00:00,-11.5268665026201,1.36125413660332
2025-06-21 13:00:00,-11.4885113734316,1.44056392672017
2025-06-21 14:00:00,-11.3655183131165,1.44810674360555
2025-06-21 15:00:00,-10.638895026846,1.42918471569671
2025-06-21 16:00:00,-10.8734612397007,1.43302052535562
2025-06-21 17:00:00,-11.6311623019649,1.48449861464787
2025-06-21 18:00:00,-11.352668614014,1.47498790243871
2025-06-21 19:00:00,-10.7396416935115,1.45670171523732
2025-06-21 20:00:00,-11.0754069557038,1.46049271596647
2025-06-21 21:00:00,-10.835457205454,1.44280198369216
2025-06-21 22:00:00,-9.92185380076794,1.48490796411043
2025-06-21 23:00:00,-10.8602356440759,1.48212301502891
2025-06-22 00:00:00,-10.4602501893578,1.48466431071867
2025-06-22 01:00:00,-10.6077174868807,1.47895437338303
2025-06-22 02:00:00,-10.9877706765752,1.45980961261837
2025-06-22 03:00:00,-10.6599509149844,1.46417555257728
2025-06-22 04:00:00,-11.0807501758234,1.4544604219051
2025-06-22 05:00:00,-10.9256755673915,1.43662965659461
2025-06-22 06:00:00,-11.2445786201833,1.4188319329253
2025-06-22 07:00:00,-11.7714373828706,1.43007841759347
2025-06-22 08:00:00,-11.248789849684,1.41145984774605
2025-06-22 09:00:00,-11.3519589645768,1.39996684614259
2025-06-22 10:00:00,-11.0581326723486,1.38184346670639
2025-06-22 11:00:00,-11.6456814724242,1.44639446511155
2025-06-22 12:00:00,-11.2201393831445,1.43315737073145
2025-06-22 13:00:00,-10.7983993790301,1.42464787026839
2025-06-22 14:00:00,-10.0928208761817,1.44648000172662
2025-06-22 15:00:00,-9.80437346640491,1.44733391799576
2025-06-22 16:00:00,-10.2469880927175,1.42892160040377
2025-06-22 17:00:00,-10.5185599889596,1.4129401061687
2025-06-22 18:00:00,-10.6238313281666,1.39541301573912
2025-06-22 19:00:00,-10.6771296921913,1.37770402074386
2025-06-22 20:00:00,-10.8002739201852,1.36281178775959
2025-06-22 21:00:00,-10.3503385051325,1.35648921295241
2025-06-22 22:00:00,-10.7603475723684,1.34600507393079
2025-06-22 23:00:00,-10.4524491178517,1.34279153879845
2025-06-23 00:00:00,-10.1386765436451,1.33508163999288
2025-06-23 01:00:00,-10.1766540227901,1.31885930342504
2025-06-23 02:00:00,-10.6464066671133,1.32470308339531
2025-06-23 03:00:00,-11.0187009223251,1.35039567773591
2025-06-23 04:00:00,-10.5615803688917,1.3390270157381
2025-06-23 05:00:00,-10.8355793183555,1.35908853874952
2025-06-23 06:00:00,-10.6876432696542,1.3441525807717
2025-06-23 07:00:00,-10.8426669859988,1.34126955413996
2025-06-23 08:00:00,-10.941418177713,1.36723193727994
2025-06-23 09:00:00,-10.8084235089884,1.36701261232375
2025-06-23 10:00:00,-10.7784892613678,1.37862382048903
2025-06-23 11:00:00,-10.3489188818686,1.36675224917291
2025-06-23 12:00:00,-10.6277800761726,1.39910980393998
2025-06-23 13:00:00,-10.0762238579103,1.39601543477775
2025-06-23 14:00:00,-9.65777427228952,1.38237130135778
2025-06-23 15:00:00,-9.67518626068614,1.36863935008066
2025-06-23 16:00:00,-9.91586749119121,1.36626752638505
2025-06-23 17:00:00,-9.87682628137809,1.34978082027316
2025-06-23 18:00:00,-9.72045418266621,1.33645963390765
2025-06-23 19:00:00,-9.87558241919807,1.32187948967142
2025-06-23 20:00:00,-10.1844398932745,1.32350963832771
2025-06-23 21:00:00,-9.96736736668048,1.30780082318749
2025-06-23 22:00:00,-10.2293414687587,1.31234894575238
2025-06-23 23:00:00,-9.58931342569573,1.31873306896133
2025-06-24 00:00:00,-10.8081886904161,1.36672653758365
2025-06-24 01:00:00,-10.8961777834104,1.35783294074369
2025-06-24 02:00:00,-10.8037695483688,1.34610165308244
2025-06-24 03:00:00,-10.5524077725559,1.32908578592848
2025-06-24 04:00:00,-10.7196227484794,1.33199657533993
2025-06-24 05:00:00,-10.8579390591688,1.33394167591879
2025-06-24 06:00:00,-10.9190007725429,1.32361535248461
2025-06-24 07:00:00,-11.3813771962677,1.3603036866771
2025-06-24 08:00:00,-10.4083763514095,1.34934817918183
2025-06-24 09:00:00,-10.6549369098123,1.34158078673229
2025-06-24 10:00:00,-10.9147877818679,1.36082833479464
2025-06-24 11:00:00,-10.6949248781255,1.36136448729467
2025-06-24 12:00:00,-10.3979070314282,1.34754592613931
2025-06-24 13:00:00,-10.4387573213893,1.38243012170805
2025-06-24 14:00:00,-10.147646935701,1.36475669252381
2025-06-24 15:00:00,-10.1245114621657,1.36050267071257
2025-06-24 16:00:00,-10.3462575155897,1.37292763590879
2025-06-24 17:00:00,-10.4631054250255,1.36037208945933
2025-06-24 18:00:00,-10.5871581496558,1.35697931966037
2025-06-24 19:00:00,-10.3427818376157,1.34354803727102
2025-06-24 20:00:00,-10.4793523960031,1.34517656612807
2025-06-24 21:00:00,-10.5410359479892,1.35047132313937
2025-06-24 22:00:00,-10.5509226076565,1.3537107986279
2025-06-24 23:00:00,-10.7219303498444,1.35920739667211
2025-06-25 00:00:00,-12.0125400259064,1.39841000465043
2025-06-25 01:00:00,-11.1709840687065,1.40650008277984
2025-06-25 02:00:00,-11.3767087742501,1.38916414747634
2025-06-25 03:00:00,-11.4643733558121,1.37161554389612
2025-06-25 04:00:00,-11.6849956099927,1.37786651981033
2025-06-25 05:00:00,-11.768360235152,1.37608409356395
2025-06-25 06:00:00,-11.8321041221064,1.36443071727958
2025-06-25 07:00:00,-11.9155603592928,1.35657918468885
2025-06-25 08:00:00,-11.6214028579544,1.34292019196754
2025-06-25 09:00:00,-11.5630524003025,1.32895128612474
2025-06-25 10:00:00,-11.2682847368703,1.31201279707405
2025-06-25 11:00:00,-11.3203746461151,1.30489224411596
2025-06-25 12:00:00,-11.3836664086341,1.30151601179079
2025-06-25 13:00:00,-10.976562112421,1.29280208811091
2025-06-25 14:00:00,-10.674595274284,1.28260039958535
2025-06-25 15:00:00,-10.5604811236904,1.26646911899381
2025-06-25 16:00:00,-10.4469390655683,1.25323787855171
2025-06-25 17:00:00,-11.290098174622,1.25528344723099
2025-06-25 18:00:00,-11.002002839688,1.24158156896968
2025-06-25 19:00:00,-11.1282795720976,1.23155551620248
2025-06-25 20:00:00,-11.0128300370695,1.21660734089432
2025-06-25 21:00:00,-11.5623209344394,1.25307674036549
2025-06-25 22:00:00,-11.1959848888908,1.23866498412989
2025-06-25 23:00:00,-11.7504388070138,1.27056992004417
2025-06-26 00:00:00,-11.4851647190142,1.25637227715294
2025-06-26 01:00:00,-11.9814685912015,1.27007509485611
2025-06-26 02:00:00,-11.2335964359862,1.26771779493772
2025-06-26 03:00:00,-11.3542736143932,1.25181825430926
2025-06-26 04:00:00,-11.5594128621411,1.25086734752206
2025-06-26 05:00:00,-11.7900071522151,1.25622284510022
2025-06-26 06:00:00,-12.0832310512722,1.26522438743278
2025-06-26 07:00:00,-12.1979133694535,1.27542450146341
2025-06-26 08:00:00,-11.6853176597804,1.26153258432094
2025-06-26 09:00:00,-11.5245964358683,1.24678099629598
2025-06-26 10:00:00,-11.2020452491173,1.2318227227785
2025-06-26 11:00:00,-11.540490564624,1.24770539130899
2025-06-26 12:00:00,-11.5611996892151,1.25337276601318
2025-06-26 13:00:00,-11.0276044720933,1.24428567967301
2025-06-26 14:00:00,-11.3037965548802,1.24462254819133
2025-06-26 15:00:00,-10.5770933928448,1.23508069860331
2025-06-26 16:00:00,-10.590216988579,1.21978690646769
2025-06-26 17:00:00,-11.3455187243151,1.22199736176375
2025-06-26 18:00:00,-11.6003565940745,1.22890507370444
2025-06-26 19:00:00,-11.1974435365382,1.21421140053527
2025-06-26 20:00:00,-11.3019505216186,1.21032493386826
2025-06-26 21:00:00,-10.9754486809029,1.19547342897791
2025-06-26 22:00:00,-10.9489812183336,1.18104633909849
2025-06-26 23:00:00,-11.4347453148997,1.18495654920186
2025-06-27 00:00:00,-11.8849153747932,1.18566588396187
2025-06-27 01:00:00,-11.6748879301238,1.17277531208002
2025-06-27 02:00:00,-11.442208259706,1.16351330401076
2025-06-27 03:00:00,-12.3080759827605,1.20439863516911
2025-06-27 04:00:00,-11.8708759539637,1.19251878996564
2025-06-27 05:00:00,-12.0998313166877,1.20115602148562
2025-06-27 06:00:00,-12.168216373088,1.19423804932366
2025-06-27 07:00:00,-12.0604892384675,1.18146723464104
2025-06-27 08:00:00,-11.444085517431,1.17351912231731
2025-06-27 09:00:00,-11.7192171267182,1.16350568863248
2025-06-27 10:00:00,-11.6286574241402,1.15067751549986
2025-06-27 11:00:00,-11.7793373084329,1.15827636219323
2025-06-27 12:00:00,-11.7322099053673,1.15738265136595
2025-06-27 13:00:00,-10.9066162824991,1.14501731142848
2025-06-27 14:00:00,-11.1151226832458,1.13138745158437
2025-06-27 15:00:00,-11.0525490932025,1.11980140032621
2025-06-27 16:00:00,-10.9437992840679,1.10640389582202
2025-06-27 17:00:00,-11.5052577133678,1.10016258741025
2025-06-27 18:00:00,-11.1097223852015,1.09669010656216
2025-06-27 19:00:00,-11.1499862864434,1.08367151930635
2025-06-27 20:00:00,-11.417637497658,1.07880737817533
2025-06-27 21:00:00,-11.5900047741517,1.08153190591764
2025-06-27 22:00:00,-11.6837797037176,1.08649713145923
2025-06-27 23:00:00,-12.3034785464173,1.15414165212677
2025-06-28 00:00:00,-12.1885132254186,1.15865789263598
2025-06-28 01:00:00,-12.1242189884566,1.1485350500963
2025-06-28 02:00:00,-12.06201406499,1.13999115490722
2025-06-28 03:00:00,-12.5526624505201,1.17982429188547
2025-06-28 04:00:00,-12.4361879866143,1.20708746658257
2025-06-28 05:00:00,-12.6317940000663,1.25646362663474
2025-06-28 06:00:00,-12.8847417347258,1.30641829101375
2025-06-28 07:00:00,-12.9862445808214,1.35783823911155
2025-06-28 08:00:00,-12.8908046908235,1.42391406681368
2025-06-28 09:00:00,-12.4448875471667,1.42213153823601
2025-06-28 10:00:00,-12.6737036368118,1.48948522944184
2025-06-28 11:00:00,-12.3629599418058,1.5136019053103
2025-06-28 12:00:00,-12.4854075457478,1.57692405283054
2025-06-28 13:00:00,-11.9100697090653,1.59503661784834
2025-06-28 14:00:00,-12.0712385443341,1.61713692500225
2025-06-28 15:00:00,-12.0369710371257,1.65990570220227
2025-06-28 16:00:00,-11.7201336998934,1.65428014093034
2025-06-28 17:00:00,-12.0681861536135,1.66081660599475
2025-06-28 18:00:00,-12.2127696445582,1.67716378438199
2025-06-28 19:00:00,-12.1432728167831,1.69383325764009
2025-06-28 20:00:00,-12.3751724779268,1.75180075260241
2025-06-28 21:00:00,-12.5035914223159,1.82328298319199
2025-06-28 22:00:00,-12.1258298543615,1.82453706810459
2025-06-28 23:00:00,-12.4047790075635,1.86309388624256
2025-06-29 00:00:00,-15.1908333163543,2.01413545150635
2025-06-29 01:00:00,-13.708050831384,2.03825076841149
2025-06-29 02:00:00,-14.1850824135424,2.02623042650684
2025-06-29 03:00:00,-14.0186867949982,1.99753643182911
2025-06-29 04:00:00,-14.0684353087087,1.98095380123406
2025-06-29 05:00:00,-14.6714649162735,2.0293099918212
2025-06-29 06:00:00,-14.226128726928,2.00059545001123
2025-06-29 07:00:00,-14.6039905847145,2.0026143182836
2025-06-29 08:00:00,-14.1496497689713,1.97661973076806
2025-06-29 09:00:00,-13.3622088952222,1.98321686116448
2025-06-29 10:00:00,-13.4126584552137,1.95707557870338
2025-06-29 11:00:00,-13.0024587249159,1.94902817493123
2025-06-29 12:00:00,-13.1042447337986,1.92470573696295
2025-06-29 13:00:00,-12.6477392995922,1.90839373152723
2025-06-29 14:00:00,-13.2543545231008,1.88368313287177
2025-06-29 15:00:00,-12.7958399703857,1.86862410600067
2025-06-29 16:00:00,-12.771797204238,1.84915301764508
2025-06-29 17:00:00,-13.1049453522775,1.82985963280676
2025-06-29 18:00:00,-13.308988080513,1.8054430526631
2025-06-29 19:00:00,-13.1845481050838,1.78352219279903
2025-06-29 20:00:00,-13.3211412612043,1.75893720440461
2025-06-29 21:00:00,-13.5904842531501,1.74252012006294
2025-06-29 22:00:00,-12.827202263703,1.76084519251208
2025-06-29 23:00:00,-12.7528084530155,1.77301130244833
2025-06-30 00:00:00,-11.7497306555385,1.75886678138449
2025-06-30 01:00:00,-12.3075640252998,1.73495634368867
2025-06-30 02:00:00,-12.5484420301813,1.7117381176427
2025-06-30 03:00:00,-12.5874991959159,1.68838510915656
2025-06-30 04:00:00,-12.6076689384242,1.66962871811779
2025-06-30 05:00:00,-12.9770980788136,1.6717791988704
2025-06-30 06:00:00,-12.9849774432549,1.6522789101508
2025-06-30 07:00:00,-12.350521890626,1.65555924474496
2025-06-30 08:00:00,-12.4898191030781,1.63424620852792
2025-06-30 09:00:00,-12.7410434127783,1.61916547451494
2025-06-30 10:00:00,-12.3595703164037,1.59905316199948
2025-06-30 11:00:00,-12.5186624901252,1.58870303146304
2025-06-30 12:00:00,-12.2092471035746,1.56765105710234
2025-06-30 13:00:00,-12.1555964120981,1.56121475237336
2025-06-30 14:00:00,-12.1195949065014,1.54036347335323
2025-06-30 15:00:00,-11.2956007550119,1.55855011957701
2025-06-30 16:00:00,-11.3045690344602,1.55162535126779
2025-06-30 17:00:00,-11.9343386715875,1.531324905187
2025-06-30 18:00:00,-12.2864056153628,1.51295884457668
2025-06-30 19:00:00,-12.2247041923288,1.49351346170299
2025-06-30 20:00:00,-12.0928494432704,1.47398819130833
2025-06-30 21:00:00,-12.3069440874828,1.46132719425629
2025-06-30 22:00:00,-11.9432240310601,1.44696987477775
2025-06-30 23:00:00,-12.4626894717606,1.43812938674609
2025-07-01 00:00:00,-11.8162880193767,1.42220925692688
2025-07-01 01:00:00,-11.9593979066939,1.40410007430962
2025-07-01 02:00:00,-12.034054981178,1.3886817611357
2025-07-01 03:00:00,-12.328819797838,1.38726360625005
2025-07-01 04:00:00,-12.2731854465571,1.39031189425897
2025-07-01 05:00:00,-12.0575207976559,1.37456612989429
2025-07-01 06:00:00,-12.4206409840829,1.3752181218146
2025-07-01 07:00:00,-12.4850572174002,1.37060562082024
2025-07-01 08:00:00,-11.5444212009455,1.37259701614172
2025-07-01 09:00:00,-12.2090673921444,1.38606397599379
2025-07-01 10:00:00,-12.177627670715,1.38301008868242
2025-07-01 11:00:00,-11.7550530396936,1.36607920932378
2025-07-01 12:00:00,-11.5273894714431,1.34852294627102
2025-07-01 13:00:00,-11.7166598126543,1.37710589363025
2025-07-01 14:00:00,-11.2369845746379,1.3661355337545
2025-07-01 15:00:00,-10.8072686756402,1.3578656513079
2025-07-01 16:00:00,-11.0833401612627,1.34116625260694
2025-07-01 17:00:00,-11.5454443662301,1.32536851925484
2025-07-01 18:00:00,-11.6510213616333,1.30986851836296
2025-07-01 19:00:00,-11.6711697048742,1.29868512560852
2025-07-01 20:00:00,-11.3343431228157,1.28418097591166
2025-07-01 21:00:00,-11.7046321728412,1.28464600612555
2025-07-01 22:00:00,-11.6185943072281,1.27133102580463
2025-07-01 23:00:00,-11.7581895680936,1.25921068060702
2025-07-02 00:00:00,-11.9588396353288,1.25544611592218
2025-07-02 01:00:00,-12.0647749894842,1.24189420116311
2025-07-02 02:00:00,-11.9979948202569,1.227663466645
2025-07-02 03:00:00,-11.8902854946613,1.21250755220888
2025-07-02 04:00:00,-11.8089258544487,1.19957723627169
2025-07-02 05:00:00,-12.0687552756241,1.19743666729827
2025-07-02 06:00:00,-12.1124612280847,1.18403970367409
2025-07-02 07:00:00,-12.2216491454157,1.1741637802102
2025-07-02 08:00:00,-11.7916304234654,1.16016082905306
2025-07-02 09:00:00,-11.6852482497347,1.1466036171834
2025-07-02 10:00:00,-11.9777413209431,1.14765731870342
2025-07-02 11:00:00,-12.0763679059159,1.16267747669632
2025-07-02 12:00:00,-11.6956172124952,1.14947836682036
2025-07-02 13:00:00,-11.2329300254783,1.13693558787228
2025-07-02 14:00:00,-11.3397122315243,1.12348216801341
2025-07-02 15:00:00,-11.0330452844378,1.11060699439413
2025-07-02 16:00:00,-11.1641402126044,1.09858108843366
2025-07-02 17:00:00,-10.9885994994434,1.10948568485474
2025-07-02 18:00:00,-11.0961394245556,1.1025170494034
2025-07-02 19:00:00,-11.6144978007419,1.10535402774172
2025-07-02 20:00:00,-11.2925537433642,1.0941558376137
2025-07-02 21:00:00,-11.3617287342182,1.08176333522032
2025-07-02 22:00:00,-11.5658291704845,1.07585070283764
2025-07-02 23:00:00,-11.7993879246099,1.07114313789636
2025-07-03 00:00:00,-11.5882578819318,1.06548579432076
2025-07-03 01:00:00,-11.5936410746092,1.05297883510185
2025-07-03 02:00:00,-12.0930109415288,1.0781935756493
2025-07-03 03:00:00,-11.948266522801,1.07043196129027
2025-07-03 04:00:00,-11.9062645146711,1.07818866627866
2025-07-03 05:00:00,-11.6908418988732,1.06736619772925
2025-07-03 06:00:00,-11.6762380458103,1.05483892409485
2025-07-03 07:00:00,-12.0340348279045,1.05844828668708
2025-07-03 08:00:00,-11.6858685194282,1.04755383629368
2025-07-03 09:00:00,-12.1110661205528,1.07725700710205
2025-07-03 10:00:00,-11.126421030034,1.08582689046808
2025-07-03 11:00:00,-11.1257594226736,1.07328056441691
2025-07-03 12:00:00,-11.5127054608575,1.08333566524396
2025-07-03 13:00:00,-10.4606110719509,1.08820110882109
2025-07-03 14:00:00,-10.793841364752,1.07537862263366
2025-07-03 15:00:00,-10.5960355817461,1.06418153119501
2025-07-03 16:00:00,-11.2180710290501,1.0825393458412
2025-07-03 17:00:00,-10.9757623784886,1.07866996777696
2025-07-03 18:00:00,-11.4704436768992,1.08045220439129
2025-07-03 19:00:00,-11.1990256002839,1.06784789372895
2025-07-03 20:00:00,-11.231615935951,1.05825156616036
2025-07-03 21:00:00,-11.7661374732617,1.10347357224318
2025-07-03 22:00:00,-11.550851083158,1.10064072534554
2025-07-03 23:00:00,-11.7544590842354,1.10908826457528
2025-07-04 00:00:00,-11.9404156972563,1.12818983061119
2025-07-04 01:00:00,-11.9541693900458,1.1223288583933
2025-07-04 02:00:00,-11.8185145409358,1.11296419175098
2025-07-04 03:00:00,-11.6975069718074,1.10018692713173
2025-07-04 04:00:00,-11.9211910715716,1.12049669117706
2025-07-04 05:00:00,-11.9695989057916,1.12731750471244
2025-07-04 06:00:00,-11.9379237148926,1.11806564620693
2025-07-04 07:00:00,-12.1311906322165,1.12274858297032
2025-07-04 08:00:00,-11.5180330615791,1.10985104716645
2025-07-04 09:00:00,-11.7979509332841,1.11188906239948
2025-07-04 10:00:00,-11.7828326009414,1.11289000484198
2025-07-04 11:00:00,-11.6393733157332,1.11423887359081
2025-07-04 12:00:00,-11.5430988017967,1.112302204176
2025-07-04 13:00:00,-11.5693090088447,1.15954282330687
2025-07-04 14:00:00,-11.160697821282,1.14550375088349
2025-07-04 15:00:00,-10.6350056602323,1.13552731170258
2025-07-04 16:00:00,-10.9881514488722,1.13157912664867
2025-07-04 17:00:00,-11.4090936718299,1.12525113237292
2025-07-04 18:00:00,-11.5936431151123,1.12553617073055
2025-07-04 19:00:00,-11.5843049174613,1.1301764172254
2025-07-04 20:00:00,-11.256928919581,1.11713942647647
2025-07-04 21:00:00,-11.6204846329942,1.1411321445129
2025-07-04 22:00:00,-11.6452306704261,1.15181186335915
2025-07-04 23:00:00,-11.670044212965,1.15058100000196
2025-07-05 00:00:00,-12.5024067920923,1.16005293577872
2025-07-05 01:00:00,-12.6992748642193,1.16230921441965
2025-07-05 02:00:00,-12.31537671471,1.14817273030153
2025-07-05 03:00:00,-12.4681832486586,1.14058451761622
2025-07-05 04:00:00,-12.5512147102335,1.15222158238716
2025-07-05 05:00:00,-12.0352306776105,1.14143465881428
2025-07-05 06:00:00,-12.5169752011536,1.13914564712809
2025-07-05 07:00:00,-12.6272171772413,1.1331299003592
2025-07-05 08:00:00,-12.4346938780638,1.12623288622869
2025-07-05 09:00:00,-12.5937848459942,1.1321914276179
2025-07-05 10:00:00,-12.2405167821654,1.11976257316987
2025-07-05 11:00:00,-12.389959795378,1.13704714984802
2025-07-05 12:00:00,-12.7224612700309,1.19754205632004
2025-07-05 13:00:00,-12.0313141928847,1.19669770405536
2025-07-05 14:00:00,-12.2669066046595,1.2099428175559
2025-07-05 15:00:00,-12.1349693371059,1.22417610765246
2025-07-05 16:00:00,-12.4597575862839,1.28525343340853
2025-07-05 17:00:00,-12.2255795576353,1.27093808623514
2025-07-05 18:00:00,-12.450113148818,1.28243140449442
2025-07-05 19:00:00,-12.4967235824614,1.30521455877452
2025-07-05 20:00:00,-12.4348776655634,1.31755679724528
2025-07-05 21:00:00,-12.1908286568781,1.31122683561804
2025-07-05 22:00:00,-12.430555989637,1.33835294751678
2025-07-05 23:00:00,-12.6765937127819,1.36778392906185
2025-07-06 00:00:00,-14.0783187499465,1.41299879118421
2025-07-06 01:00:00,-13.7697304957206,1.39681327495724
2025-07-06 02:00:00,-13.883971476343,1.39989705849178
2025-07-06 03:00:00,-13.4067701339928,1.38384581790251
2025-07-06 04:00:00,-13.6497412032662,1.3922702714978
2025-07-06 05:00:00,-13.7901140770908,1.39697319504106
2025-07-06 06:00:00,-14.28699489063,1.43785049457516
2025-07-06 07:00:00,-13.4407234863436,1.42973558284077
2025-07-06 08:00:00,-13.702838465861,1.43579267356635
2025-07-06 09:00:00,-13.6366014502594,1.42425906634141
2025-07-06 10:00:00,-13.0388730940543,1.41159601184907
2025-07-06 11:00:00,-13.5256533816939,1.43610564630542
2025-07-06 12:00:00,-13.5763125811488,1.44591220659087
2025-07-06 13:00:00,-13.0846821888199,1.44025526776334
2025-07-06 14:00:00,-12.2138051529108,1.47656139667107
2025-07-06 15:00:00,-12.4461503852506,1.45760314776056
2025-07-06 16:00:00,-12.6882776844033,1.44168350507694
2025-07-06 17:00:00,-13.0742235260998,1.42480037324039
2025-07-06 18:00:00,-13.3136677731558,1.4160646893127
2025-07-06 19:00:00,-12.4567268212579,1.42934965083342
2025-07-06 20:00:00,-12.8335336580091,1.41312993208073
2025-07-06 21:00:00,-12.7124841379971,1.39555456462668
2025-07-06 22:00:00,-12.1770288947953,1.41700649380706
2025-07-06 23:00:00,-12.6892430876633,1.3987029811933
2025-07-07 00:00:00,-12.3610489765396,1.38127422524984
2025-07-07 01:00:00,-12.5136353205504,1.36450273998277
2025-07-07 02:00:00,-12.5161841035081,1.34760662820167
2025-07-07 03:00:00,-12.4673898774977,1.33372200571239
2025-07-07 04:00:00,-12.4194836915054,1.31669517098878
2025-07-07 05:00:00,-12.70983220535,1.30548917430444
2025-07-07 06:00:00,-13.1320960892231,1.30422328408516
2025-07-07 07:00:00,-12.6683144060019,1.29471268878514
2025-07-07 08:00:00,-12.7882102504668,1.28534149910051
2025-07-07 09:00:00,-12.6282614287765,1.2691436841635
2025-07-07 10:00:00,-12.5093797685096,1.25327129302753
2025-07-07 11:00:00,-12.6429487881696,1.25104741918161
2025-07-07 12:00:00,-12.4472684341764,1.23667334085939
2025-07-07 13:00:00,-12.1625913576353,1.22780468645714
2025-07-07 14:00:00,-11.6605168344043,1.24079426296392
2025-07-07 15:00:00,-11.5268726769186,1.23155102942665
2025-07-07 16:00:00,-11.9588137509498,1.22022686358674
2025-07-07 17:00:00,-12.2170415819596,1.20532760455926
2025-07-07 18:00:00,-12.1956005707217,1.19159364205972
2025-07-07 19:00:00,-11.7771374615345,1.19420223904687
2025-07-07 20:00:00,-12.0500905498893,1.17961445625435
2025-07-07 21:00:00,-12.0766228322407,1.16521518818177
2025-07-07 22:00:00,-12.0934548274725,1.15106125834824
2025-07-07 23:00:00,-12.5918763552525,1.14976142314079
2025-07-08 00:00:00,-12.004500892575,1.13941188989114
2025-07-08 01:00:00,-11.8926683056693,1.12894395559215
2025-07-08 02:00:00,-11.9971362183848,1.1155990114808
2025-07-08 03:00:00,-11.8260903123331,1.10726522939117
2025-07-08 04:00:00,-12.2094931637566,1.11626121187047
2025-07-08 05:00:00,-12.3338532653704,1.11629297897768
2025-07-08 06:00:00,-12.4878111745781,1.11161269594854
2025-07-08 07:00:00,-12.2807861826044,1.09834702085754
2025-07-08 08:00:00,-12.4201669829953,1.10731886788078
2025-07-08 09:00:00,-12.4525134186568,1.10949215756236
2025-07-08 10:00:00,-12.5348418088777,1.12934904765423
2025-07-08 11:00:00,-11.7267603157725,1.11865793967839
2025-07-08 12:00:00,-12.1242644499382,1.13670152575493
2025-07-08 13:00:00,-11.5877997433228,1.12758340870837
2025-07-08 14:00:00,-11.3608420362197,1.11741009879767
2025-07-08 15:00:00,-11.1673144895024,1.10448827570168
2025-07-08 16:00:00,-11.7989451436931,1.12948699837862
2025-07-08 17:00:00,-11.7949547176124,1.11592739881569
2025-07-08 18:00:00,-11.4717751908369,1.10991672433325
2025-07-08 19:00:00,-11.953459594304,1.1215451661977
2025-07-08 20:00:00,-11.6848177064397,1.10817907604394
2025-07-08 21:00:00,-11.8300279552989,1.10452648419107
2025-07-08 22:00:00,-11.783829286096,1.09524632010325
2025-07-08 23:00:00,-12.5250929763167,1.15542171971704
2025-07-09 00:00:00,-12.2600028868012,1.14353287805286
2025-07-09 01:00:00,-12.4507723896064,1.13629667153565
2025-07-09 02:00:00,-12.1932823106647,1.12261770276607
2025-07-09 03:00:00,-12.5710906736886,1.12821448296736
2025-07-09 04:00:00,-12.2932182358766,1.11942553662322
2025-07-09 05:00:00,-12.3806509998316,1.11611171278367
2025-07-09 06:00:00,-12.0241510834414,1.11106890147329
2025-07-09 07:00:00,-12.5061454205448,1.11073354617868
2025-07-09 08:00:00,-12.3878740745415,1.10552566569503
2025-07-09 09:00:00,-12.3604008372763,1.09799237039278
2025-07-09 10:00:00,-12.3477074208794,1.0965505085307
2025-07-09 11:00:00,-12.2788876401548,1.10157318324458
2025-07-09 12:00:00,-12.162493099375,1.09937456505006
2025-07-09 13:00:00,-11.4076053521034,1.08666887122688
2025-07-09 14:00:00,-11.4125708061192,1.07547435933054
2025-07-09 15:00:00,-11.0403136457327,1.0712647669624
2025-07-09 16:00:00,-11.3968515738266,1.06138410377897
2025-07-09 17:00:00,-12.1928077002772,1.07648605165424
2025-07-09 18:00:00,-11.8851710851876,1.06396349642985
2025-07-09 19:00:00,-11.5674274318354,1.05333742730398
2025-07-09 20:00:00,-10.9225511916163,1.09212650586911
2025-07-09 21:00:00,-11.2177489477769,1.08097986746833
2025-07-09 22:00:00,-11.5996646139679,1.07070277033639
2025-07-09 23:00:00,-11.737236989522,1.05811617011551
2025-07-10 00:00:00,-11.5027318105853,1.05267844134525
2025-07-10 01:00:00,-12.0592072607686,1.06665707467981
2025-07-10 02:00:00,-11.6879590344715,1.05415607909079
2025-07-10 03:00:00,-12.0021901456766,1.05856132236701
2025-07-10 04:00:00,-12.0508060849752,1.07810951112137
2025-07-10 05:00:00,-12.2348987384263,1.10734624416206
2025-07-10 06:00:00,-12.2393670098463,1.1096342381015
2025-07-10 07:00:00,-12.12283944414,1.10342092122421
2025-07-10 08:00:00,-11.7346301955258,1.09172606612177
2025-07-10 09:00:00,-11.8630509454082,1.09043656571777
2025-07-10 10:00:00,-12.1997661330337,1.13564847983218
2025-07-10 11:00:00,-11.6662030579453,1.12671541830833
2025-07-10 12:00:00,-11.6790633065489,1.13202753670841
2025-07-10 13:00:00,-11.4461007075088,1.14929849414806
2025-07-10 14:00:00,-11.1094741437434,1.1358997140981
2025-07-10 15:00:00,-10.7452309525865,1.12318852376055
2025-07-10 16:00:00,-10.8479628664796,1.11036748272438
2025-07-10 17:00:00,-10.9331148873421,1.10235840252148
2025-07-10 18:00:00,-10.8224667400069,1.09953491435772
2025-07-10 19:00:00,-11.043001733626,1.08725876830296
2025-07-10 20:00:00,-11.2088505546385,1.07775514473031
2025-07-10 21:00:00,-11.5908739755186,1.09614414422782
2025-07-10 22:00:00,-9.82284627691965,1.30587100078014
2025-07-10 23:00:00,-11.1708071462055,1.30991403574125
2025-07-11 00:00:00,-10.3748469648441,1.30564554572171
2025-07-11 01:00:00,-10.4882006243167,1.28996012285201
2025-07-11 02:00:00,-10.7521450794908,1.29054780945187
2025-07-11 03:00:00,-10.6061032610149,1.27538486066004
2025-07-11 04:00:00,-10.8167489014831,1.29618528607265
2025-07-11 05:00:00,-10.8606231743208,1.30273993439016
2025-07-11 06:00:00,-10.3721123999665,1.29263370886368
2025-07-11 07:00:00,-10.6296252150629,1.28040632466463
2025-07-11 08:00:00,-10.5882709771555,1.27283092280788
2025-07-11 09:00:00,-11.0789119418306,1.31682903136007
2025-07-11 10:00:00,-10.254354859796,1.3035515806523
2025-07-11 11:00:00,-10.4554919070518,1.31084184576567
2025-07-11 12:00:00,-10.3536270123599,1.30377022897498
2025-07-11 13:00:00,-10.0256293193779,1.30103373526987
2025-07-11 14:00:00,-10.1036491071019,1.2895727156851
2025-07-11 15:00:00,-9.88041807623644,1.27710657405862
2025-07-11 16:00:00,-9.98195425053637,1.27142125964262
2025-07-11 17:00:00,-10.1737752237131,1.25705624359694
2025-07-11 18:00:00,-10.4136435803813,1.25519571773365
2025-07-11 19:00:00,-10.3787133376935,1.25387218694238
2025-07-11 20:00:00,-10.3592744688581,1.25175695117344
2025-07-11 21:00:00,-10.5715157917433,1.27560183088251
2025-07-11 22:00:00,-10.288459931502,1.26516114871178
2025-07-11 23:00:00,-10.2915609490461,1.25287544474667
2025-07-12 00:00:00,-11.859020404201,1.354095228354
2025-07-12 01:00:00,-11.5289151339048,1.33979746957512
2025-07-12 02:00:00,-11.6081474075623,1.34366275634756
2025-07-12 03:00:00,-11.970196834601,1.38549201710159
2025-07-12 04:00:00,-11.5941635394401,1.38788486221336
2025-07-12 05:00:00,-11.7145496228363,1.40856621004092
2025-07-12 06:00:00,-11.9375515386649,1.42944190218368
2025-07-12 07:00:00,-11.8505665211659,1.43090982114279
2025-07-12 08:00:00,-11.5808346645117,1.42988732527337
2025-07-12 09:00:00,-11.7549449340791,1.45301622558809
2025-07-12 10:00:00,-11.4666961402945,1.44833265453783
2025-07-12 11:00:00,-11.5143490918767,1.47697485196008
2025-07-12 12:00:00,-10.9546404075575,1.45811090739917
2025-07-12 13:00:00,-10.6782698874194,1.45213119138031
2025-07-12 14:00:00,-11.1929979420605,1.47739098906449
2025-07-12 15:00:00,-10.8394037953523,1.46919644868616
2025-07-12 16:00:00,-10.8904370621374,1.47070454237106
2025-07-12 17:00:00,-11.4656765397386,1.49920832389821
2025-07-12 18:00:00,-11.5844392250572,1.52366631026667
2025-07-12 19:00:00,-11.550329978831,1.55495170006865
2025-07-12 20:00:00,-11.3313242956531,1.55840937211258
2025-07-12 21:00:00,-11.1572056599934,1.5544600631773
2025-07-12 22:00:00,-11.040597057285,1.5453158415467
2025-07-12 23:00:00,-11.5046010578454,1.57758296996118
2025-07-13 00:00:00,-12.9833853046068,1.5736220306332
2025-07-13 01:00:00,-12.7377588487514,1.55275560947539
2025-07-13 02:00:00,-12.6041019125736,1.53208637059879
2025-07-13 03:00:00,-12.8653039013433,1.51837610879466
2025-07-13 04:00:00,-12.6216904369326,1.49967273512357
2025-07-13 05:00:00,-13.0192510258486,1.50898476610864
2025-07-13 06:00:00,-12.9295268525268,1.49012032881105
2025-07-13 07:00:00,-13.075914962654,1.4791357794913
2025-07-13 08:00:00,-13.185459399332,1.49418493463728
2025-07-13 09:00:00,-12.816587016813,1.47526851230141
2025-07-13 10:00:00,-12.7310290064128,1.46167349281214
2025-07-13 11:00:00,-13.0633532541543,1.5038497838233
2025-07-13 12:00:00,-12.3976979840767,1.48420126381453
2025-07-13 13:00:00,-11.4567412421329,1.48383495080943
2025-07-13 14:00:00,-11.9388287665777,1.46484259265747
2025-07-13 15:00:00,-11.2753755111155,1.4787549529739
2025-07-13 16:00:00,-11.6975577435999,1.45962386397128
2025-07-13 17:00:00,-12.2797111105259,1.4431670221204
2025-07-13 18:00:00,-12.3183223553067,1.42453635448465
2025-07-13 19:00:00,-12.281071180994,1.40760894603382
2025-07-13 20:00:00,-12.2055899868958,1.3896660813113
2025-07-13 21:00:00,-11.8841790095427,1.3772310186915
2025-07-13 22:00:00,-11.8488974213267,1.36214335143273
2025-07-13 23:00:00,-12.1568730064158,1.3447002691614
2025-07-14 00:00:00,-11.471368455323,1.33408038100561
2025-07-14 01:00:00,-11.8775938233073,1.31705102565588
2025-07-14 02:00:00,-11.9812969367831,1.30039826666859
2025-07-14 03:00:00,-11.5294830629293,1.31341243450747
2025-07-14 04:00:00,-10.8213988236943,1.3808120021517
2025-07-14 05:00:00,-11.9679404353482,1.38597691090753
2025-07-14 06:00:00,-11.2170149423499,1.45678539389415
2025-07-14 07:00:00,-12.1336418621513,1.44786064672605
2025-07-14 08:00:00,-11.4633162887986,1.4549804210716
2025-07-14 09:00:00,-12.0318082383358,1.44417613804061
2025-07-14 10:00:00,-11.7513792327443,1.42666146287934
2025-07-14 11:00:00,-11.6569692339662,1.40821412192978
2025-07-14 12:00:00,-11.4084954411612,1.39349201562421
2025-07-14 13:00:00,-11.5993252357216,1.39897561489019
2025-07-14 14:00:00,-11.1028491060533,1.40307184653752
2025-07-14 15:00:00,-10.7625543950057,1.40198148446881
2025-07-14 16:00:00,-10.9473213022026,1.38617464584494
2025-07-14 17:00:00,-11.2618055178984,1.37442435787252
2025-07-14 18:00:00,-11.800587795953,1.36417497580082
2025-07-14 19:00:00,-11.52369296677,1.34745337240068
2025-07-14 20:00:00,-11.1983197493346,1.34180895738145
2025-07-14 21:00:00,-11.4269859468967,1.3248944783982
2025-07-14 22:00:00,-11.6080554934031,1.3102968815774
2025-07-14 23:00:00,-11.8353025070994,1.29665916956073
2025-07-15 00:00:00,-10.7352849751474,1.28983463189865
2025-07-15 01:00:00,-11.0115526137395,1.28175308266358
2025-07-15 02:00:00,-10.4240393793543,1.27937565192437
2025-07-15 03:00:00,-10.3793498613179,1.26960936223667
2025-07-15 04:00:00,-10.3651044749789,1.25375614332572
2025-07-15 05:00:00,-10.5021891565012,1.23813679571839
2025-07-15 06:00:00,-10.957425998735,1.23014008848779
2025-07-15 07:00:00,-11.0139309037817,1.2175290012151
2025-07-15 08:00:00,-10.7312931350188,1.20292414484226
2025-07-15 09:00:00,-11.1699115495624,1.22214936804455
2025-07-15 10:00:00,-10.8851885308574,1.21193561042713
2025-07-15 11:00:00,-10.8442083989345,1.21602484487292
2025-07-15 12:00:00,-10.4923341703155,1.20160151234077
2025-07-15 13:00:00,-9.67449712183735,1.19540479162994
2025-07-15 14:00:00,-9.905816289009,1.18161045471811
2025-07-15 15:00:00,-9.68424464747174,1.17032922272435
2025-07-15 16:00:00,-10.1253211661264,1.16583907300163
2025-07-15 17:00:00,-10.3276407361318,1.15164170174731
2025-07-15 18:00:00,-10.608272248462,1.14602147398629
2025-07-15 19:00:00,-10.2801705152564,1.13227679775956
2025-07-15 20:00:00,-10.6998082415971,1.14722831408794
2025-07-15 21:00:00,-10.5914981756077,1.14164147607742
2025-07-15 22:00:00,-10.5602797905933,1.13600120850651
2025-07-15 23:00:00,-10.6513301320722,1.12804462481807
2025-07-16 00:00:00,-10.6694791950664,1.12843867725793
2025-07-16 01:00:00,-10.9399294933353,1.12800535637224
2025-07-16 02:00:00,-11.0330420204463,1.13366463703213
2025-07-16 03:00:00,-10.8404484996338,1.12217780716916
2025-07-16 04:00:00,-10.7894346408351,1.12343408327062
2025-07-16 05:00:00,-11.0317914554775,1.14194788501926
2025-07-16 06:00:00,-11.2285825504166,1.15283268114715
2025-07-16 07:00:00,-11.1649426465662,1.15139746887363
2025-07-16 08:00:00,-11.056813180917,1.16153386817389
2025-07-16 09:00:00,-10.8088332807024,1.15156337344131
2025-07-16 10:00:00,-10.5803755301061,1.14005574508069
2025-07-16 11:00:00,-10.7512610776734,1.15969409123301
2025-07-16 12:00:00,-10.866684287462,1.18707873170704
2025-07-16 13:00:00,-10.3849163362856,1.19372580615873
2025-07-16 14:00:00,-10.2804460303157,1.18207847861523
2025-07-16 15:00:00,-9.91255671882758,1.16793334803402
2025-07-16 16:00:00,-9.6426970866438,1.15631052667666
2025-07-16 17:00:00,-10.5383858578636,1.17107838819021
2025-07-16 18:00:00,-10.5044251631128,1.16198743470313
2025-07-16 19:00:00,-10.0891516139146,1.14838569600039
2025-07-16 20:00:00,-10.3646197698865,1.14843903740948
2025-07-16 21:00:00,-10.3112697466827,1.14026192452403
2025-07-16 22:00:00,-10.3838934656912,1.13725663851133
2025-07-16 23:00:00,-10.5121778543454,1.13159344678314
2025-07-17 00:00:00,-11.3068161680084,1.13289154771446
2025-07-17 01:00:00,-11.4619290938395,1.12586708009776
2025-07-17 02:00:00,-10.7155403259633,1.1400440946718
2025-07-17 03:00:00,-11.3629527483299,1.14191249548122
2025-07-17 04:00:00,-11.0826968623496,1.1286812410449
2025-07-17 05:00:00,-11.3569158045499,1.12924885230131
2025-07-17 06:00:00,-11.4536240985163,1.11919526440538
2025-07-17 07:00:00,-11.136517556802,1.10940069599861
2025-07-17 08:00:00,-10.9680242069385,1.09621480097055
2025-07-17 09:00:00,-11.5751756179526,1.12281644712812
2025-07-17 10:00:00,-10.8819662436278,1.11477815685388
2025-07-17 11:00:00,-11.2221130832137,1.13079986515001
2025-07-17 12:00:00,-11.5758770499478,1.18144195684514
2025-07-17 13:00:00,-10.3516968285136,1.17415741294452
2025-07-17 14:00:00,-10.4478715537184,1.16023736297931
2025-07-17 15:00:00,-10.6368358090973,1.15789763207497
2025-07-17 16:00:00,-10.5850193469492,1.14616953041844
2025-07-17 17:00:00,-11.4276178424042,1.18321911957883
2025-07-17 18:00:00,-10.7717647245348,1.17467774759335
2025-07-17 19:00:00,-10.9131370627151,1.16834624048655
2025-07-17 20:00:00,-10.9330302330962,1.16032465755821
2025-07-17 21:00:00,-10.5866700344387,1.14732934318746
2025-07-17 22:00:00,-10.3158189085457,1.1411454860151
2025-07-17 23:00:00,-10.6585905548815,1.12748963669115
2025-07-18 00:00:00,-11.0448836135346,1.12945550330982
2025-07-18 01:00:00,-11.1690056896807,1.11722629040756
2025-07-18 02:00:00,-10.8885992312332,1.10624698562738
2025-07-18 03:00:00,-11.2789998570427,1.10319431660404
2025-07-18 04:00:00,-11.1574804033637,1.09700566931977
2025-07-18 05:00:00,-11.14705549147,1.08797136262429
2025-07-18 06:00:00,-11.3159530425362,1.07887323643644
2025-07-18 07:00:00,-11.3326691312735,1.06835058673097
2025-07-18 08:00:00,-10.9044940724886,1.05657463281982
2025-07-18 09:00:00,-10.9403037141794,1.04444704286958
2025-07-18 10:00:00,-11.0801058265126,1.04079340487502
2025-07-18 11:00:00,-11.0295795406982,1.0401926732522
2025-07-18 12:00:00,-11.1466571449004,1.05198819091288
2025-07-18 13:00:00,-10.9659859942892,1.07915068417982
2025-07-18 14:00:00,-10.7166210870387,1.06696720366671
2025-07-18 15:00:00,-9.88663310053278,1.07798349603569
2025-07-18 16:00:00,-10.5391493892215,1.08623250931101
2025-07-18 17:00:00,-10.8822486676994,1.07828789781346
2025-07-18 18:00:00,-10.8800586748263,1.06784876220099
2025-07-18 19:00:00,-10.9334042538306,1.06700699870222
2025-07-18 20:00:00,-10.7492622087086,1.05595350463051
2025-07-18 21:00:00,-10.6185852456137,1.04415494422496
2025-07-18 22:00:00,-10.8573236460886,1.04568524507444
2025-07-18 23:00:00,-11.1408178055041,1.05208874694032
2025-07-19 00:00:00,-11.4397593663696,1.05639327067411
2025-07-19 01:00:00,-11.8413644695455,1.07617090551106
2025-07-19 02:00:00,-11.5708797086258,1.06763058442544
2025-07-19 03:00:00,-11.8217230938935,1.08247956995085
2025-07-19 04:00:00,-11.7371909537254,1.10103747032285
2025-07-19 05:00:00,-11.6457429827584,1.10357998552239
2025-07-19 06:00:00,-12.1562819623727,1.15239806989131
2025-07-19 07:00:00,-12.0968808920964,1.1668604083059
2025-07-19 08:00:00,-12.0859452990855,1.21236339646606
2025-07-19 09:00:00,-11.5988970767913,1.20110486793094
2025-07-19 10:00:00,-11.8803398045681,1.24745532009517
2025-07-19 11:00:00,-11.4878895117412,1.24865954516531
2025-07-19 12:00:00,-11.4623949694329,1.26140521272869
2025-07-19 13:00:00,-11.1089218720425,1.27461643977021
2025-07-19 14:00:00,-11.4146095562762,1.30024412376962
2025-07-19 15:00:00,-10.7668620933089,1.28436673456469
2025-07-19 16:00:00,-11.0314334767895,1.29684623504972
2025-07-19 17:00:00,-11.4493967648719,1.30779153793186
2025-07-19 18:00:00,-11.9491359148261,1.38417498659779
2025-07-19 19:00:00,-11.3555593013631,1.37383805435462
2025-07-19 20:00:00,-11.1083059186082,1.36120783837497
2025-07-19 21:00:00,-11.0361074167492,1.35067621381441
2025-07-19 22:00:00,-10.7441260255352,1.33346748010445
2025-07-19 23:00:00,-11.5345148356357,1.37567377257016
2025-07-20 00:00:00,-12.9272402337979,1.38707425694583
2025-07-20 01:00:00,-12.4604580453216,1.37431824586698
2025-07-20 02:00:00,-12.6149513678469,1.36009871312927
2025-07-20 03:00:00,-12.5538941084936,1.34264744522831
2025-07-20 04:00:00,-12.2762308441794,1.32564042155412
2025-07-20 05:00:00,-12.5984971997914,1.3183746327663
2025-07-20 06:00:00,-12.9234741863734,1.3138293782916
2025-07-20 07:00:00,-13.2247603985531,1.32758871465174
2025-07-20 08:00:00,-12.3051855934372,1.32079875304132
2025-07-20 09:00:00,-12.8203403615901,1.33046183608329
2025-07-20 10:00:00,-12.1843490174458,1.31987200211112
2025-07-20 11:00:00,-12.7805462777557,1.36335320224585
2025-07-20 12:00:00,-12.1302716722821,1.34771685762199
2025-07-20 13:00:00,-11.4464871949381,1.33697351575069
2025-07-20 14:00:00,-12.2624184325033,1.34711261826227
2025-07-20 15:00:00,-11.8028416440743,1.32997083175969
2025-07-20 16:00:00,-11.5948011153048,1.31531256732149
2025-07-20 17:00:00,-12.0616966751965,1.29898941989528
2025-07-20 18:00:00,-12.2321540536572,1.28429187562204
2025-07-20 19:00:00,-12.2088545061082,1.27122851961423
2025-07-20 20:00:00,-12.188077528355,1.25782463170285
2025-07-20 21:00:00,-11.9820430397903,1.24215777054722
2025-07-20 22:00:00,-11.9237241290917,1.22673170030286
2025-07-20 23:00:00,-11.5287775307859,1.24542547118369
2025-07-21 00:00:00,-11.7836797284844,1.23447761386777
2025-07-21 01:00:00,-11.7610879659188,1.2268428014214
2025-07-21 02:00:00,-11.8641850914562,1.21230345132615
2025-07-21 03:00:00,-11.6723499367972,1.21152626882422
2025-07-21 04:00:00,-11.7469898521611,1.1965611911473
2025-07-21 05:00:00,-11.8270612616143,1.18204364658922
2025-07-21 06:00:00,-12.3534423781041,1.1766143399411
2025-07-21 07:00:00,-11.7589202343403,1.19076927204387
2025-07-21 08:00:00,-11.9213894690299,1.17694939230573
2025-07-21 09:00:00,-11.7768750438843,1.16603710831293
2025-07-21 10:00:00,-11.9346842968524,1.15388605289509
2025-07-21 11:00:00,-11.76810866042,1.14024043199195
2025-07-21 12:00:00,-11.7633635541035,1.12793475453303
2025-07-21 13:00:00,-11.0916716559071,1.11932131860562
2025-07-21 14:00:00,-11.4222070664623,1.10598841322126
2025-07-21 15:00:00,-11.1510177506038,1.09489546699945
2025-07-21 16:00:00,-11.2419283366613,1.08190593974973
2025-07-21 17:00:00,-11.4814124734151,1.0714248850379
2025-07-21 18:00:00,-11.454014040775,1.06327315271352
2025-07-21 19:00:00,-11.3293430423234,1.05488667549918
2025-07-21 20:00:00,-11.3179263684168,1.04548883856699
2025-07-21 21:00:00,-11.4754071489377,1.03339179796929
2025-07-21 22:00:00,-11.5558260928513,1.02163967898512
2025-07-21 23:00:00,-11.7855847692015,1.01104206009021
2025-07-22 00:00:00,-10.9943068591625,0.999517035412287
2025-07-22 01:00:00,-11.3571661677492,0.99000065850616
2025-07-22 02:00:00,-11.1571742120062,0.980616329846523
2025-07-22 03:00:00,-11.3454477550914,0.970356479763662
2025-07-22 04:00:00,-11.0698261743534,0.959757991467981
2025-07-22 05:00:00,-10.9631532588214,0.951768419790271
2025-07-22 06:00:00,-11.246474120054,0.941192710407635
2025-07-22 07:00:00,-11.7716564282924,0.950657421553899
2025-07-22 08:00:00,-11.1113047265563,0.945304355789336
2025-07-22 09:00:00,-11.1787957899751,0.93489827580582
2025-07-22 10:00:00,-11.205042408218,0.926480732648653
2025-07-22 11:00:00,-11.1170063818503,0.919794995432321
2025-07-22 12:00:00,-11.320751891177,0.929383583568659
2025-07-22 13:00:00,-10.8930055490132,0.927294395567946
2025-07-22 14:00:00,-10.3802409250091,0.938308800257774
2025-07-22 15:00:00,-10.3036436844178,0.929224443040036
2025-07-22 16:00:00,-10.6831781866266,0.925689793571378
2025-07-22 17:00:00,-11.2965217879731,0.932627014190532
2025-07-22 18:00:00,-10.9846924513604,0.923163315138058
2025-07-22 19:00:00,-10.5327428438754,0.923770496396765
2025-07-22 20:00:00,-10.8636224034557,0.917348047071523
2025-07-22 21:00:00,-11.0193558015712,0.914213673363762
2025-07-22 22:00:00,-11.4764046103528,0.951432387473067
2025-07-22 23:00:00,-11.2528981770299,0.94234840612782
2025-07-23 00:00:00,-11.1341182317184,0.943220028381048
2025-07-23 01:00:00,-10.9974080392673,0.933772108319322
2025-07-23 02:00:00,-11.5339658056489,0.959843850010609
2025-07-23 03:00:00,-11.3010725349825,0.950214315841517
2025-07-23 04:00:00,-11.3341290570597,0.959573246200571
2025-07-23 05:00:00,-11.4509673145421,0.970234625967571
2025-07-23 06:00:00,-11.590617260368,0.973659751273786
2025-07-23 07:00:00,-11.7328942254777,0.985576300550963
2025-07-23 08:00:00,-11.3037607020212,0.978175853336038
2025-07-23 09:00:00,-11.3768066739918,0.980866848486731
2025-07-23 10:00:00,-11.1747241332652,0.975212077755627
2025-07-23 11:00:00,-10.9870320134097,0.970948063761996
2025-07-23 12:00:00,-11.0103603167653,0.972910903072762
2025-07-23 13:00:00,-10.3174431261798,0.961994680169839
2025-07-23 14:00:00,-10.4898321441168,0.951738867619629
2025-07-23 15:00:00,-10.4705717158023,0.946301671479792
2025-07-23 16:00:00,-10.6176492655553,0.946530594677761
2025-07-23 17:00:00,-10.7965702020835,0.937058766270104
2025-07-23 18:00:00,-10.5685590313463,0.928996270294189
2025-07-23 19:00:00,-11.0069412435489,0.94764597524468
2025-07-23 20:00:00,-11.0137700049369,0.95154142447446
2025-07-23 21:00:00,-10.4544242388506,0.944919011200529
2025-07-23 22:00:00,-10.5611849012361,0.935724701426868
2025-07-23 23:00:00,-11.0414850035542,0.944293148469483
2025-07-24 00:00:00,-11.5378213792242,0.946558422254029
2025-07-24 01:00:00,-11.8446068818786,0.95270829963696
2025-07-24 02:00:00,-11.6099101222915,0.94350240282735
2025-07-24 03:00:00,-11.9491470847832,0.960077202632578
2025-07-24 04:00:00,-11.2414082129529,0.951477035694666
2025-07-24 05:00:00,-11.1750134023196,0.941173874086858
2025-07-24 06:00:00,-11.5004897469138,0.932458692571388
2025-07-24 07:00:00,-11.500232282294,0.922199890357539
2025-07-24 08:00:00,-10.9414500786774,0.925270874530919
2025-07-24 09:00:00,-11.3528755528847,0.920202522082987
2025-07-24 10:00:00,-11.2644720707205,0.910864803081339
2025-07-24 11:00:00,-11.0410426374076,0.901058304657112
2025-07-24 12:00:00,-11.2555321382438,0.903506622846052
2025-07-24 13:00:00,-10.8799014428222,0.899632011165231
2025-07-24 14:00:00,-11.1289388834646,0.898740684088325
2025-07-24 15:00:00,-10.4457182367017,0.897399917577641
2025-07-24 16:00:00,-10.6972687133958,0.890580220040932
2025-07-24 17:00:00,-11.206304165629,0.887735954319183
2025-07-24 18:00:00,-11.2125888244347,0.880085844216008
2025-07-24 19:00:00,-11.1885409656255,0.876518165217074
2025-07-24 20:00:00,-11.3078236479994,0.881281871735021
2025-07-24 21:00:00,-11.4804442883853,0.901210821642896
2025-07-24 22:00:00,-11.5740726357685,0.923895557224942
2025-07-24 23:00:00,-11.5746154598491,0.928222746866617
2025-07-25 00:00:00,-11.742155093086,0.929931527023314
2025-07-25 01:00:00,-11.7291845619083,0.920686415324133
2025-07-25 02:00:00,-11.6346111826952,0.911225490064504
2025-07-25 03:00:00,-11.372218137082,0.90611111153973
2025-07-25 04:00:00,-10.7979337535786,0.923239782076073
2025-07-25 05:00:00,-10.9796703259197,0.917497163715027
2025-07-25 06:00:00,-11.1716733191827,0.914275511615264
2025-07-25 07:00:00,-12.0328087898239,0.939405995833168
2025-07-25 08:00:00,-10.7451152423139,1.00650032400427
2025-07-25 09:00:00,-11.1242266673254,0.995318479113286
2025-07-25 10:00:00,-10.9508894679399,0.99168231006638
2025-07-25 11:00:00,-11.2257589068331,0.985965471271796
2025-07-25 12:00:00,-11.1481868429055,0.975109549309657
2025-07-25 13:00:00,-10.5052192750557,0.969402463091712
2025-07-25 14:00:00,-10.6829911570058,0.960871193381763
2025-07-25 15:00:00,-10.7341150643241,0.950702850092589
2025-07-25 16:00:00,-10.7797289709188,0.940301074588687
2025-07-25 17:00:00,-11.2716502617946,0.933484300271043
2025-07-25 18:00:00,-11.3107062841927,0.924369520304587
2025-07-25 19:00:00,-11.5452315839069,0.937141804300908
2025-07-25 20:00:00,-11.1753127075882,0.926804538206478
2025-07-25 21:00:00,-11.0230944790863,0.916645545079586
2025-07-25 22:00:00,-11.4452066174193,0.930674761960483
2025-07-25 23:00:00,-11.9989043253595,0.980347603243986
2025-07-26 00:00:00,-10.8686389382703,0.969510296364591
2025-07-26 01:00:00,-11.4696813117499,0.998224443233194
2025-07-26 02:00:00,-11.4825513326141,1.0115473986601
2025-07-26 03:00:00,-11.1081511767227,1.00010980405425
2025-07-26 04:00:00,-11.7556346854658,1.10844683411215
2025-07-26 05:00:00,-11.9769511689489,1.19434995121219
2025-07-26 06:00:00,-11.8246449579023,1.21096404674921
2025-07-26 07:00:00,-12.0489817197445,1.26914341276518
2025-07-26 08:00:00,-12.0370534628436,1.35099185518099
2025-07-26 09:00:00,-11.7627418079872,1.37438561493951
2025-07-26 10:00:00,-11.8839562421543,1.4519803124217
2025-07-26 11:00:00,-10.781911726132,1.43394922584112
2025-07-26 12:00:00,-11.1957084600938,1.47260875610067
2025-07-26 13:00:00,-11.2761955868018,1.56728665566206
2025-07-26 14:00:00,-11.1878038095145,1.58123462193586
2025-07-26 15:00:00,-11.0075449300153,1.60491719363187
2025-07-26 16:00:00,-10.8665673237909,1.61039725437943
2025-07-26 17:00:00,-11.302050846249,1.63447022237553
2025-07-26 18:00:00,-11.8517038667907,1.74807309223703
2025-07-26 19:00:00,-11.3791810742844,1.75851158733996
2025-07-26 20:00:00,-11.3832190420774,1.7925281359567
2025-07-26 21:00:00,-11.3303550179033,1.82097470305749
2025-07-26 22:00:00,-11.3367568438482,1.85150695848152
2025-07-26 23:00:00,-11.186834916911,1.84407314028079
2025-07-27 00:00:00,-13.9250822756892,1.94508201069135
2025-07-27 01:00:00,-13.0667421895487,1.92461199232258
2025-07-27 02:00:00,-12.9611280823199,1.89765721221447
2025-07-27 03:00:00,-12.8665688329108,1.87202699355299
2025-07-27 04:00:00,-12.6461632544301,1.84651771311272
2025-07-27 05:00:00,-13.2990658674556,1.85793462690989
2025-07-27 06:00:00,-13.2412381236236,1.83339183072459
2025-07-27 07:00:00,-13.2209743274017,1.80921810056945
2025-07-27 08:00:00,-13.0638030553535,1.78744678800124
2025-07-27 09:00:00,-13.0968505954777,1.7673507980023
2025-07-27 10:00:00,-13.0714882768577,1.75091730250892
2025-07-27 11:00:00,-12.8380872153052,1.73058476526443
2025-07-27 12:00:00,-12.7412483185848,1.71012147268365
2025-07-27 13:00:00,-12.3064949929209,1.68833072158478
2025-07-27 14:00:00,-12.8124859658743,1.68814827784444
2025-07-27 15:00:00,-12.2257534673318,1.6661396623509
2025-07-27 16:00:00,-12.1030665675382,1.64413998357297
2025-07-27 17:00:00,-11.9603081491473,1.65228707882937
2025-07-27 18:00:00,-12.1182505352408,1.63720118232877
2025-07-27 19:00:00,-12.3758619202797,1.61571547078343
2025-07-27 20:00:00,-12.4402188033036,1.59420723595612
2025-07-27 21:00:00,-12.5727565199768,1.57661545895751
2025-07-27 22:00:00,-12.3802741389907,1.55597421031764
2025-07-27 23:00:00,-12.4574120246674,1.53569912791174
2025-07-28 00:00:00,-11.8180538338141,1.52119873466872
2025-07-28 01:00:00,-12.1481628186402,1.50170556537486
2025-07-28 02:00:00,-11.975626536783,1.49175875810313
2025-07-28 03:00:00,-12.0771541846228,1.47574427904159
2025-07-28 04:00:00,-12.6152160731004,1.48870449414823
2025-07-28 05:00:00,-12.5660281808735,1.47391182626547
2025-07-28 06:00:00,-12.2914694755504,1.46065092767904
2025-07-28 07:00:00,-12.937950849843,1.47141158160876
2025-07-28 08:00:00,-11.7714786138426,1.50332300053477
2025-07-28 09:00:00,-12.0855461650822,1.48344367429913
2025-07-28 10:00:00,-12.3433984517123,1.47063751916443
2025-07-28 11:00:00,-12.0600443906516,1.45132037193367
2025-07-28 12:00:00,-11.9260918393221,1.43235418933045
2025-07-28 13:00:00,-11.6837903906441,1.41576988353468
2025-07-28 14:00:00,-11.3907560750295,1.41607854398809
2025-07-28 15:00:00,-11.3469735719652,1.39938762261336
2025-07-28 16:00:00,-11.6836808803654,1.38456756901181
2025-07-28 17:00:00,-11.8301753799657,1.36889853208727
2025-07-28 18:00:00,-11.9139878504689,1.35157306080797
2025-07-28 19:00:00,-11.55722788842,1.34552077827371
2025-07-28 20:00:00,-11.6268411603073,1.33003966695594
2025-07-28 21:00:00,-11.5705131925967,1.31681982362254
2025-07-28 22:00:00,-11.7172122761363,1.30013515798339
2025-07-28 23:00:00,-12.1488514747923,1.28897575648276
2025-07-29 00:00:00,-11.0347054159922,1.27961850708357
2025-07-29 01:00:00,-11.3395254296054,1.26392314738761
2025-07-29 02:00:00,-11.7073977926583,1.25669891146894
2025-07-29 03:00:00,-11.2130584327757,1.25887602714228
2025-07-29 04:00:00,-11.4346345058401,1.24784466874477
2025-07-29 05:00:00,-11.8013563179441,1.25097634718687
2025-07-29 06:00:00,-11.9773747999048,1.24407194158721
2025-07-29 07:00:00,-11.7203428082331,1.22877913464165
2025-07-29 08:00:00,-11.5794000728559,1.21509479351365
2025-07-29 09:00:00,-11.5126546529073,1.20027233945829
2025-07-29 10:00:00,-11.6050580119318,1.19310885608552
2025-07-29 11:00:00,-11.2551519214758,1.17848758601958
2025-07-29 12:00:00,-11.6366346623697,1.19583669080915
2025-07-29 13:00:00,-10.9038301399985,1.18114693172559
2025-07-29 14:00:00,-11.4511133703807,1.19356669079069
2025-07-29 15:00:00,-10.7069381371659,1.18482183383359
2025-07-29 16:00:00,-11.2826650546842,1.20459817505367
2025-07-29 17:00:00,-11.0624960473122,1.19492691487068
2025-07-29 18:00:00,-11.4764238063771,1.19299245985079
2025-07-29 19:00:00,-11.2577742985856,1.17937936486442
2025-07-29 20:00:00,-11.0804440649946,1.16496389467172
2025-07-29 21:00:00,-10.72475091574,1.15993159335072
2025-07-29 22:00:00,-11.3459338571281,1.16958914374087
2025-07-29 23:00:00,-11.7029499932734,1.17897864509294
2025-07-30 00:00:00,-11.6048246447651,1.17099455163205
2025-07-30 01:00:00,-11.7300767635091,1.15990436542911
2025-07-30 02:00:00,-11.3648103981414,1.14920014027391
2025-07-30 03:00:00,-11.7411241015604,1.14460579844064
2025-07-30 04:00:00,-11.6870989150177,1.14154548154243
2025-07-30 05:00:00,-11.968083421547,1.15833400859917
2025-07-30 06:00:00,-11.7285390833544,1.14426207746827
2025-07-30 07:00:00,-12.0859473923605,1.15270148161673
2025-07-30 08:00:00,-11.6653986484248,1.14010122943366
2025-07-30 09:00:00,-11.6372570217973,1.12964924258825
2025-07-30 10:00:00,-11.8347778714923,1.14220119646879
2025-07-30 11:00:00,-11.3210961589009,1.12855836371743
2025-07-30 12:00:00,-11.1884244736457,1.11583459128937
2025-07-30 13:00:00,-10.7795319126293,1.10309321863965
2025-07-30 14:00:00,-11.1475351903967,1.09738112202634
2025-07-30 15:00:00,-10.6681770016341,1.08625110420747
2025-07-30 16:00:00,-11.1708321838977,1.0998364390859
2025-07-30 17:00:00,-11.5453515244818,1.10022545394033
2025-07-30 18:00:00,-11.6281986494192,1.1012970937739
2025-07-30 19:00:00,-10.6828839211433,1.11705319841071
2025-07-30 20:00:00,-10.8920937197932,1.10379126293675
2025-07-30 21:00:00,-11.2812327827214,1.10660363511121
2025-07-30 22:00:00,-11.4051634806984,1.10784192787336
2025-07-30 23:00:00,-11.7011237736735,1.11931744340574
2025-07-31 00:00:00,-11.8471837700417,1.11469599390179
2025-07-31 01:00:00,-11.683203522923,1.10221601869404
2025-07-31 02:00:00,-11.853730162927,1.09424686058108
2025-07-31 03:00:00,-11.844682749139,1.08234963643424
2025-07-31 04:00:00,-12.1705763973086,1.11556026628204
2025-07-31 05:00:00,-11.9514038464892,1.1072737717264
2025-07-31 06:00:00,-12.4390499048235,1.13492380647846
2025-07-31 07:00:00,-12.2327266956887,1.12680828997847
2025-07-31 08:00:00,-11.8313382517862,1.11447843673902
2025-07-31 09:00:00,-12.131825230787,1.12826890357094
2025-07-31 10:00:00,-12.3581023831178,1.17240068391468
2025-07-31 11:00:00,-11.9255803201716,1.17138264662959
2025-07-31 12:00:00,-12.185349500435,1.22248630098276
2025-07-31 13:00:00,-11.2498590514899,1.20804185914982
2025-07-31 14:00:00,-10.8587030708814,1.20489542363156
2025-07-31 15:00:00,-11.1111547486105,1.19983269837995
2025-07-31 16:00:00,-11.2320050997619,1.19317973305757
2025-07-31 17:00:00,-11.36115773104,1.17854339758379
2025-07-31 18:00:00,-11.4318794760702,1.16517127413301
2025-07-31 19:00:00,-11.3763092072178,1.15320493248864
2025-07-31 20:00:00,-11.2673957150619,1.13946542638547
2025-07-31 21:00:00,-11.1693214140845,1.12571995380099
2025-07-31 22:00:00,-11.3765468750907,1.11891356700512
2025-07-31 23:00:00,-11.3999075388123,1.10578051552226
2025-08-01 00:00:00,-11.4866077644973,1.09327041177896
2025-08-01 01:00:00,-11.1175379030589,1.12649789117457
2025-08-01 02:00:00,-11.2551486877368,1.1231830066529
2025-08-01 03:00:00,-11.60736567293,1.10987774311351
2025-08-01 04:00:00,-11.8663022257278,1.10727973421014
2025-08-01 05:00:00,-11.9033743853909,1.09707371652016
2025-08-01 06:00:00,-11.738595475589,1.08837052307024
2025-08-01 07:00:00,-12.0177736306319,1.07776091365672
2025-08-01 08:00:00,-11.433098563671,1.07736636327822
2025-08-01 09:00:00,-11.4843981599099,1.06662792326733
2025-08-01 10:00:00,-11.648354643723,1.05562726411328
2025-08-01 11:00:00,-11.5199923609887,1.04390073630311
2025-08-01 12:00:00,-11.3253772038683,1.03236792872807
2025-08-01 13:00:00,-10.9765653403945,1.02042054567581
2025-08-01 14:00:00,-10.917679076275,1.01714684482263
2025-08-01 15:00:00,-10.569181044482,1.02175394957881
2025-08-01 16:00:00,-10.9589164389598,1.01061055015492
2025-08-01 17:00:00,-11.3501839752444,0.999034751227913
2025-08-01 18:00:00,-11.3289911471493,0.989015454417066
2025-08-01 19:00:00,-11.0708080793885,0.984235086419773
2025-08-01 20:00:00,-10.880712530677,0.98646058306282
2025-08-01 21:00:00,-11.4217386895866,0.984950710611311
2025-08-01 22:00:00,-11.415242073622,0.974703866886379
2025-08-01 23:00:00,-11.117729238921,0.977983815108491
2025-08-02 00:00:00,-10.5523532579129,0.970727804226965
2025-08-02 01:00:00,-11.2293099745303,0.986738974586726
2025-08-02 02:00:00,-11.292608505779,0.992587069433628
2025-08-02 03:00:00,-11.3944722742442,1.0014677724041
2025-08-02 04:00:00,-11.5293534397823,1.05031384876896
2025-08-02 05:00:00,-11.7564151373622,1.11432338822625
2025-08-02 06:00:00,-11.6807084814751,1.12774394298588
2025-08-02 07:00:00,-11.3575294353501,1.11804188877891
2025-08-02 08:00:00,-11.1946828768638,1.11834234682187
2025-08-02 09:00:00,-11.2354343694118,1.12204801468543
2025-08-02 10:00:00,-11.4417933329702,1.16142378275406
2025-08-02 11:00:00,-11.0593859736608,1.162751051253
2025-08-02 12:00:00,-10.9473453334203,1.16616949790696
2025-08-02 13:00:00,-10.912862087077,1.21600283104559
2025-08-02 14:00:00,-10.9298353212255,1.2238906718279
2025-08-02 15:00:00,-10.7501636336429,1.23571819962064
2025-08-02 16:00:00,-10.730800279586,1.24539852390638
2025-08-02 17:00:00,-11.1310136215103,1.26279075733347
2025-08-02 18:00:00,-10.6174080459085,1.24741206322828
2025-08-02 19:00:00,-10.6452865342807,1.23997217688325
2025-08-02 20:00:00,-10.2938283350227,1.22564189311614
2025-08-02 21:00:00,-10.5369986559845,1.22006151400624
2025-08-02 22:00:00,-10.6978526112683,1.21971558213001
2025-08-02 23:00:00,-10.9589043548201,1.22486745962442
2025-08-03 00:00:00,-11.7730999039101,1.210173181038
2025-08-03 01:00:00,-11.4450316999044,1.21361663123962
2025-08-03 02:00:00,-11.7751660583039,1.20012493259514
2025-08-03 03:00:00,-12.2956232710859,1.21141855981414
2025-08-03 04:00:00,-12.024352012052,1.20254608048259
2025-08-03 05:00:00,-11.8679849041429,1.18839707483167
2025-08-03 06:00:00,-12.3886468244284,1.19964510476612
2025-08-03 07:00:00,-12.5554064469155,1.20923637111526
2025-08-03 08:00:00,-12.3861237318302,1.21728748922213
2025-08-03 09:00:00,-12.3097419795017,1.21817419300131
2025-08-03 10:00:00,-12.4028285588197,1.2433219173136
2025-08-03 11:00:00,-12.170849367242,1.25321461122447
2025-08-03 12:00:00,-11.5554772163668,1.2379859447982
2025-08-03 13:00:00,-11.3924098710438,1.23570200450284
2025-08-03 14:00:00,-11.5784192841787,1.2276242323162
2025-08-03 15:00:00,-11.352207155981,1.2163240465773
2025-08-03 16:00:00,-11.4208450141678,1.2097517382402
2025-08-03 17:00:00,-12.0063712795844,1.22301912977447
2025-08-03 18:00:00,-11.8660929858266,1.21281371112985
2025-08-03 19:00:00,-11.6633286949276,1.20141132596235
2025-08-03 20:00:00,-11.392548212705,1.18670094508885
2025-08-03 21:00:00,-11.8411868456545,1.20548834779671
2025-08-03 22:00:00,-11.8562446786147,1.20816285471187
2025-08-03 23:00:00,-11.812491779628,1.19770042203386
2025-08-04 00:00:00,-12.4441690518615,1.19485371555176
2025-08-04 01:00:00,-12.0884713418004,1.19054048821455
2025-08-04 02:00:00,-12.0862449549493,1.17730112992708
2025-08-04 03:00:00,-12.03216188589,1.16794170643778
2025-08-04 04:00:00,-12.314985355961,1.16392467940648
2025-08-04 05:00:00,-12.4964161016492,1.1595468333884
2025-08-04 06:00:00,-12.6982371725229,1.1528476409209
2025-08-04 07:00:00,-12.3813149809732,1.14096383473642
2025-08-04 08:00:00,-12.3895457064031,1.1316152425105
2025-08-04 09:00:00,-12.2020812967781,1.1182898171958
2025-08-04 10:00:00,-12.0709107915643,1.1049308510716
2025-08-04 11:00:00,-11.9920778077285,1.09271058957461
2025-08-04 12:00:00,-12.1533085262417,1.0890547183096
2025-08-04 13:00:00,-12.0558321643496,1.10294319911786
2025-08-04 14:00:00,-11.430483870393,1.11196600899838
2025-08-04 15:00:00,-11.2545759551338,1.10223503269437
2025-08-04 16:00:00,-11.7699264455125,1.10246647422525
2025-08-04 17:00:00,-11.8382343001254,1.09066801268043
2025-08-04 18:00:00,-11.8084723767649,1.07903718157964
2025-08-04 19:00:00,-12.0261835080657,1.07325896505235
2025-08-04 20:00:00,-12.1298992151418,1.06914193076655
2025-08-04 21:00:00,-11.6294974050636,1.06329887797166
2025-08-04 22:00:00,-11.8543297309167,1.05332737507564
2025-08-04 23:00:00,-12.2001015404372,1.04951157222582
2025-08-05 00:00:00,-11.898156986414,1.04076004350447
2025-08-05 01:00:00,-12.1971569995571,1.03521919691563
2025-08-05 02:00:00,-12.1972148000013,1.02812214904339
2025-08-05 03:00:00,-12.2931240752317,1.02378851767831
2025-08-05 04:00:00,-11.9264204818792,1.01240894192072
2025-08-05 05:00:00,-11.9440512092354,1.00229207540973
2025-08-05 06:00:00,-12.369914211593,1.00549014511674
2025-08-05 07:00:00,-12.3877389309058,0.999895963711968
2025-08-05 08:00:00,-11.5505483926115,1.00732890763513
2025-08-05 09:00:00,-11.8069025088252,0.996617274977511
2025-08-05 10:00:00,-11.9538726314813,0.992039415955962
2025-08-05 11:00:00,-11.6114507490682,0.980777385897898
2025-08-05 12:00:00,-11.8420202988018,0.983440992381516
2025-08-05 13:00:00,-10.5843392055811,1.01982065456659
2025-08-05 14:00:00,-11.2385354667639,1.0096710753762
2025-08-05 15:00:00,-10.8199826803138,1.00868509708202
2025-08-05 16:00:00,-11.1709886924144,0.999148143234103
2025-08-05 17:00:00,-11.7551936249281,0.995382255002576
2025-08-05 18:00:00,-11.7548815090915,0.985461847219898
2025-08-05 19:00:00,-11.5641122032937,0.974519501115267
2025-08-05 20:00:00,-11.7045863382669,0.970570354085789
2025-08-05 21:00:00,-11.450659778107,0.959784326637406
2025-08-05 22:00:00,-11.709993690657,0.959853341948849
2025-08-05 23:00:00,-11.6605271477004,0.949185149903486
2025-08-06 00:00:00,-12.1575412867962,1.01652791051276
2025-08-06 01:00:00,-11.7406654081653,1.00581258859663
2025-08-06 02:00:00,-11.7650293353671,0.996796211032366
2025-08-06 03:00:00,-11.8777902589505,0.990290014396688
2025-08-06 04:00:00,-11.8288090881466,0.991010290397679
2025-08-06 05:00:00,-12.2920687567648,1.03820355054593
2025-08-06 06:00:00,-11.3339230128261,1.06548675935683
2025-08-06 07:00:00,-12.1052352086984,1.08368642695111
2025-08-06 08:00:00,-11.9249790837611,1.08016701691594
2025-08-06 09:00:00,-11.7646083749151,1.0693355300026
2025-08-06 10:00:00,-11.5994029527546,1.05837573776331
2025-08-06 11:00:00,-11.5711242593145,1.05566003488746
2025-08-06 12:00:00,-11.548366328369,1.05244843682226
2025-08-06 13:00:00,-10.7505718894508,1.04305063934824
2025-08-06 14:00:00,-11.5384434453539,1.06924364536288
2025-08-06 15:00:00,-10.3910123549129,1.10088691685807
2025-08-06 16:00:00,-10.9171350836937,1.09452504602614
2025-08-06 17:00:00,-11.5095582314838,1.09295430788603
2025-08-06 18:00:00,-11.6508730411544,1.09085022943729
2025-08-06 19:00:00,-11.4262206456194,1.08076748156065
2025-08-06 20:00:00,-11.5010243125713,1.078849682278
2025-08-06 21:00:00,-11.8009086808301,1.10821321857646
2025-08-06 22:00:00,-11.5930304075447,1.10432583821496
2025-08-06 23:00:00,-11.8351380209372,1.11490799593165
2025-08-07 00:00:00,-12.6717910513056,1.23082923404779
2025-08-07 01:00:00,-12.2552882013044,1.21918833234749
2025-08-07 02:00:00,-11.9675710455765,1.20533598511673
2025-08-07 03:00:00,-11.9238252927443,1.19193844214052
2025-08-07 04:00:00,-12.3730468096267,1.24787196148456
2025-08-07 05:00:00,-11.935413259389,1.23342620272605
2025-08-07 06:00:00,-12.2302257181938,1.23362702364735
2025-08-07 07:00:00,-12.0445720278501,1.21899573585965
2025-08-07 08:00:00,-12.3779437142634,1.25872458017736
2025-08-07 09:00:00,-11.9689830111681,1.2443382214468
2025-08-07 10:00:00,-11.8340879597794,1.23410963060979
2025-08-07 11:00:00,-11.1445296552031,1.22823343818911
2025-08-07 12:00:00,-11.286064605387,1.2140694128869
2025-08-07 13:00:00,-10.8091385894831,1.19976052468412
2025-08-07 14:00:00,-11.420782268577,1.20077753770661
2025-08-07 15:00:00,-10.967508339622,1.18656137764168
2025-08-07 16:00:00,-11.1836209613137,1.17874542572545
2025-08-07 17:00:00,-11.2356330434294,1.16597882760841
2025-08-07 18:00:00,-11.5675503103881,1.15894087254064
2025-08-07 19:00:00,-11.4257240505974,1.14643325009492
2025-08-07 20:00:00,-11.098316040848,1.13569063119311
2025-08-07 21:00:00,-11.5472374687291,1.14236854275488
2025-08-07 22:00:00,-11.5628393236373,1.13716389637306
2025-08-07 23:00:00,-11.3436871324083,1.12451689362074
2025-08-08 00:00:00,-12.2721983431524,1.17803659832348
2025-08-08 01:00:00,-11.2593366388293,1.22812718368952
2025-08-08 02:00:00,-11.5793102086565,1.21288762431406
2025-08-08 03:00:00,-12.0159062503418,1.20642163529002
2025-08-08 04:00:00,-11.911947653383,1.19725325357605
2025-08-08 05:00:00,-12.2489687226975,1.21193870642951
2025-08-08 06:00:00,-12.8291166632923,1.2692962214535
2025-08-08 07:00:00,-12.0483852520025,1.25753105096669
2025-08-08 08:00:00,-11.6504432948382,1.24309368527906
2025-08-08 09:00:00,-11.9248095402244,1.23472878481446
2025-08-08 10:00:00,-12.0906907196917,1.23967795621231
2025-08-08 11:00:00,-11.9050765563067,1.23601965803706
2025-08-08 12:00:00,-11.8030954453388,1.2300897475739
2025-08-08 13:00:00,-11.3953959559579,1.22286036303075
2025-08-08 14:00:00,-11.3430124198566,1.20776708753369
2025-08-08 15:00:00,-11.0750846684041,1.19286277553743
2025-08-08 16:00:00,-11.1274848601582,1.17898158349825
2025-08-08 17:00:00,-12.0377785563841,1.21119123400926
2025-08-08 18:00:00,-11.5492327333754,1.19766442570929
2025-08-08 19:00:00,-11.3632825484495,1.18293364316008
2025-08-08 20:00:00,-11.6378029355275,1.1810112485369
2025-08-08 21:00:00,-11.6235816419923,1.17345272984992
2025-08-08 22:00:00,-11.9000776104005,1.19003506696078
2025-08-08 23:00:00,-12.3449092139698,1.23573487652593
2025-08-09 00:00:00,-12.224638624399,1.23264400655788
2025-08-09 01:00:00,-12.7047433064839,1.2680499460292
2025-08-09 02:00:00,-12.347056566096,1.25725188840914
2025-08-09 03:00:00,-12.6389869178002,1.28025569939716
2025-08-09 04:00:00,-12.2117710354454,1.27172107066196
2025-08-09 05:00:00,-11.7376753405928,1.25874650679822
2025-08-09 06:00:00,-11.8490096828668,1.24346550871864
2025-08-09 07:00:00,-12.2875898451197,1.24085822141998
2025-08-09 08:00:00,-12.2465019579918,1.24001478248745
2025-08-09 09:00:00,-11.7602793069693,1.22800458427064
2025-08-09 10:00:00,-11.688515533061,1.21281443974944
2025-08-09 11:00:00,-11.7257985854747,1.20375891035912
2025-08-09 12:00:00,-11.5200810764877,1.18894082787911
2025-08-09 13:00:00,-11.6299978971257,1.20855810371952
2025-08-09 14:00:00,-11.6785219112216,1.19959608350331
2025-08-09 15:00:00,-11.6766411366792,1.20638201699207
2025-08-09 16:00:00,-11.5101435026762,1.19640078063903
2025-08-09 17:00:00,-12.1972277844019,1.22489223740948
2025-08-09 18:00:00,-12.2371869492547,1.23520422093355
2025-08-09 19:00:00,-11.9508180267356,1.22978359964302
2025-08-09 20:00:00,-12.0887090045865,1.24659399146906
2025-08-09 21:00:00,-11.6534227861716,1.231560938023
2025-08-09 22:00:00,-11.6047061821683,1.21921145328179
2025-08-09 23:00:00,-12.2609332357423,1.25885302498173
2025-08-10 00:00:00,-12.8692071439312,1.26335362083852
2025-08-10 01:00:00,-12.9573685289499,1.25756096616393
2025-08-10 02:00:00,-12.8578718546754,1.24823454825738
2025-08-10 03:00:00,-12.3953508052753,1.23923818776278
2025-08-10 04:00:00,-11.612206431941,1.27385187890176
2025-08-10 05:00:00,-12.3408383191066,1.26499271846841
2025-08-10 06:00:00,-12.1525736487541,1.2647037425294
2025-08-10 07:00:00,-12.2971436987454,1.25177541459968
2025-08-10 08:00:00,-11.9916378560611,1.24660827006478
2025-08-10 09:00:00,-12.0844927381875,1.23399032513263
2025-08-10 10:00:00,-12.0544300048255,1.22037296349631
2025-08-10 11:00:00,-12.0760037799013,1.20557082855535
2025-08-10 12:00:00,-11.9521521638265,1.19133853936796
2025-08-10 13:00:00,-11.5910491043285,1.1769151028778
2025-08-10 14:00:00,-11.8461071725492,1.16253974895967
2025-08-10 15:00:00,-11.5941355399937,1.14971847862241
2025-08-10 16:00:00,-11.5694943791809,1.1370690176119
2025-08-10 17:00:00,-12.3906310203554,1.14054282794556
2025-08-10 18:00:00,-12.4522706018639,1.13234436153506
2025-08-10 19:00:00,-12.5874992402676,1.14286871093822
2025-08-10 20:00:00,-12.2432030746559,1.12952868293437
2025-08-10 21:00:00,-11.5245733114512,1.14637261613197
2025-08-10 22:00:00,-11.6552024647073,1.13489978988143
2025-08-10 23:00:00,-12.3510967206728,1.13639030807305
2025-08-11 00:00:00,-11.2983479586471,1.12562378831037
2025-08-11 01:00:00,-11.8630536526024,1.12085030618813
2025-08-11 02:00:00,-11.1705019592694,1.14119789888883
2025-08-11 03:00:00,-11.2561519900566,1.13543302089407
2025-08-11 04:00:00,-11.4327095236013,1.12264911092985
2025-08-11 05:00:00,-11.4739711842813,1.10923216140702
2025-08-11 06:00:00,-11.5906915440045,1.09706533254353
2025-08-11 07:00:00,-12.0478328499419,1.09577767618879
2025-08-11 08:00:00,-11.4824039768573,1.08693551820492
2025-08-11 09:00:00,-11.8120936578358,1.08297048791326
2025-08-11 10:00:00,-11.6352334336838,1.07103619452852
2025-08-11 11:00:00,-11.541005646082,1.06287039053913
2025-08-11 12:00:00,-11.1784348312847,1.05234100039644
2025-08-11 13:00:00,-10.6905924277539,1.04238405928681
2025-08-11 14:00:00,-10.9948504694787,1.03026651209346
2025-08-11 15:00:00,-10.7712916773931,1.01956858723906
2025-08-11 16:00:00,-11.0732844854,1.01322676315258
2025-08-11 17:00:00,-11.1587730262957,1.00389316057923
2025-08-11 18:00:00,-11.4383097848564,0.995520580231104
2025-08-11 19:00:00,-11.1591735145353,0.985083201831768
2025-08-11 20:00:00,-11.0877103153853,0.974434649000212
2025-08-11 21:00:00,-11.4282992377482,0.975450860752121
2025-08-11 22:00:00,-10.8829127635031,0.978500161281271
2025-08-11 23:00:00,-11.3571352981731,0.970737907281761
2025-08-12 00:00:00,-11.3888893077268,0.993652549063905
2025-08-12 01:00:00,-11.4814203392624,0.988067533280133
2025-08-12 02:00:00,-11.1437182379049,0.977541874984294
2025-08-12 03:00:00,-11.3916846635284,0.973234372914852
2025-08-12 04:00:00,-11.2721670157831,0.969000072605389
2025-08-12 05:00:00,-11.5792173103018,0.986852450720379
2025-08-12 06:00:00,-11.4749950531545,0.977105048875312
2025-08-12 07:00:00,-11.6653364263679,0.979140630239803
2025-08-12 08:00:00,-11.5994716873443,0.988298595832886
2025-08-12 09:00:00,-11.4038933602879,0.981224219337408
2025-08-12 10:00:00,-11.2441578796689,0.974566241568483
2025-08-12 11:00:00,-10.9409280667905,0.964531444117026
2025-08-12 12:00:00,-10.8762023236408,0.95581622676609
2025-08-12 13:00:00,-10.3351508366198,0.94528764864358
2025-08-12 14:00:00,-10.425386431122,0.935646023676476
2025-08-12 15:00:00,-10.8761464428149,0.961275160710707
2025-08-12 16:00:00,-10.7329637316096,0.955126992687136
2025-08-12 17:00:00,-11.1686744387919,0.958297426768278
2025-08-12 18:00:00,-10.9257800324559,0.947603338713108
2025-08-12 19:00:00,-10.8297330453434,0.938713153110448
2025-08-12 20:00:00,-11.185651047294,0.957801698278998
2025-08-12 21:00:00,-10.8067487758647,0.94719269029026
2025-08-12 22:00:00,-11.0332313134791,0.952939443318612
2025-08-12 23:00:00,-11.318540595227,0.964502891632975
2025-08-13 00:00:00,-11.7881873211448,0.969164805471175
2025-08-13 01:00:00,-11.9045180603503,0.965280925139797
2025-08-13 02:00:00,-11.5933056501911,0.954599261315439
2025-08-13 03:00:00,-11.6503782884066,0.94476191406194
2025-08-13 04:00:00,-11.574733887052,0.938581797279503
2025-08-13 05:00:00,-11.4265352509918,0.928258887547613
2025-08-13 06:00:00,-11.6785055779406,0.91934718531464
2025-08-13 07:00:00,-11.6262519185853,0.909443098409609
2025-08-13 08:00:00,-11.7021649495925,0.908135212981357
2025-08-13 09:00:00,-11.7559736960519,0.905149332817539
2025-08-13 10:00:00,-11.5407782573698,0.896726169934519
2025-08-13 11:00:00,-11.5520420872175,0.900206406250002
2025-08-13 12:00:00,-11.3809877472774,0.89371469806753
2025-08-13 13:00:00,-11.1068880818465,0.894674322592178
2025-08-13 14:00:00,-10.3672565200453,0.9370013192886
2025-08-13 15:00:00,-10.4354151604202,0.928460444174805
2025-08-13 16:00:00,-10.5080713701893,0.920392541301801
2025-08-13 17:00:00,-11.3821467518148,0.926538547018484
2025-08-13 18:00:00,-11.2463856753368,0.916378478434748
2025-08-13 19:00:00,-10.9462868572041,0.908547233378775
2025-08-13 20:00:00,-10.8498991010636,0.900721517991984
2025-08-13 21:00:00,-11.1208077041434,0.895352148557116
2025-08-13 22:00:00,-11.2256040375727,0.890221693144323
2025-08-13 23:00:00,-10.9685730139835,0.887317841403928
2025-08-14 00:00:00,-10.8514161082963,0.884241228580102
2025-08-14 01:00:00,-10.8470252323847,0.876706450506612
2025-08-14 02:00:00,-11.2477640928138,0.881040956187798
2025-08-14 03:00:00,-11.3748619512236,0.881153986457484
2025-08-14 04:00:00,-11.3335903406789,0.890864192048129
2025-08-14 05:00:00,-11.0819131075819,0.882016165881903
2025-08-14 06:00:00,-11.2334793266416,0.874840645503376
2025-08-14 07:00:00,-11.1605120917158,0.86556486854335
2025-08-14 08:00:00,-10.9231727369614,0.85644897027836
2025-08-14 09:00:00,-11.1328249382918,0.854620882924615
2025-08-14 10:00:00,-11.0846059968533,0.85166276582385
2025-08-14 11:00:00,-10.6497669255749,0.843021422897316
2025-08-14 12:00:00,-11.3580683082143,0.910953841124552
2025-08-14 13:00:00,-9.17447304461068,1.08485288220446
2025-08-14 14:00:00,-10.0040849170219,1.07202906989487
2025-08-14 15:00:00,-9.96512205016929,1.0608067104406
2025-08-14 16:00:00,-10.5243624502405,1.0670941863205
2025-08-14 17:00:00,-10.6934629738687,1.05475178320137
2025-08-14 18:00:00,-10.6247717040846,1.04254012997995
2025-08-14 19:00:00,-10.6853157406662,1.03400747347984
2025-08-14 20:00:00,-10.600308774039,1.02256060182871
2025-08-14 21:00:00,-10.8395829815558,1.02568872580807
2025-08-14 22:00:00,-10.4708325754649,1.01500841558926
2025-08-14 23:00:00,-10.8914722576193,1.01394113178208
2025-08-15 00:00:00,-10.5240692470237,1.04014922423955
2025-08-15 01:00:00,-10.6843415435582,1.04329881271071
2025-08-15 02:00:00,-10.739871974213,1.05293243555681
2025-08-15 03:00:00,-10.9332935072859,1.07713694178074
2025-08-15 04:00:00,-10.6850206193768,1.08804748958196
2025-08-15 05:00:00,-10.7743320427616,1.10837738166743
2025-08-15 06:00:00,-10.6705912200785,1.10095706274306
2025-08-15 07:00:00,-10.8119751150119,1.10632112053131
2025-08-15 08:00:00,-10.7284526699706,1.11986756301923
2025-08-15 09:00:00,-10.6925131240641,1.12659742404473
2025-08-15 10:00:00,-10.742499075087,1.1518140389027
2025-08-15 11:00:00,-10.7965261681805,1.20435671289559
2025-08-15 12:00:00,-11.096696998113,1.31569185737308
2025-08-15 13:00:00,-9.93607220453024,1.3009830260521
2025-08-15 14:00:00,-10.2688184584887,1.31767386418082
2025-08-15 15:00:00,-9.79188363835308,1.30417808944146
2025-08-15 16:00:00,-9.63427772132388,1.28915477944168
2025-08-15 17:00:00,-10.7306555405186,1.37192905607356
2025-08-15 18:00:00,-10.2699527664358,1.35662117534947
2025-08-15 19:00:00,-10.5167338958721,1.39133414653163
2025-08-15 20:00:00,-10.5278308677822,1.41427729588538
2025-08-15 21:00:00,-10.5731849468698,1.44620542058369
2025-08-15 22:00:00,-10.6329141547321,1.48319139562526
2025-08-15 23:00:00,-10.7730039631414,1.51561542682745
2025-08-16 00:00:00,-12.0856305747225,1.510647757378
2025-08-16 01:00:00,-11.9585243592484,1.49172983363242
2025-08-16 02:00:00,-12.1881335536334,1.49450573301296
2025-08-16 03:00:00,-12.0663308429917,1.47911692656128
2025-08-16 04:00:00,-11.9372729462154,1.47085285236122
2025-08-16 05:00:00,-11.7425750341858,1.45209219876276
2025-08-16 06:00:00,-12.2568694263009,1.45905925850805
2025-08-16 07:00:00,-12.1456967048149,1.44387234691942
2025-08-16 08:00:00,-12.0866801873632,1.44145673027559
2025-08-16 09:00:00,-12.3606817121904,1.46639100897534
2025-08-16 10:00:00,-11.6764706815795,1.44759361143596
2025-08-16 11:00:00,-12.0733270096107,1.48706867196389
2025-08-16 12:00:00,-11.9294112302024,1.4893843320886
2025-08-16 13:00:00,-11.3683174652967,1.47845005619647
2025-08-16 14:00:00,-11.779972311456,1.49409429784271
2025-08-16 15:00:00,-11.5877319227945,1.49683523046323
2025-08-16 16:00:00,-11.875237939905,1.53936936100078
2025-08-16 17:00:00,-12.2955619473584,1.57830921273931
2025-08-16 18:00:00,-12.2994781708917,1.60318989285978
2025-08-16 19:00:00,-12.3790476896283,1.66179270330637
2025-08-16 20:00:00,-12.306852278474,1.7009386080457
2025-08-16 21:00:00,-12.1425410687846,1.7213373737765
2025-08-16 22:00:00,-12.0424829700262,1.7343253543926
2025-08-16 23:00:00,-12.0662233195091,1.73673174332607
2025-08-17 00:00:00,-13.4412091224101,1.73090236297793
2025-08-17 01:00:00,-13.4117887381691,1.71025920412362
2025-08-17 02:00:00,-12.9773241343047,1.69107991142487
2025-08-17 03:00:00,-13.1359745134399,1.66861447339161
2025-08-17 04:00:00,-13.143965975481,1.65201828046319
2025-08-17 05:00:00,-12.5626578577378,1.65252067154744
2025-08-17 06:00:00,-13.1410573564197,1.6329095783392
2025-08-17 07:00:00,-13.1835293799337,1.61084072535525
2025-08-17 08:00:00,-13.064824725094,1.5898412400435
2025-08-17 09:00:00,-12.8361290981703,1.57169441440357
2025-08-17 10:00:00,-12.9202897918418,1.55171174215959
2025-08-17 11:00:00,-12.8794815701733,1.53429262144095
2025-08-17 12:00:00,-13.1192095026061,1.53495711989794
2025-08-17 13:00:00,-12.6165229137514,1.51882627539323
2025-08-17 14:00:00,-12.6088324203757,1.49878264297425
2025-08-17 15:00:00,-12.4765733421127,1.48074226248957
2025-08-17 16:00:00,-12.7049942867152,1.47439057808196
2025-08-17 17:00:00,-12.3688011958703,1.47496844641771
2025-08-17 18:00:00,-13.0444662605538,1.47689822491676
2025-08-17 19:00:00,-12.4807701409302,1.46424732938572
2025-08-17 20:00:00,-12.4143544209403,1.4466235656318
2025-08-17 21:00:00,-12.5305052341712,1.42791941691561
2025-08-17 22:00:00,-12.9454880177478,1.42880400066525
2025-08-17 23:00:00,-12.9176126557303,1.41123570997008
2025-08-18 00:00:00,-12.5152672931345,1.39304013826349
2025-08-18 01:00:00,-12.3091984308633,1.39536073928892
2025-08-18 02:00:00,-12.0397605373673,1.41195187168576
2025-08-18 03:00:00,-12.0805845100239,1.41811437346188
2025-08-18 04:00:00,-12.237253230317,1.40114629773619
2025-08-18 05:00:00,-12.5503834862334,1.38333802649272
2025-08-18 06:00:00,-12.3121407131733,1.39076482587443
2025-08-18 07:00:00,-12.3184065516147,1.38956141181571
2025-08-18 08:00:00,-12.2275220870783,1.37945155971529
2025-08-18 09:00:00,-12.5332805112944,1.36169909105562
2025-08-18 10:00:00,-12.2143883271191,1.3549348327504
2025-08-18 11:00:00,-12.0542491779944,1.34277392033727
2025-08-18 12:00:00,-12.6561168632114,1.34888142327722
2025-08-18 13:00:00,-11.6722051562076,1.34926519429237
2025-08-18 14:00:00,-11.8693948473479,1.33586894919453
2025-08-18 15:00:00,-11.4849187369346,1.33844715683613
2025-08-18 16:00:00,-11.7712120885401,1.32167811656789
2025-08-18 17:00:00,-12.4772104386292,1.31018284815816
2025-08-18 18:00:00,-11.8867897760413,1.33025795078005
2025-08-18 19:00:00,-12.1524721018287,1.31338244436769
2025-08-18 20:00:00,-12.1736359513365,1.29692486356387
2025-08-18 21:00:00,-11.8906717914007,1.29172410436
2025-08-18 22:00:00,-12.2619694624461,1.27795610501681
2025-08-18 23:00:00,-12.3731430091623,1.26188574621598
2025-08-19 00:00:00,-11.2553490436885,1.24820858906184
2025-08-19 01:00:00,-11.3973108116062,1.23264238985011
2025-08-19 02:00:00,-11.3773224464978,1.2173334430928
2025-08-19 03:00:00,-11.5719470934795,1.20465172521038
2025-08-19 04:00:00,-11.2697761729455,1.18984826383753
2025-08-19 05:00:00,-11.2375428681389,1.17542552775333
2025-08-19 06:00:00,-11.6469092131585,1.16584138606695
2025-08-19 07:00:00,-11.846468734542,1.15949689938121
2025-08-19 08:00:00,-11.4256962002899,1.14543186219358
2025-08-19 09:00:00,-11.3528220727068,1.13157728651868
2025-08-19 10:00:00,-11.7612448730099,1.15076852138373
2025-08-19 11:00:00,-11.2487249477139,1.13688427696698
2025-08-19 12:00:00,-11.6111891117364,1.16020954829525
2025-08-19 13:00:00,-10.8176139869836,1.14610610717911
2025-08-19 14:00:00,-10.8492251632063,1.13231083906917
2025-08-19 15:00:00,-10.3653124112456,1.12880030686896
2025-08-19 16:00:00,-10.6947196251674,1.11747399437899
2025-08-19 17:00:00,-11.3031652757451,1.1142145768687
2025-08-19 18:00:00,-11.3891994544703,1.10686268629334
2025-08-19 19:00:00,-11.1066901657581,1.09383407977788
2025-08-19 20:00:00,-11.0218181736339,1.08112145448136
2025-08-19 21:00:00,-11.0489127407493,1.0702407918973
2025-08-19 22:00:00,-11.80570562906,1.14446858853092
2025-08-19 23:00:00,-11.2859779943911,1.1310101166048
2025-08-20 00:00:00,-11.2393179073904,1.11832666682236
2025-08-20 01:00:00,-11.7094421664149,1.11855060923631
2025-08-20 02:00:00,-11.2302660177362,1.11108854880709
2025-08-20 03:00:00,-11.639033705954,1.10823426506165
2025-08-20 04:00:00,-11.5998658410273,1.10724180657429
2025-08-20 05:00:00,-11.6948706415705,1.10765212972962
2025-08-20 06:00:00,-11.9930299611038,1.11592372171548
2025-08-20 07:00:00,-11.9388074592162,1.11118799912521
2025-08-20 08:00:00,-11.8886815553147,1.12183592500596
2025-08-20 09:00:00,-11.5043609929134,1.10849599024013
2025-08-20 10:00:00,-11.5857397408726,1.10897054370623
2025-08-20 11:00:00,-11.2621040061175,1.09785460114155
2025-08-20 12:00:00,-10.9859911700311,1.08487074943466
2025-08-20 13:00:00,-10.9345172422856,1.08781436955504
2025-08-20 14:00:00,-10.8402468046781,1.0750708176331
2025-08-20 15:00:00,-10.2279180560972,1.0800850764377
2025-08-20 16:00:00,-10.6353004800243,1.0705292623931
2025-08-20 17:00:00,-10.9157757834526,1.05805385190876
2025-08-20 18:00:00,-11.1373460996263,1.04819647483924
2025-08-20 19:00:00,-11.0770928342712,1.03808778430352
2025-08-20 20:00:00,-10.8826966629228,1.02623919903514
2025-08-20 21:00:00,-11.3007777552947,1.03954676215343
2025-08-20 22:00:00,-10.9103087076605,1.0281415965009
2025-08-20 23:00:00,-11.607386766635,1.05936280651895
2025-08-21 00:00:00,-11.6736682993827,1.0661376570673
2025-08-21 01:00:00,-11.5752451154899,1.0541760190467
2025-08-21 02:00:00,-11.2034408788376,1.04638677813753
2025-08-21 03:00:00,-11.4018552530591,1.03497630732667
2025-08-21 04:00:00,-11.2074828915118,1.02305021419773
2025-08-21 05:00:00,-11.4855765606267,1.02021462283018
2025-08-21 06:00:00,-11.7558877445568,1.01724465396357
2025-08-21 07:00:00,-12.0889442449827,1.03610444191833
2025-08-21 08:00:00,-11.5089021060336,1.02421990992733
2025-08-21 09:00:00,-11.5215302999177,1.01653420638056
2025-08-21 10:00:00,-11.5719653120476,1.01775940608806
2025-08-21 11:00:00,-11.5403278910184,1.02721856028548
2025-08-21 12:00:00,-11.0058920892652,1.01630580639564
2025-08-21 13:00:00,-10.6890007976563,1.00648232741257
2025-08-21 14:00:00,-11.3052217395449,1.02668266079892
2025-08-21 15:00:00,-10.6514223635361,1.0164407228343
2025-08-21 16:00:00,-10.5839740786611,1.00481087102262
2025-08-21 17:00:00,-11.1995296646752,1.002319774474
2025-08-21 18:00:00,-11.2307899763239,0.993589325656239
2025-08-21 19:00:00,-10.8645151051305,0.983451558863122
2025-08-21 20:00:00,-10.7735985389727,0.972858424537125
2025-08-21 21:00:00,-10.7543651637576,0.962035857812825
2025-08-21 22:00:00,-10.8838433522415,0.952312827857412
2025-08-21 23:00:00,-11.6794709707274,0.998554217661001
2025-08-22 00:00:00,-11.4720257347935,0.988750436917085
2025-08-22 01:00:00,-11.5876306538298,0.978989807948859
2025-08-22 02:00:00,-11.3644337410398,0.968682773476149
2025-08-22 03:00:00,-11.4269443162418,0.957825481957473
2025-08-22 04:00:00,-11.4953474843476,0.955207050457878
2025-08-22 05:00:00,-11.4422771799586,0.945651688414626
2025-08-22 06:00:00,-11.7015586439993,0.939657571011063
2025-08-22 07:00:00,-11.5868569362719,0.929278042195747
2025-08-22 08:00:00,-11.4510606808641,0.920439443018788
2025-08-22 09:00:00,-11.7026147051592,0.92460914038135
2025-08-22 10:00:00,-11.466798848381,0.916367144231722
2025-08-22 11:00:00,-11.5768637684169,0.9310035592331
2025-08-22 12:00:00,-11.3518306868497,0.925557760084013
2025-08-22 13:00:00,-10.2255003779696,0.943660679170263
2025-08-22 14:00:00,-10.8059259143405,0.935637860578768
2025-08-22 15:00:00,-10.1822762834968,0.949185247401435
2025-08-22 16:00:00,-10.5820251387596,0.939777856604045
2025-08-22 17:00:00,-11.2376271894068,0.938372059707349
2025-08-22 18:00:00,-11.0645276014401,0.928495330559169
2025-08-22 19:00:00,-10.772689368285,0.921782910769291
2025-08-22 20:00:00,-11.4095918926914,0.948014440685121
2025-08-22 21:00:00,-11.2691267238058,0.943306780662158
2025-08-22 22:00:00,-11.3097978278646,0.943604317923014
2025-08-22 23:00:00,-11.3751588953016,0.938336644649755
2025-08-23 00:00:00,-11.4564699890339,0.957489956626122
2025-08-23 01:00:00,-11.549018462501,0.954744798823687
2025-08-23 02:00:00,-11.4119150476181,0.947205257479079
2025-08-23 03:00:00,-11.1521155509709,0.937735471651103
2025-08-23 04:00:00,-11.0964187179185,0.929751390956227
2025-08-23 05:00:00,-11.3499436465959,0.931760824633711
2025-08-23 06:00:00,-11.820273673909,0.95407408259485
2025-08-23 07:00:00,-11.827876918764,0.959731928749734
2025-08-23 08:00:00,-11.435928122969,0.953370966234686
2025-08-23 09:00:00,-11.7781074341053,0.986443372934039
2025-08-23 10:00:00,-11.7311025063208,1.01015879180355
2025-08-23 11:00:00,-11.5759077674528,1.03394406688124
2025-08-23 12:00:00,-11.4565390837953,1.04993817703862
2025-08-23 13:00:00,-10.8709258508389,1.04795966502908
2025-08-23 14:00:00,-11.1073458114873,1.05497254755149
2025-08-23 15:00:00,-10.9748622915151,1.06279363750554
2025-08-23 16:00:00,-11.3746244146773,1.12477404832509
2025-08-23 17:00:00,-11.2290209652062,1.11505872451477
2025-08-23 18:00:00,-11.6044439262618,1.15220002697034
2025-08-23 19:00:00,-11.6729821434841,1.19881763404175
2025-08-23 20:00:00,-11.7480986757826,1.25309952778958
2025-08-23 21:00:00,-11.3917557877607,1.25723330391029
2025-08-23 22:00:00,-11.1432038358141,1.25052379323132
2025-08-23 23:00:00,-11.8326561036904,1.33053115820992
2025-08-24 00:00:00,-13.0072031918055,1.34577470813104
2025-08-24 01:00:00,-13.0151455146694,1.34340203638138
2025-08-24 02:00:00,-12.4723762354066,1.32777252334428
2025-08-24 03:00:00,-12.3423662760566,1.3121432024954
2025-08-24 04:00:00,-12.30203597799,1.29670676907379
2025-08-24 05:00:00,-12.6084375964179,1.29309694076894
2025-08-24 06:00:00,-12.9215152800636,1.2919742137566
2025-08-24 07:00:00,-12.6268857260943,1.27584089642541
2025-08-24 08:00:00,-12.2680694549716,1.26061873534237
2025-08-24 09:00:00,-12.55723823147,1.25333569392383
2025-08-24 10:00:00,-12.2588242103274,1.23774763388354
2025-08-24 11:00:00,-11.7673594742172,1.23096293025168
2025-08-24 12:00:00,-12.2656473045024,1.23402939612023
2025-08-24 13:00:00,-11.9198240928324,1.2249125401219
2025-08-24 14:00:00,-11.9409547769349,1.20994627991694
2025-08-24 15:00:00,-11.8190689001097,1.19722674738091
2025-08-24 16:00:00,-11.8472829608635,1.18505178774516
2025-08-24 17:00:00,-12.1620930030861,1.17205984205432
2025-08-24 18:00:00,-11.9508191904543,1.16035028454641
2025-08-24 19:00:00,-11.6594398443309,1.15317606181758
2025-08-24 20:00:00,-10.6975173429169,1.28134984873735
2025-08-24 21:00:00,-11.2068381238478,1.27221788238974
2025-08-24 22:00:00,-11.2888888166186,1.27019980712385
2025-08-24 23:00:00,-11.5572383271689,1.261588526361
2025-08-25 00:00:00,-10.5765089014796,1.24752054255162
2025-08-25 01:00:00,-10.7919202205923,1.23222896074707
2025-08-25 02:00:00,-10.8416940829097,1.21691289701095
2025-08-25 03:00:00,-11.3073009412275,1.22023606824565
2025-08-25 04:00:00,-10.7995253289725,1.20559535518843
2025-08-25 05:00:00,-11.3439383445961,1.22750588989152
2025-08-25 06:00:00,-11.5907674714223,1.2352881133266
2025-08-25 07:00:00,-11.2625000882641,1.22003693264749
2025-08-25 08:00:00,-10.783055573687,1.20662392350203
2025-08-25 09:00:00,-10.685497865293,1.19314264562457
2025-08-25 10:00:00,-10.8104853856655,1.18099459834149
2025-08-25 11:00:00,-10.7011767657428,1.16873677037103
2025-08-25 12:00:00,-10.9589114495047,1.17664759517182
2025-08-25 13:00:00,-10.2043530375932,1.16261006864208
2025-08-25 14:00:00,-10.1966644470825,1.15043901468855
2025-08-25 15:00:00,-10.2137475639794,1.13796118783765
2025-08-25 16:00:00,-10.4792087538218,1.13546845491488
2025-08-25 17:00:00,-10.8048734002161,1.1267624382488
2025-08-25 18:00:00,-10.5990386998235,1.11357943933899
2025-08-25 19:00:00,-10.9686312115232,1.13011022113605
2025-08-25 20:00:00,-10.1363462642302,1.1402805847338
2025-08-25 21:00:00,-9.79314244633523,1.15398057056079
2025-08-25 22:00:00,-10.2196142661648,1.14025189694924
2025-08-25 23:00:00,-10.8819556767291,1.14681776377316
2025-08-26 00:00:00,-10.4300337215111,1.13419785957966
2025-08-26 01:00:00,-10.4011418165859,1.12224127977191
2025-08-26 02:00:00,-10.3813447685673,1.10920652773987
2025-08-26 03:00:00,-10.6750213938354,1.10027497361819
2025-08-26 04:00:00,-10.6674320915037,1.09685849362427
2025-08-26 05:00:00,-11.039401862157,1.12181040280587
2025-08-26 06:00:00,-11.4871325959502,1.16753251163926
2025-08-26 07:00:00,-11.1524858895533,1.15919692807366
2025-08-26 08:00:00,-10.4323153726123,1.14828806951282
2025-08-26 09:00:00,-10.7473176979011,1.14776991341501
2025-08-26 10:00:00,-10.9070795031979,1.16173218794209
2025-08-26 11:00:00,-10.7735532033106,1.17051476189867
2025-08-26 12:00:00,-10.5485897384811,1.16472893696499
2025-08-26 13:00:00,-9.45917998413886,1.16814353633857
2025-08-26 14:00:00,-9.92377984296169,1.15559345943469
2025-08-26 15:00:00,-9.85490005249612,1.14311523613048
2025-08-26 16:00:00,-10.1007765113251,1.14150992034417
2025-08-26 17:00:00,-10.4898246095141,1.13750299961621
2025-08-26 18:00:00,-10.7401330788014,1.14844559251127
2025-08-26 19:00:00,-10.3921711430786,1.13720001478253
2025-08-26 20:00:00,-10.3239735363358,1.12812500085748
2025-08-26 21:00:00,-10.6560733802952,1.15329208764343
2025-08-26 22:00:00,-10.5668245716836,1.1548855516308
2025-08-26 23:00:00,-10.7000661276939,1.15814166706238
2025-08-27 00:00:00,-10.8873106835173,1.14700285928263
2025-08-27 01:00:00,-11.2213686586897,1.1455886211392
2025-08-27 02:00:00,-11.261249668652,1.1438675564292
2025-08-27 03:00:00,-11.1846485360503,1.13410230378573
2025-08-27 04:00:00,-10.6682094954371,1.12154307288541
2025-08-27 05:00:00,-11.1163524124721,1.13017991417981
2025-08-27 06:00:00,-11.4254763788203,1.13645859564417
2025-08-27 07:00:00,-11.4250099806274,1.13361920106398
2025-08-27 08:00:00,-11.236145720246,1.13264883426237
2025-08-27 09:00:00,-11.1592300470789,1.12700945783978
2025-08-27 10:00:00,-11.2947001709894,1.14521170863223
2025-08-27 11:00:00,-10.7847201239064,1.13277031318238
2025-08-27 12:00:00,-11.3022117956772,1.1945419621713
2025-08-27 13:00:00,-10.5941511112359,1.18845218289423
2025-08-27 14:00:00,-10.4867710117841,1.17462827916511
2025-08-27 15:00:00,-9.8950989513781,1.16752403505416
2025-08-27 16:00:00,-10.561391228546,1.18939640188437
2025-08-27 17:00:00,-10.7328359434922,1.17786368896031
2025-08-27 18:00:00,-11.0413164247167,1.18863982636629
2025-08-27 19:00:00,-10.7904182453796,1.18036012932661
2025-08-27 20:00:00,-10.5550750252396,1.16668986642533
2025-08-27 21:00:00,-10.2368804016631,1.15450161018569
2025-08-27 22:00:00,-10.4638739166864,1.14491081744765
2025-08-27 23:00:00,-10.9333969006445,1.15368339540148
2025-08-28 00:00:00,-11.7051550504426,1.1742206582677
2025-08-28 01:00:00,-11.000175108668,1.18612464813573
2025-08-28 02:00:00,-11.6143980873163,1.19501203653366
2025-08-28 03:00:00,-11.8309853280944,1.19969542017175
2025-08-28 04:00:00,-11.1845862360674,1.18623667002251
2025-08-28 05:00:00,-11.1977492555396,1.17186383133174
2025-08-28 06:00:00,-11.6070468560801,1.16570461953304
2025-08-28 07:00:00,-11.6394185461431,1.15431023984155
2025-08-28 08:00:00,-11.6897876888808,1.15957033027339
2025-08-28 09:00:00,-11.5920441429896,1.15197172418274
2025-08-28 10:00:00,-11.9599476665588,1.20087923914754
2025-08-28 11:00:00,-11.2268830405109,1.18614135957476
2025-08-28 12:00:00,-11.4845300428699,1.20471439247732
2025-08-28 13:00:00,-10.925878740855,1.19645092090415
2025-08-28 14:00:00,-10.9406222198973,1.18333850112307
2025-08-28 15:00:00,-10.6429199321946,1.16901595995508
2025-08-28 16:00:00,-10.5804001718223,1.15480180080313
2025-08-28 17:00:00,-10.8071157922315,1.14139392222391
2025-08-28 18:00:00,-11.2765466402635,1.14373225783046
2025-08-28 19:00:00,-11.0595618784621,1.13154065289112
2025-08-28 20:00:00,-11.0598368567469,1.12213844189929
2025-08-28 21:00:00,-11.2595834915598,1.12845795962715
2025-08-28 22:00:00,-11.2789100746839,1.12953705875866
2025-08-28 23:00:00,-11.6015294449945,1.14809769265567
2025-08-29 00:00:00,-12.0455309225274,1.16783489266206
2025-08-29 01:00:00,-11.4468388301501,1.16606528758218
2025-08-29 02:00:00,-11.561907480213,1.15231995428321
2025-08-29 03:00:00,-11.5299675195491,1.13869713637794
2025-08-29 04:00:00,-11.4176398504107,1.1252280042293
2025-08-29 05:00:00,-11.9102970308948,1.13936043018199
2025-08-29 06:00:00,-11.9014960503911,1.12766833111745
2025-08-29 07:00:00,-11.7070114873343,1.11451963758974
2025-08-29 08:00:00,-11.1128537185325,1.11727372880168
2025-08-29 09:00:00,-11.3031722758971,1.10403446786249
2025-08-29 10:00:00,-11.5134644217524,1.09592986481108
2025-08-29 11:00:00,-11.5799149876908,1.09673983832435
2025-08-29 12:00:00,-11.3466665612844,1.08474333991836
2025-08-29 13:00:00,-10.5942841664899,1.07785261229365
2025-08-29 14:00:00,-10.6981699564207,1.06940239842352
2025-08-29 15:00:00,-10.8552836976854,1.05952140366255
2025-08-29 16:00:00,-10.7527769319934,1.04758736604653
2025-08-29 17:00:00,-11.0867914250286,1.035510488989
2025-08-29 18:00:00,-11.3490970323438,1.02679141816025
2025-08-29 19:00:00,-11.6645816919342,1.04587346060866
2025-08-29 20:00:00,-10.9230750798287,1.04666340354795
2025-08-29 21:00:00,-11.1430695076163,1.03753718071063
2025-08-29 22:00:00,-11.0403843946583,1.025566366618
2025-08-29 23:00:00,-11.5608446367123,1.03106588359621
2025-08-30 00:00:00,-11.4367705270474,1.03839381085751
2025-08-30 01:00:00,-11.6671152119005,1.03991324622226
2025-08-30 02:00:00,-11.1821609424338,1.03046290169049
2025-08-30 03:00:00,-11.6351923996118,1.03917441519921
2025-08-30 04:00:00,-11.3516451513541,1.03119798420724
2025-08-30 05:00:00,-11.5160034932777,1.03418791484665
2025-08-30 06:00:00,-11.6949435528479,1.03290190409381
2025-08-30 07:00:00,-11.6140375721665,1.02391699607495
2025-08-30 08:00:00,-11.4976656037716,1.02151101759267
2025-08-30 09:00:00,-11.623864619546,1.02778932162411
2025-08-30 10:00:00,-11.6802566357846,1.04566130206207
2025-08-30 11:00:00,-11.2981133104677,1.04063057322207
2025-08-30 12:00:00,-11.4796307929884,1.06558861036898
2025-08-30 13:00:00,-11.0502205573246,1.07395879632559
2025-08-30 14:00:00,-11.152458871858,1.07522775012153
2025-08-30 15:00:00,-11.3159094191679,1.11897395480479
2025-08-30 16:00:00,-10.9505191984206,1.11101368795005
2025-08-30 17:00:00,-11.3730785682529,1.11876528286925
2025-08-30 18:00:00,-11.6814917340426,1.15331255884155
2025-08-30 19:00:00,-11.3736457975814,1.15381011408011
2025-08-30 20:00:00,-11.4193041542118,1.16902491846066
2025-08-30 21:00:00,-11.5875294691037,1.20794743317307
2025-08-30 22:00:00,-11.5271885875,1.22822730669678
2025-08-30 23:00:00,-11.9023800904034,1.28752053401079
2025-08-31 00:00:00,-13.1646899645713,1.31950314727739
2025-08-31 01:00:00,-12.3098374713958,1.32368723915576
2025-08-31 02:00:00,-12.5057671298843,1.30890771050146
2025-08-31 03:00:00,-12.914818956642,1.31361137341233
2025-08-31 04:00:00,-12.3408367480308,1.29766615106253
2025-08-31 05:00:00,-12.3690377091947,1.28159198404561
2025-08-31 06:00:00,-12.8124594791369,1.27660453023646
2025-08-31 07:00:00,-12.509889652429,1.262985492711
2025-08-31 08:00:00,-12.6005309376146,1.25510927114066
2025-08-31 09:00:00,-12.6129505696236,1.24346921257906
2025-08-31 10:00:00,-12.1049044091656,1.23383834975584
2025-08-31 11:00:00,-12.2752805622594,1.22643156181143
2025-08-31 12:00:00,-12.1935870027439,1.21306673078501
2025-08-31 13:00:00,-11.8869133497629,1.20263460452432
2025-08-31 14:00:00,-11.9909391397524,1.18856121906662
2025-08-31 15:00:00,-12.2158795025637,1.20204639889213
2025-08-31 16:00:00,-11.8136563805391,1.18748990265798
2025-08-31 17:00:00,-12.1216624469302,1.17335436357066
2025-08-31 18:00:00,-12.7035720251227,1.1994244760522
2025-08-31 19:00:00,-12.3211375193919,1.18669079094124
2025-08-31 20:00:00,-12.185552977124,1.17396766900508
2025-08-31 21:00:00,-12.2663329068296,1.16844543243287
2025-08-31 22:00:00,-12.4880400242336,1.17883082415755
2025-08-31 23:00:00,-12.0842369122124,1.16747205575684
2025-09-01 00:00:00,-12.0456702297863,1.15629622868526
2025-09-01 01:00:00,-11.915403488677,1.16802788461325
2025-09-01 02:00:00,-12.0331308980329,1.1604066601896
2025-09-01 03:00:00,-12.242249504759,1.1478793117642
2025-09-01 04:00:00,-12.1962217397306,1.13408808711173
2025-09-01 05:00:00,-12.0575923159068,1.12726852276351
2025-09-01 06:00:00,-11.9467721317903,1.14079434402321
2025-09-01 07:00:00,-12.3431748680155,1.12731966151226
2025-09-01 08:00:00,-11.6054475834725,1.17226454826168
2025-09-01 09:00:00,-12.1339794018913,1.15798104435709
2025-09-01 10:00:00,-11.9598015130655,1.1507037403246
2025-09-01 11:00:00,-11.4967278873108,1.16597272266702
2025-09-01 12:00:00,-12.0148081238347,1.15547781676749
2025-09-01 13:00:00,-11.430023261228,1.14772940522241
2025-09-01 14:00:00,-11.9386568180054,1.1363886676693
2025-09-01 15:00:00,-11.4883153716727,1.13008126044829
2025-09-01 16:00:00,-11.6297852853729,1.11651849967916
2025-09-01 17:00:00,-12.281563967451,1.11022846164842
2025-09-01 18:00:00,-12.0237600800605,1.10069964603398
2025-09-01 19:00:00,-11.9974862308479,1.08760331186856
2025-09-01 20:00:00,-12.1917849102027,1.07966363686523
2025-09-01 21:00:00,-11.5212032604102,1.0966561166365
2025-09-01 22:00:00,-11.5074763320225,1.09395450813707
2025-09-01 23:00:00,-11.8714292514358,1.08161585060287
2025-09-02 00:00:00,-10.5432490403491,1.07681061936605
2025-09-02 01:00:00,-11.4141342025536,1.08282053996183
2025-09-02 02:00:00,-11.0544173662444,1.0740175142562
2025-09-02 03:00:00,-10.9590575538132,1.06617436204225
2025-09-02 04:00:00,-11.1568722309582,1.05983482471204
2025-09-02 05:00:00,-11.6701001253646,1.08708521129839
2025-09-02 06:00:00,-11.6756956844845,1.08073618997285
2025-09-02 07:00:00,-11.8977365527739,1.09202139826148
2025-09-02 08:00:00,-11.2463008539688,1.07945549786272
2025-09-02 09:00:00,-11.0925359453313,1.06693729623836
2025-09-02 10:00:00,-11.1306208443993,1.05686854482257
2025-09-02 11:00:00,-11.29669553636,1.06704333478382
2025-09-02 12:00:00,-11.3095137275532,1.07320153050013
2025-09-02 13:00:00,-10.1783913489259,1.07747067932352
2025-09-02 14:00:00,-10.2507079257693,1.07194333337565
2025-09-02 15:00:00,-10.5076294723204,1.0642353863481
2025-09-02 16:00:00,-10.5232079039357,1.05236905386705
2025-09-02 17:00:00,-10.8423368668196,1.04035300673814
2025-09-02 18:00:00,-11.1590480906076,1.03936096532465
2025-09-02 19:00:00,-10.7925968084807,1.02749537584666
2025-09-02 20:00:00,-10.9082515778508,1.02011661114688
2025-09-02 21:00:00,-11.0643937490791,1.02146078827803
2025-09-02 22:00:00,-10.9728630275559,1.01356397141629
2025-09-02 23:00:00,-11.2454908731741,1.01548694973318
2025-09-03 00:00:00,-11.1580573663743,1.01051466433758
2025-09-03 01:00:00,-11.2828984012153,1.00123500734164
2025-09-03 02:00:00,-11.2201742946757,0.991110008535258
2025-09-03 03:00:00,-11.3347913416143,0.984291035128327
2025-09-03 04:00:00,-11.0508419217555,0.973843401783736
2025-09-03 05:00:00,-11.3656657381111,0.98129159122551
2025-09-03 06:00:00,-11.8563795956664,1.01236425765698
2025-09-03 07:00:00,-11.9338720208744,1.03098003577298
2025-09-03 08:00:00,-11.0322023878984,1.02382708658955
2025-09-03 09:00:00,-11.863041484121,1.10170937217392
2025-09-03 10:00:00,-11.0908364063099,1.08928242867798
2025-09-03 11:00:00,-11.4281923992536,1.1279327792139
2025-09-03 12:00:00,-11.4526180058907,1.15341814504097
2025-09-03 13:00:00,-10.306205063645,1.14515899974903
2025-09-03 14:00:00,-10.6833175324423,1.13692644807601
2025-09-03 15:00:00,-9.97314249480065,1.1413069822516
2025-09-03 16:00:00,-10.6358694932134,1.15099969931272
2025-09-03 17:00:00,-10.9917631751821,1.14372102270375
2025-09-03 18:00:00,-10.8897824375706,1.13046951776576
2025-09-03 19:00:00,-10.8578114328325,1.12135963748438
2025-09-03 20:00:00,-10.9090821914176,1.11552633017771
2025-09-03 21:00:00,-11.631947189653,1.21425751197667
2025-09-03 22:00:00,-11.1680068180341,1.20731241258408
2025-09-03 23:00:00,-11.3566774503131,1.21770442963641
2025-09-04 00:00:00,-11.8237416588511,1.22752114824298
2025-09-04 01:00:00,-11.6117226210483,1.21228503601848
2025-09-04 02:00:00,-11.4914570847879,1.19738895070725
2025-09-04 03:00:00,-11.5944152020233,1.18446759655724
2025-09-04 04:00:00,-11.176002356338,1.17172800124574
2025-09-04 05:00:00,-11.7326293642317,1.18471092270553
2025-09-04 06:00:00,-11.7472776162842,1.17219984491367
2025-09-04 07:00:00,-11.54925437584,1.15850483208872
2025-09-04 08:00:00,-11.8049820412196,1.16934734643227
2025-09-04 09:00:00,-11.5592059096846,1.15573229798076
2025-09-04 10:00:00,-12.3474714641967,1.26819289590855
2025-09-04 11:00:00,-11.221271781492,1.25726048513301
2025-09-04 12:00:00,-11.1760636502231,1.24374684080595
2025-09-04 13:00:00,-10.8879319914282,1.2336659560909
2025-09-04 14:00:00,-11.2016685360525,1.22884051627433
2025-09-04 15:00:00,-10.7464388400813,1.2137458186645
2025-09-04 16:00:00,-10.8982761544076,1.20384742054372
2025-09-04 17:00:00,-11.480964805327,1.20768418934594
2025-09-04 18:00:00,-11.3760699957478,1.19542999828375
2025-09-04 19:00:00,-11.2164489358634,1.18338465647024
2025-09-04 20:00:00,-11.3204639013267,1.17982571426372
2025-09-04 21:00:00,-11.5122837415544,1.1927681694817
2025-09-04 22:00:00,-11.5495023487606,1.20147768906725
2025-09-04 23:00:00,-10.7873754829838,1.21215565200071
2025-09-05 00:00:00,-11.4638162286444,1.20231727135295
2025-09-05 01:00:00,-11.7476894535904,1.1892720225756
2025-09-05 02:00:00,-11.6753381413919,1.17474715886478
2025-09-05 03:00:00,-11.706309122821,1.16053129370424
2025-09-05 04:00:00,-11.7201679067704,1.15317881110667
2025-09-05 05:00:00,-12.0633694616655,1.16689893370176
2025-09-05 06:00:00,-12.1682563042952,1.16301708478408
2025-09-05 07:00:00,-12.071900112457,1.15202178625311
2025-09-05 08:00:00,-11.3749730319696,1.14744316121626
2025-09-05 09:00:00,-11.9577506516312,1.1602744993906
2025-09-05 10:00:00,-11.6697204888114,1.14714425914457
2025-09-05 11:00:00,-11.8292411396164,1.16134234990795
2025-09-05 12:00:00,-11.7054792559491,1.15899634130985
2025-09-05 13:00:00,-10.4862456841794,1.17457040646312
2025-09-05 14:00:00,-11.2948686729287,1.17806955441899
2025-09-05 15:00:00,-10.2520650956746,1.22093654234064
2025-09-05 16:00:00,-10.8080766245099,1.20841081809216
2025-09-05 17:00:00,-11.7860032102174,1.23482714575386
2025-09-05 18:00:00,-11.4001883861198,1.22001914571787
2025-09-05 19:00:00,-11.3131902839767,1.20606354513949
2025-09-05 20:00:00,-11.4480713609158,1.19912270906317
2025-09-05 21:00:00,-11.2937140317812,1.18518807729908
2025-09-05 22:00:00,-10.8719018559517,1.18055503795228
2025-09-05 23:00:00,-11.6712764285304,1.19581715853543
2025-09-06 00:00:00,-11.7633892190801,1.2304202366724
2025-09-06 01:00:00,-12.0619243818496,1.25398911488757
2025-09-06 02:00:00,-12.0160503438933,1.26742111251621
2025-09-06 03:00:00,-11.5448415772783,1.25151079148999
2025-09-06 04:00:00,-11.5054723612069,1.24827190343368
2025-09-06 05:00:00,-11.6140433506192,1.24759301308484
2025-09-06 06:00:00,-12.0587483321544,1.2720974316176
2025-09-06 07:00:00,-12.2859335520719,1.30672300321385
2025-09-06 08:00:00,-13.022809556608,1.56199555472902
2025-09-06 09:00:00,-12.1431800151707,1.55487424813903
2025-09-06 10:00:00,-11.7994658314097,1.55286785676933
2025-09-06 11:00:00,-11.8806599009249,1.59624133956392
2025-09-06 12:00:00,-12.0088252899919,1.65823988089453
2025-09-06 13:00:00,-11.4810505672423,1.68141242375113
2025-09-06 14:00:00,-11.8407488047737,1.74041900407503
2025-09-06 15:00:00,-11.5411146690329,1.76417843839488
2025-09-06 16:00:00,-11.0889599102244,1.74616346695667
2025-09-06 17:00:00,-11.2102490116091,1.72556144134084
2025-09-06 18:00:00,-11.413831458165,1.71926089193991
2025-09-06 19:00:00,-11.3202371248943,1.70967762167609
2025-09-06 20:00:00,-11.3588238492753,1.70625247825611
2025-09-06 21:00:00,-12.1873395302759,1.86451397737899
2025-09-06 22:00:00,-12.1063580826921,1.92791510850933
2025-09-06 23:00:00,-12.1904425774569,1.98374706722903
2025-09-07 00:00:00,-13.6889852347281,1.99395148862492
2025-09-07 01:00:00,-13.5029052790974,1.97274747539535
2025-09-07 02:00:00,-13.0855434015098,1.94511388471931
2025-09-07 03:00:00,-13.2322258064757,1.92269817883377
2025-09-07 04:00:00,-13.010960785561,1.89798852224801
2025-09-07 05:00:00,-13.2260504152806,1.88480162530981
2025-09-07 06:00:00,-13.5013500673782,1.87377116392175
2025-09-07 07:00:00,-13.3755356288545,1.84996862629407
2025-09-07 08:00:00,-12.7177409478201,1.83200184802845
2025-09-07 09:00:00,-12.5112180962313,1.81668808018363
2025-09-07 10:00:00,-12.6016507793415,1.79166522253637
2025-09-07 11:00:00,-12.5551691794489,1.76702359124652
2025-09-07 12:00:00,-12.9642533660424,1.76710764498101
2025-09-07 13:00:00,-12.3711422626321,1.74345562592739
2025-09-07 14:00:00,-12.7579992012273,1.73283710514912
2025-09-07 15:00:00,-11.8931984653411,1.73091540735176
2025-09-07 16:00:00,-12.3066980362892,1.71257284840006
2025-09-07 17:00:00,-13.0720117082729,1.7180714309802
2025-09-07 18:00:00,-12.575011610737,1.69943050296514
2025-09-07 19:00:00,-12.807197835708,1.6881722556547
2025-09-07 20:00:00,-12.6575879677022,1.66609279030043
2025-09-07 21:00:00,-12.3770265512917,1.64503769960288
2025-09-07 22:00:00,-13.1125487765875,1.68046324680384
2025-09-07 23:00:00,-12.4387877623754,1.67291637092975
2025-09-08 00:00:00,-12.3183940761611,1.65096283623117
2025-09-08 01:00:00,-12.2660778737152,1.64521478432755
2025-09-08 02:00:00,-12.8534544122343,1.63309066200753
2025-09-08 03:00:00,-12.30242133825,1.64020583440356
2025-09-08 04:00:00,-12.2621545568097,1.62057165293069
2025-09-08 05:00:00,-12.6208407594673,1.6007581614499
2025-09-08 06:00:00,-12.8578156778617,1.57978487582898
2025-09-08 07:00:00,-12.8304760629437,1.55880417392482
2025-09-08 08:00:00,-12.2263412911541,1.55857596814471
2025-09-08 09:00:00,-12.3253530811152,1.54116899501201
2025-09-08 10:00:00,-12.2215314772771,1.52576216939885
2025-09-08 11:00:00,-12.3859969158894,1.50752254923246
2025-09-08 12:00:00,-12.1732701581303,1.48957980075359
2025-09-08 13:00:00,-12.1915942449715,1.48102547073145
2025-09-08 14:00:00,-11.8214395642188,1.47947105671477
2025-09-08 15:00:00,-11.5414983633328,1.47207785568953
2025-09-08 16:00:00,-12.1524495972093,1.4648018720289
2025-09-08 17:00:00,-12.0131927302628,1.46090583571398
2025-09-08 18:00:00,-12.2769105769335,1.44173522775924
2025-09-08 19:00:00,-12.2467497307446,1.42288967247446
2025-09-08 20:00:00,-12.2980407470431,1.40482391921306
2025-09-08 21:00:00,-12.3286236081638,1.38774077593099
2025-09-08 22:00:00,-12.30420829021,1.37016681124826
2025-09-08 23:00:00,-12.5507903369405,1.35573044922914
2025-09-09 00:00:00,-11.7234417407177,1.33923315953069
2025-09-09 01:00:00,-11.8082118947275,1.32247918496602
2025-09-09 02:00:00,-11.8240309735309,1.30564111063135
2025-09-09 03:00:00,-12.0694262464889,1.2934586532689
2025-09-09 04:00:00,-12.1143463825405,1.29206864202092
2025-09-09 05:00:00,-11.8393919342172,1.27579399084811
2025-09-09 06:00:00,-12.1836284255739,1.26640286723375
2025-09-09 07:00:00,-11.8296382478269,1.2568116680997
2025-09-09 08:00:00,-11.712488978659,1.24110843843827
2025-09-09 09:00:00,-12.0104655951577,1.23383510641915
2025-09-09 10:00:00,-12.3676852552801,1.26293648644235
2025-09-09 11:00:00,-11.6445266864946,1.24789465113847
2025-09-09 12:00:00,-11.8447582857309,1.24818808027972
2025-09-09 13:00:00,-11.3608925093822,1.23588796681422
2025-09-09 14:00:00,-11.5179871200278,1.2236238166437
2025-09-09 15:00:00,-10.5994609930828,1.24795371981945
2025-09-09 16:00:00,-11.0030189935606,1.23300848075289
2025-09-09 17:00:00,-11.6546598577647,1.22481203402877
2025-09-09 18:00:00,-11.7313151079021,1.2124203141828
2025-09-09 19:00:00,-11.8342252769305,1.21206711424608
2025-09-09 20:00:00,-12.3486194223271,1.27708214845412
2025-09-09 21:00:00,-11.381312493308,1.27063970788344
2025-09-09 22:00:00,-11.6538554922363,1.2656198554797
2025-09-09 23:00:00,-11.6911554929921,1.25106091059628
2025-09-10 00:00:00,-11.821871174266,1.24972858177134
2025-09-10 01:00:00,-11.8618886727775,1.23478546868282
2025-09-10 02:00:00,-11.8629111791274,1.22149680273043
2025-09-10 03:00:00,-11.9018689334003,1.20820109714085
2025-09-10 04:00:00,-11.8586610551858,1.20198505151693
2025-09-10 05:00:00,-11.874128563855,1.1924762970348
2025-09-10 06:00:00,-11.713826736257,1.17975062464282
2025-09-10 07:00:00,-11.8128261226873,1.1653824137859
2025-09-10 08:00:00,-11.4302045299523,1.15491533948095
2025-09-10 09:00:00,-11.5846230249797,1.14119128598246
2025-09-10 10:00:00,-11.5957266086124,1.12873947009527
2025-09-10 11:00:00,-11.8466093151847,1.14371154575888
2025-09-10 12:00:00,-11.9628256738193,1.16256785321005
2025-09-10 13:00:00,-10.2647399089666,1.23294041417856
2025-09-10 14:00:00,-10.7957284476435,1.21815577528957
2025-09-10 15:00:00,-11.0378868128497,1.20838639085882
2025-09-10 16:00:00,-11.3764949766223,1.21285248368153
2025-09-10 17:00:00,-11.808600042917,1.21513307883632
2025-09-10 18:00:00,-11.382149162627,1.20216999574357
2025-09-10 19:00:00,-11.274774268596,1.18745694733317
2025-09-10 20:00:00,-11.296157085324,1.17372215877466
2025-09-10 21:00:00,-11.6029706821887,1.17854366876678
2025-09-10 22:00:00,-11.9389888266907,1.20988117955196
2025-09-10 23:00:00,-11.7436765311891,1.19843998014349
2025-09-11 00:00:00,-11.4159350428646,1.18689000215195
2025-09-11 01:00:00,-11.981652225581,1.20485398164817
2025-09-11 02:00:00,-11.590085044798,1.19002455946684
2025-09-11 03:00:00,-11.8169093975267,1.18801659480164
2025-09-11 04:00:00,-11.4912667872188,1.17543932940179
2025-09-11 05:00:00,-11.6032900567525,1.16918048322721
2025-09-11 06:00:00,-11.7276946353371,1.15838944820771
2025-09-11 07:00:00,-12.239728927515,1.19177330774434
2025-09-11 08:00:00,-11.6286934373148,1.17766262684421
2025-09-11 09:00:00,-11.9522060920077,1.19753312219426
2025-09-11 10:00:00,-11.9673374274341,1.21746417803167
2025-09-11 11:00:00,-11.9790382758941,1.25851459615221
2025-09-11 12:00:00,-11.6661120901402,1.25986821741728
2025-09-11 13:00:00,-10.2553641133612,1.28129634183096
2025-09-11 14:00:00,-10.6483708378787,1.26518791687506
2025-09-11 15:00:00,-10.7380895185113,1.25229051940704
2025-09-11 16:00:00,-10.9006593916552,1.24285569460251
2025-09-11 17:00:00,-11.5712148002376,1.25717445507882
2025-09-11 18:00:00,-11.434075341793,1.2458275484288
2025-09-11 19:00:00,-11.2201340300156,1.23294280761305
2025-09-11 20:00:00,-11.5339880709449,1.25085565510559
2025-09-11 21:00:00,-11.7324550219014,1.28404778780511
2025-09-11 22:00:00,-12.1548824344518,1.3824258677396
2025-09-11 23:00:00,-11.0989431768478,1.37869694866667
2025-09-12 00:00:00,-12.1189468990932,1.41054069075666
2025-09-12 01:00:00,-11.3975218265523,1.42271306404241
2025-09-12 02:00:00,-11.7249173506754,1.40619987971028
2025-09-12 03:00:00,-11.8904508657607,1.39017488767812
2025-09-12 04:00:00,-11.8141717347614,1.37730619897166
2025-09-12 05:00:00,-11.7275175442233,1.35995145881798
2025-09-12 06:00:00,-11.8317975423978,1.34251093887078
2025-09-12 07:00:00,-12.1948843582782,1.33881933798152
2025-09-12 08:00:00,-12.2566083803222,1.34966626448826
2025-09-12 09:00:00,-11.9019969174579,1.33278546736947
2025-09-12 10:00:00,-11.9205897180027,1.32614399823678
2025-09-12 11:00:00,-11.8250931250604,1.32263361937593
2025-09-12 12:00:00,-11.8873231026318,1.32818901423721
2025-09-12 13:00:00,-10.9979160563345,1.31291246250881
2025-09-12 14:00:00,-11.4633016850307,1.30831545254964
2025-09-12 15:00:00,-10.8113370269801,1.29982950952097
2025-09-12 16:00:00,-11.3216516619523,1.30271071023483
2025-09-12 17:00:00,-12.0161249815216,1.32635364885163
2025-09-12 18:00:00,-11.4556113797301,1.31222869886719
2025-09-12 19:00:00,-11.4225945465655,1.29746036800409
2025-09-12 20:00:00,-11.5802878812788,1.29106090764436
2025-09-12 21:00:00,-11.3037946445125,1.2747719894586
2025-09-12 22:00:00,-11.5389465475257,1.26974297377397
2025-09-12 23:00:00,-11.7301368746596,1.26249846627498
2025-09-13 00:00:00,-12.1728277187907,1.27191915649139
2025-09-13 01:00:00,-12.5868918899817,1.29286421138547
2025-09-13 02:00:00,-11.8820634776062,1.28167221027155
2025-09-13 03:00:00,-12.4500229214754,1.30081630246088
2025-09-13 04:00:00,-12.4067378065458,1.315460812504
2025-09-13 05:00:00,-12.3590404223464,1.3168268952277
2025-09-13 06:00:00,-12.4471925762889,1.31211068397359
2025-09-13 07:00:00,-12.6603265184825,1.32479592502014
2025-09-13 08:00:00,-12.5759739109072,1.34412515680345
2025-09-13 09:00:00,-12.5348611655482,1.35482881894374
2025-09-13 10:00:00,-12.4142636558256,1.36453279052198
2025-09-13 11:00:00,-11.9029645974174,1.34983880877525
2025-09-13 12:00:00,-12.4116229167877,1.41527365471617
2025-09-13 13:00:00,-11.9633899189224,1.43491553902099
2025-09-13 14:00:00,-12.0127471755333,1.43951771506328
2025-09-13 15:00:00,-11.4099571325158,1.42103414229779
2025-09-13 16:00:00,-11.6560944837318,1.42554617640482
2025-09-13 17:00:00,-11.7652342762561,1.40899085117851
2025-09-13 18:00:00,-11.8478017021651,1.39690041446136
2025-09-13 19:00:00,-11.8554134221667,1.39174355329654
2025-09-13 20:00:00,-12.2584567567425,1.43568835410795
2025-09-13 21:00:00,-12.314877602255,1.46931139899168
2025-09-13 22:00:00,-11.9071008198183,1.45653033460671
2025-09-13 23:00:00,-12.5221269908021,1.52057726052453
2025-09-14 00:00:00,-13.540237946487,1.51873806277524
2025-09-14 01:00:00,-13.5987481637104,1.50981934488347
2025-09-14 02:00:00,-13.102498354004,1.49189869687395
2025-09-14 03:00:00,-13.1056068342316,1.47221059234609
2025-09-14 04:00:00,-13.2800367544503,1.46878623767945
2025-09-14 05:00:00,-12.7298483125022,1.46199807061972
2025-09-14 06:00:00,-13.3894790518411,1.45631468040026
2025-09-14 07:00:00,-13.6229578587877,1.45115098710976
2025-09-14 08:00:00,-13.5026213659931,1.4471225338064
2025-09-14 09:00:00,-13.3727431414186,1.43354137351491
2025-09-14 10:00:00,-12.9242164850969,1.41575277553412
2025-09-14 11:00:00,-12.9462844299167,1.40343349762771
2025-09-14 12:00:00,-12.845021131782,1.38705348743726
2025-09-14 13:00:00,-12.6134276476798,1.37814605384348
2025-09-14 14:00:00,-12.3978799349348,1.36429508754764
2025-09-14 15:00:00,-11.9768726571558,1.35769549631031
2025-09-14 16:00:00,-12.4886280710809,1.34987521196557
2025-09-14 17:00:00,-12.6752848123439,1.33275487008487
2025-09-14 18:00:00,-12.9759748176443,1.32305534134319
2025-09-14 19:00:00,-13.0944225360084,1.3238050357738
2025-09-14 20:00:00,-12.7377536556299,1.30695546431476
2025-09-14 21:00:00,-12.8550700640271,1.29778719425617
2025-09-14 22:00:00,-12.3255737007597,1.29356031802786
2025-09-14 23:00:00,-12.6012628590294,1.27722552759534
2025-09-15 00:00:00,-12.1632395069197,1.26947306587654
2025-09-15 01:00:00,-12.5280776367439,1.25418082267781
2025-09-15 02:00:00,-12.4626177454635,1.2429068912357
2025-09-15 03:00:00,-12.9094476405677,1.23338992397939
2025-09-15 04:00:00,-12.7784639693751,1.22057418983924
2025-09-15 05:00:00,-12.1722256512911,1.23478946503316
2025-09-15 06:00:00,-12.7045399184737,1.21983262689855
2025-09-15 07:00:00,-12.4303858127408,1.22315048433082
2025-09-15 08:00:00,-12.3019206690142,1.21358881965878
2025-09-15 09:00:00,-12.0963549970442,1.22073096921626
2025-09-15 10:00:00,-12.3024900694125,1.20605002339772
2025-09-15 11:00:00,-12.4475123689161,1.19394830030804
2025-09-15 12:00:00,-11.9353420916252,1.19795910724801
2025-09-15 13:00:00,-11.83425157107,1.18328237367674
2025-09-15 14:00:00,-11.6650231003906,1.19104549475219
2025-09-15 15:00:00,-11.6019163008881,1.18203556979019
2025-09-15 16:00:00,-11.6842069810513,1.17116765742536
2025-09-15 17:00:00,-12.2346571611876,1.15688480680187
2025-09-15 18:00:00,-12.2694063527167,1.14383783382371
2025-09-15 19:00:00,-12.213858125365,1.13016768460291
2025-09-15 20:00:00,-11.8883769519635,1.13039858448219
2025-09-15 21:00:00,-12.2132561496517,1.11829351903061
2025-09-15 22:00:00,-12.4736859419661,1.11235799543968
2025-09-15 23:00:00,-12.3573871101729,1.10012833856121
2025-09-16 00:00:00,-11.6204682323896,1.09593337814848
2025-09-16 01:00:00,-11.8565945750867,1.0863199498315
2025-09-16 02:00:00,-11.7227932985351,1.07354788113383
2025-09-16 03:00:00,-12.2309756200276,1.09398909785748
2025-09-16 04:00:00,-11.7420240987059,1.08167489693506
2025-09-16 05:00:00,-11.6237295200073,1.06904111152491
2025-09-16 06:00:00,-11.778057221422,1.0567984368646
2025-09-16 07:00:00,-11.9603367238135,1.04821349644915
2025-09-16 08:00:00,-11.8925770328259,1.04403569095288
2025-09-16 09:00:00,-11.9169093393453,1.0394124355421
2025-09-16 10:00:00,-11.9198372505235,1.04140972151725
2025-09-16 11:00:00,-12.0948315923944,1.0804874995658
2025-09-16 12:00:00,-11.8434070954628,1.08260679733149
2025-09-16 13:00:00,-11.4548351354542,1.08897993421419
2025-09-16 14:00:00,-11.207205748052,1.07621436407241
2025-09-16 15:00:00,-11.004744371685,1.06411795541764
2025-09-16 16:00:00,-10.91404649665,1.05164449615344
2025-09-16 17:00:00,-11.6355941846235,1.05825476402324
2025-09-16 18:00:00,-11.3041883877019,1.04754725114891
2025-09-16 19:00:00,-11.3624662790691,1.03889059538898
2025-09-16 20:00:00,-11.4370251590525,1.03278847110364
2025-09-16 21:00:00,-11.8798054312862,1.07226870027764
2025-09-16 22:00:00,-11.3600321545691,1.05966657329353
2025-09-16 23:00:00,-11.7519088652848,1.06695745387701
2025-09-17 00:00:00,-12.3049850650704,1.07344718416848
2025-09-17 01:00:00,-12.4621272286406,1.07064880972598
2025-09-17 02:00:00,-12.3552644376888,1.06274908825518
2025-09-17 03:00:00,-12.3011381783578,1.05248494637067
2025-09-17 04:00:00,-12.2615357490825,1.05214791466918
2025-09-17 05:00:00,-12.272783380452,1.04743531813031
2025-09-17 06:00:00,-12.1082884551475,1.03616587951311
2025-09-17 07:00:00,-12.2233510806176,1.02489647128484
2025-09-17 08:00:00,-12.3334668676158,1.02839522261569
2025-09-17 09:00:00,-12.1252759515744,1.01695644893394
2025-09-17 10:00:00,-12.2671513698643,1.02147330524769
2025-09-17 11:00:00,-12.2265520867939,1.03086003377534
2025-09-17 12:00:00,-12.3527107352517,1.05684118245002
2025-09-17 13:00:00,-11.3027099429587,1.0478112831123
2025-09-17 14:00:00,-11.7715111964911,1.04833081059246
2025-09-17 15:00:00,-11.3175669942973,1.03652320890275
2025-09-17 16:00:00,-11.5714070752943,1.03422196494676
2025-09-17 17:00:00,-11.9491319889039,1.02899892194906
2025-09-17 18:00:00,-11.5714259195756,1.02225504687515
2025-09-17 19:00:00,-10.7848861465408,1.07444327179052
2025-09-17 20:00:00,-11.212368183656,1.06206338875826
2025-09-17 21:00:00,-11.3763963248792,1.04962287193219
2025-09-17 22:00:00,-11.4169693080505,1.03750947976587
2025-09-17 23:00:00,-11.6119900930449,1.02547495489105
2025-09-18 00:00:00,-11.1503347493488,1.01404756169638
2025-09-18 01:00:00,-11.8702856233865,1.02395932062774
2025-09-18 02:00:00,-11.5818196014549,1.01228045828428
2025-09-18 03:00:00,-11.6961113029015,1.00273626276658
2025-09-18 04:00:00,-11.2072652555454,0.9954383036528
2025-09-18 05:00:00,-11.5258368981935,0.989034385169512
2025-09-18 06:00:00,-12.1670353528046,1.01410986102956
2025-09-18 07:00:00,-11.756935413467,1.00305587446447
2025-09-18 08:00:00,-11.8865518438425,1.01126738006222
2025-09-18 09:00:00,-11.57613233558,0.999673958685572
2025-09-18 10:00:00,-11.9048163618844,1.0214605166037
2025-09-18 11:00:00,-11.6816289449286,1.02325103910675
2025-09-18 12:00:00,-11.6434854744229,1.02866218369829
2025-09-18 13:00:00,-10.985540150558,1.01774812218644
2025-09-18 14:00:00,-10.914148916927,1.00680923964048
2025-09-18 15:00:00,-11.2463052952661,1.02402724109985
2025-09-18 16:00:00,-11.0952033251776,1.01569080753078
2025-09-18 17:00:00,-11.5488098701989,1.01739453166552
2025-09-18 18:00:00,-11.8081498898151,1.03436350092464
2025-09-18 19:00:00,-11.4025406585654,1.02424608978176
2025-09-18 20:00:00,-11.3462098118574,1.0174050904079
2025-09-18 21:00:00,-11.5428268652282,1.0287375868202
2025-09-18 22:00:00,-11.6496296028504,1.04316777004761
2025-09-18 23:00:00,-11.7487034062904,1.04907592481869
2025-09-19 00:00:00,-12.3462033602788,1.0545645040093
2025-09-19 01:00:00,-12.4668597340457,1.05095289929039
2025-09-19 02:00:00,-12.2050506708676,1.03889340718461
2025-09-19 03:00:00,-12.2014961117446,1.02761186543677
2025-09-19 04:00:00,-12.0448905519169,1.01773780732792
2025-09-19 05:00:00,-12.184621539526,1.01238407725743
2025-09-19 06:00:00,-12.6813934433416,1.03029895086546
2025-09-19 07:00:00,-12.2442860040366,1.01962530900161
2025-09-19 08:00:00,-12.4043690345952,1.02827198096441
2025-09-19 09:00:00,-12.2787311217337,1.02026790474744
2025-09-19 10:00:00,-11.9840680985682,1.00863295447156
2025-09-19 11:00:00,-12.4514737714506,1.06072494660176
2025-09-19 12:00:00,-12.190653230838,1.06054704792387
2025-09-19 13:00:00,-11.5013949410587,1.04880200774292
2025-09-19 14:00:00,-11.6352975320871,1.03822860403212
2025-09-19 15:00:00,-11.2914835422463,1.02643301740402
2025-09-19 16:00:00,-11.4423999052945,1.01762145765252
2025-09-19 17:00:00,-12.081910348476,1.0254441272732
2025-09-19 18:00:00,-12.0455712961892,1.01868109659672
2025-09-19 19:00:00,-11.8106032547686,1.00837698827199
2025-09-19 20:00:00,-11.7846650450065,0.999892702525622
2025-09-19 21:00:00,-12.2518931847854,1.03910890520778
2025-09-19 22:00:00,-12.2881940833499,1.05940657838423
2025-09-19 23:00:00,-12.4906759414755,1.08516307574034
2025-09-20 00:00:00,-12.9146090554169,1.08731899903572
2025-09-20 01:00:00,-13.0485892075495,1.08604214066942
2025-09-20 02:00:00,-12.9228898169402,1.07856197403695
2025-09-20 03:00:00,-13.0686388923159,1.08066620790324
2025-09-20 04:00:00,-12.8327141047018,1.07677103214681
2025-09-20 05:00:00,-12.7491139896329,1.06798634017579
2025-09-20 06:00:00,-13.3462697612476,1.10162250930164
2025-09-20 07:00:00,-13.4065665995984,1.1157845223133
2025-09-20 08:00:00,-12.7512772200619,1.10249277853726
2025-09-20 09:00:00,-12.7831906828211,1.09517298161957
2025-09-20 10:00:00,-12.9994602881944,1.1144616440315
2025-09-20 11:00:00,-12.9100624700681,1.13091023408634
2025-09-20 12:00:00,-12.8366921433865,1.14281018880275
2025-09-20 13:00:00,-12.665944933259,1.18163171284383
2025-09-20 14:00:00,-13.2016277218006,1.26955905337105
2025-09-20 15:00:00,-12.5243083598287,1.26425792481189
2025-09-20 16:00:00,-12.5624521584369,1.27895937710368
2025-09-20 17:00:00,-12.6807995066876,1.27197127712637
2025-09-20 18:00:00,-12.852344336946,1.28109966354888
2025-09-20 19:00:00,-12.6661944724344,1.27869363258817
2025-09-20 20:00:00,-12.6205416818986,1.27760132749136
2025-09-20 21:00:00,-12.7096689740648,1.28906796948239
2025-09-20 22:00:00,-12.5940840599698,1.28565936925271
2025-09-20 23:00:00,-13.4211200079378,1.39823635231171
2025-09-21 00:00:00,-14.3313252964423,1.38844413841447
2025-09-21 01:00:00,-13.8637035621675,1.37790973858697
2025-09-21 02:00:00,-14.1484555832399,1.36810393806189
2025-09-21 03:00:00,-13.8258343817984,1.35531018149176
2025-09-21 04:00:00,-13.7707828771574,1.33828672084887
2025-09-21 05:00:00,-14.2665493688891,1.34785889668504
2025-09-21 06:00:00,-14.1983063484728,1.33107189051641
2025-09-21 07:00:00,-14.0718062016192,1.31427448744803
2025-09-21 08:00:00,-13.7568765015034,1.29868646509846
2025-09-21 09:00:00,-13.8275681704119,1.28231907995493
2025-09-21 10:00:00,-13.361226316368,1.28170064084529
2025-09-21 11:00:00,-13.691563979939,1.27375186122334
2025-09-21 12:00:00,-13.5693894720824,1.25788119930989
2025-09-21 13:00:00,-13.5863294200365,1.26501749790573
2025-09-21 14:00:00,-13.7785245569988,1.2597974247481
2025-09-21 15:00:00,-13.159434290335,1.24689966141221
2025-09-21 16:00:00,-13.2687035852343,1.23258124291006
2025-09-21 17:00:00,-13.5977996025262,1.21762991342765
2025-09-21 18:00:00,-13.34635737727,1.20996898950731
2025-09-21 19:00:00,-13.5790686710198,1.19917257607515
2025-09-21 20:00:00,-13.1896907401206,1.19363573232683
2025-09-21 21:00:00,-13.3471364444279,1.17908542865473
2025-09-21 22:00:00,-13.337437332518,1.16485260790238
2025-09-21 23:00:00,-13.2238719518237,1.16073429328929
2025-09-22 00:00:00,-12.9114906171387,1.14804838400401
2025-09-22 01:00:00,-12.6727895572542,1.17953751783803
2025-09-22 02:00:00,-12.6379111913818,1.1950506995382
2025-09-22 03:00:00,-12.9717098514538,1.18543779631587
2025-09-22 04:00:00,-12.9218436609295,1.17422802966407
2025-09-22 05:00:00,-13.1916419292324,1.15997167412147
2025-09-22 06:00:00,-12.4327327104653,1.26190148000551
2025-09-22 07:00:00,-12.6533724273823,1.27758670789667
2025-09-22 08:00:00,-12.3941134763444,1.30939652512644
2025-09-22 09:00:00,-12.8786920019436,1.29462671510268
2025-09-22 10:00:00,-12.7549148150947,1.28990947745856
2025-09-22 11:00:00,-12.4371602265592,1.29701898835255
2025-09-22 12:00:00,-12.6377310917978,1.2827306083456
2025-09-22 13:00:00,-12.5424820686291,1.26686178577576
2025-09-22 14:00:00,-12.0593073906474,1.31206390827702
2025-09-22 15:00:00,-12.0791307599468,1.30708157588879
2025-09-22 16:00:00,-12.366414120751,1.29160543388909
2025-09-22 17:00:00,-12.9547410922667,1.27561456625231
2025-09-22 18:00:00,-12.8858684719446,1.26264856538865
2025-09-22 19:00:00,-12.5255951379209,1.26317554585412
2025-09-22 20:00:00,-12.3276502350428,1.27105238356901
2025-09-22 21:00:00,-12.3972472788934,1.26495661101685
2025-09-22 22:00:00,-12.5674564061148,1.25184595209258
2025-09-22 23:00:00,-13.2664476517672,1.24966188241422
2025-09-23 00:00:00,-11.4893154958,1.24237882412655
2025-09-23 01:00:00,-11.7761019031903,1.23534658008947
2025-09-23 02:00:00,-11.8801359385181,1.23385117446473
2025-09-23 03:00:00,-11.408558322922,1.22345645123519
2025-09-23 04:00:00,-11.1105861411708,1.2104913347377
2025-09-23 05:00:00,-11.3308006282543,1.19655978733841
2025-09-23 06:00:00,-11.8410591996487,1.19606783446739
2025-09-23 07:00:00,-11.7406615338832,1.18198784520746
2025-09-23 08:00:00,-11.9453698213228,1.19951548444508
2025-09-23 09:00:00,-11.9057189154324,1.19972780928662
2025-09-23 10:00:00,-11.5040382659429,1.18554490302088
2025-09-23 11:00:00,-11.5523816116036,1.18953013441094
2025-09-23 12:00:00,-11.3729758340105,1.17998676750847
2025-09-23 13:00:00,-11.1335853234149,1.18241100329059
2025-09-23 14:00:00,-11.4421139727136,1.19080776748834
2025-09-23 15:00:00,-10.9569356988411,1.17687819845059
2025-09-23 16:00:00,-11.1172244719049,1.17617390008938
2025-09-23 17:00:00,-11.3047370310011,1.16399820676502
2025-09-23 18:00:00,-11.250434894429,1.15045763866937
2025-09-23 19:00:00,-11.1064637996652,1.13711711866002
2025-09-23 20:00:00,-11.5193713998462,1.15605213140867
2025-09-23 21:00:00,-10.9948412152311,1.14345849425411
2025-09-23 22:00:00,-11.5935998796464,1.17979023653951
2025-09-23 23:00:00,-11.7040766714892,1.18564641090417
2025-09-24 00:00:00,-11.9145300202883,1.17232655902303
2025-09-24 01:00:00,-11.8049506456811,1.16023521314964
2025-09-24 02:00:00,-12.0291541805506,1.15047263961583
2025-09-24 03:00:00,-11.7410055830981,1.14200249219832
2025-09-24 04:00:00,-11.6372581338999,1.12824133992708
2025-09-24 05:00:00,-11.3081604196933,1.13329695184819
2025-09-24 06:00:00,-12.1652796479299,1.13731475223982
2025-09-24 07:00:00,-12.2098965217242,1.12585125898115
2025-09-24 08:00:00,-11.8727823140468,1.11232669160787
2025-09-24 09:00:00,-11.9904196844547,1.10268744391375
2025-09-24 10:00:00,-12.0817329629819,1.10198078017352
2025-09-24 11:00:00,-11.7589520556724,1.09042838182433
2025-09-24 12:00:00,-11.6259217790402,1.07864003503597
2025-09-24 13:00:00,-11.5944859726946,1.09080075607855
2025-09-24 14:00:00,-11.7432966734437,1.08798486155933
2025-09-24 15:00:00,-11.1008913872337,1.07859929685722
2025-09-24 16:00:00,-11.2975702450565,1.06974773986118
2025-09-24 17:00:00,-11.8740970350623,1.07159861605223
2025-09-24 18:00:00,-11.7143526342582,1.05927788085345
2025-09-24 19:00:00,-11.8112522700576,1.05911282586772
2025-09-24 20:00:00,-11.7911539608131,1.05509572867433
2025-09-24 21:00:00,-11.8984060736786,1.06186352418092
2025-09-24 22:00:00,-11.5150591833629,1.04947282728738
2025-09-24 23:00:00,-11.9221023655646,1.0532471066259
2025-09-25 00:00:00,-12.0845064302375,1.05235589058075
2025-09-25 01:00:00,-12.0306911897313,1.04007286507433
2025-09-25 02:00:00,-11.5579910528147,1.04453963641755
2025-09-25 03:00:00,-11.5887217212778,1.03857974664334
2025-09-25 04:00:00,-11.6273484366228,1.02652598804945
2025-09-25 05:00:00,-11.3533211093298,1.03105521608515
2025-09-25 06:00:00,-12.2194622965383,1.03817941768284
2025-09-25 07:00:00,-11.9987623312122,1.02762479329988
2025-09-25 08:00:00,-11.897484540048,1.0163932591086
2025-09-25 09:00:00,-11.9862632525723,1.00703130222632
2025-09-25 10:00:00,-11.73066639509,0.995745390635125
2025-09-25 11:00:00,-11.6885671063482,0.986782797132756
2025-09-25 12:00:00,-11.6824071376862,0.978425489593352
2025-09-25 13:00:00,-10.7746465099091,0.985740086674454
2025-09-25 14:00:00,-10.8847272190734,0.985280103005233
2025-09-25 15:00:00,-10.8443024813845,0.97705267703777
2025-09-25 16:00:00,-11.0250114049774,0.966106551812105
2025-09-25 17:00:00,-11.5713695369561,0.956959058827752
2025-09-25 18:00:00,-11.0572704256974,0.978306003553013
2025-09-25 19:00:00,-11.1261981709589,0.970126394132285
2025-09-25 20:00:00,-11.4137761618481,0.96047184541527
2025-09-25 21:00:00,-11.5083903416556,0.951473704145364
2025-09-25 22:00:00,-11.0931350810756,0.953729120198637
2025-09-25 23:00:00,-11.7131991539313,0.952474350677127
2025-09-26 00:00:00,-10.5478958741236,0.946241250755512
2025-09-26 01:00:00,-10.7542278567797,0.937516118911991
2025-09-26 02:00:00,-11.142674187713,0.935225991026142
2025-09-26 03:00:00,-11.4446664115927,0.942154797559835
2025-09-26 04:00:00,-10.973306869638,0.931755271032268
2025-09-26 05:00:00,-11.4437285201049,0.957445945907798
2025-09-26 06:00:00,-11.1957287090142,0.946858976491929
2025-09-26 07:00:00,-11.2974473013876,0.939166521032153
2025-09-26 08:00:00,-10.8142526230933,0.93133803631611
2025-09-26 09:00:00,-11.4444987495999,0.961498745436747
2025-09-26 10:00:00,-11.2788822828365,0.961732480877942
2025-09-26 11:00:00,-10.953780485048,0.95484153215999
2025-09-26 12:00:00,-10.9691570181297,0.95565415269132
2025-09-26 13:00:00,-10.2930750684949,0.94502651697432
2025-09-26 14:00:00,-10.7116633271707,0.945455400147373
2025-09-26 15:00:00,-10.3517979724951,0.935055104228833
2025-09-26 16:00:00,-10.6024781505122,0.938193466448047
2025-09-26 17:00:00,-11.0439660500741,0.942624173398051
2025-09-26 18:00:00,-10.9382394833009,0.934959336772321
2025-09-26 19:00:00,-10.7278872071013,0.925913968754526
2025-09-26 20:00:00,-10.7393918380887,0.919739353410386
2025-09-26 21:00:00,-11.1299931165481,0.950629471008214
2025-09-26 22:00:00,-10.8357412924022,0.942958625984365
2025-09-26 23:00:00,-11.6941309988084,1.04196745114062
2025-09-27 00:00:00,-12.189259828129,1.08519448762632
2025-09-27 01:00:00,-11.8279411173218,1.07348590220396
2025-09-27 02:00:00,-11.9929106012777,1.08514005125371
2025-09-27 03:00:00,-12.0856611254519,1.09552460426045
2025-09-27 04:00:00,-11.8113841800459,1.09641896520282
2025-09-27 05:00:00,-11.8826644229215,1.1039621711381
2025-09-27 06:00:00,-12.4098315026375,1.1552760322749
2025-09-27 07:00:00,-12.5241473841949,1.19447559541584
2025-09-27 08:00:00,-12.1873614071779,1.21056516318135
2025-09-27 09:00:00,-12.0224963247947,1.21510621372258
2025-09-27 10:00:00,-11.7447976320802,1.20972337348028
2025-09-27 11:00:00,-12.0762149104442,1.27992266660284
2025-09-27 12:00:00,-12.142775261726,1.34071277884953
2025-09-27 13:00:00,-11.4507301169051,1.34713702880437
2025-09-27 14:00:00,-11.9360445478897,1.41275189001395
2025-09-27 15:00:00,-11.9576719069888,1.4932844162978
2025-09-27 16:00:00,-11.8742380705236,1.5428139180091
2025-09-27 17:00:00,-12.4408583269203,1.64501494332416
2025-09-27 18:00:00,-11.8970853307517,1.63664237969654
2025-09-27 19:00:00,-12.1546447820955,1.71120832637763
2025-09-27 20:00:00,-12.56703826056,1.86431132669043
2025-09-27 21:00:00,-12.3013255181903,1.92214564597984
2025-09-27 22:00:00,-12.7990012623369,2.13217587677699
2025-09-27 23:00:00,-11.7452732249794,2.10215318716899
2025-09-28 00:00:00,-14.1301274567863,2.114169680212
2025-09-28 01:00:00,-13.186183527566,2.12971626250475
2025-09-28 02:00:00,-13.4126119335731,2.09928167820107
2025-09-28 03:00:00,-13.6604631393104,2.07090506475714
2025-09-28 04:00:00,-13.7344037852707,2.05251296937941
2025-09-28 05:00:00,-13.7963052995718,2.03090570310022
2025-09-28 06:00:00,-14.1479018262051,2.02136806229032
2025-09-28 07:00:00,-13.5757683616951,2.00221671936595
2025-09-28 08:00:00,-13.5416552697684,1.97485261282219
2025-09-28 09:00:00,-13.7180815993928,1.95269248350128
2025-09-28 10:00:00,-13.381276898974,1.92591241060594
2025-09-28 11:00:00,-13.9843609216044,1.97006153923152
2025-09-28 12:00:00,-13.1487781382994,1.94970986927134
2025-09-28 13:00:00,-12.6075178763374,1.92513251428268
2025-09-28 14:00:00,-13.2937174280939,1.91550857075243
2025-09-28 15:00:00,-12.8654228143726,1.88899963240272
2025-09-28 16:00:00,-12.6573209313684,1.86610814321418
2025-09-28 17:00:00,-13.0581529623234,1.84029575021386
2025-09-28 18:00:00,-12.9972129338419,1.81866008670428
2025-09-28 19:00:00,-13.1563627018678,1.79510388061895
2025-09-28 20:00:00,-12.9133197710966,1.77409102885873
2025-09-28 21:00:00,-12.6575178748625,1.76224384335916
2025-09-28 22:00:00,-13.0177837683145,1.7393786713691
2025-09-28 23:00:00,-12.2834536430884,1.80765661999863
2025-09-29 00:00:00,-11.560391289419,1.79316781624023
2025-09-29 01:00:00,-12.139735203544,1.76890451806336
2025-09-29 02:00:00,-12.2701698624152,1.74502204005875
2025-09-29 03:00:00,-12.4556154468491,1.72116672110157
2025-09-29 04:00:00,-12.4969278411961,1.7028135019734
2025-09-29 05:00:00,-13.0942803248954,1.73695041719856
2025-09-29 06:00:00,-12.8264173312138,1.71346613419049
2025-09-29 07:00:00,-12.7678083175655,1.69089655771786
2025-09-29 08:00:00,-12.5743947638775,1.66969248220016
2025-09-29 09:00:00,-12.499980013622,1.64744918265957
2025-09-29 10:00:00,-12.318641511634,1.62513826380408
2025-09-29 11:00:00,-12.2617495026778,1.60592959017506
2025-09-29 12:00:00,-12.3115452612685,1.59031379187326
2025-09-29 13:00:00,-11.6689289532501,1.56972358118953
2025-09-29 14:00:00,-11.1416246690603,1.60784188683929
2025-09-29 15:00:00,-11.3976463969567,1.58654127341379
2025-09-29 16:00:00,-11.8325634377317,1.57146893209225
2025-09-29 17:00:00,-12.00330371867,1.55127750115764
2025-09-29 18:00:00,-11.9133595393973,1.53430662754954
2025-09-29 19:00:00,-12.0022931621344,1.51437092833657
2025-09-29 20:00:00,-12.0459397429656,1.49493692305862
2025-09-29 21:00:00,-12.0036239876638,1.47537820500553
2025-09-29 22:00:00,-12.2486227495695,1.46575927143995
2025-09-29 23:00:00,-12.6202126648281,1.46827038372148
2025-09-30 00:00:00,-11.7918442468567,1.45184862461608
2025-09-30 01:00:00,-11.7475020494327,1.4332847971708
2025-09-30 02:00:00,-11.5010213126541,1.42034414917056
2025-09-30 03:00:00,-12.1543929284067,1.42719313800016
2025-09-30 04:00:00,-12.0470108467577,1.42203426008395
2025-09-30 05:00:00,-12.293783612784,1.43649330278681
2025-09-30 06:00:00,-12.2753872552446,1.42515846882185
2025-09-30 07:00:00,-12.2331694493726,1.41198950836899
2025-09-30 08:00:00,-11.8574546053392,1.3941838159951
2025-09-30 09:00:00,-12.0779865568828,1.39126144718187
2025-09-30 10:00:00,-11.7473812635215,1.37360934356839
2025-09-30 11:00:00,-11.4322956748405,1.3559114404148
2025-09-30 12:00:00,-11.8210744185624,1.36713330245815
2025-09-30 13:00:00,-11.2985920565527,1.35381551393409
2025-09-30 14:00:00,-11.2752818412325,1.33649904191383
2025-09-30 15:00:00,-11.1012423680259,1.32013068639795
2025-09-30 16:00:00,-11.1239066371577,1.30449894316954
2025-09-30 17:00:00,-11.8832727427499,1.31840799335977
2025-09-30 18:00:00,-11.6477289719414,1.30222695583713
2025-09-30 19:00:00,-11.4792851375249,1.28706558194555
2025-09-30 20:00:00,-11.3297562773428,1.27084432919575
2025-09-30 21:00:00,-11.210170467055,1.2549937826367
2025-09-30 22:00:00,-11.0592537140631,1.24189525958151
2025-09-30 23:00:00,-11.7809213775831,1.25290394890085
2025-10-01 00:00:00,-11.6914699368609,1.23723891670578
2025-10-01 01:00:00,-11.7116633891595,1.22367344975992
2025-10-01 02:00:00,-11.9051966936733,1.21048385210644
2025-10-01 03:00:00,-12.3545355667083,1.2207828007325
2025-10-01 04:00:00,-11.7335016568021,1.206887015209
2025-10-01 05:00:00,-11.672134238634,1.19219644873305
2025-10-01 06:00:00,-11.8260394762421,1.17777895346336
2025-10-01 07:00:00,-12.0828402014683,1.1662739162439
2025-10-01 08:00:00,-11.982987592484,1.15596177181416
2025-10-01 09:00:00,-11.1523827172687,1.19360349170708
2025-10-01 10:00:00,-11.6706287663393,1.18526269748369
2025-10-01 11:00:00,-11.5578897220973,1.17158889229029
2025-10-01 12:00:00,-11.6845462535054,1.16486916082355
2025-10-01 13:00:00,-11.3238697256603,1.15542412846088
2025-10-01 14:00:00,-11.4714278928596,1.14386947441551
2025-10-01 15:00:00,-10.9371774696453,1.13539555375441
2025-10-01 16:00:00,-11.2702207932795,1.12842886079383
2025-10-01 17:00:00,-11.4788744446314,1.1148620506106
2025-10-01 18:00:00,-11.268543167231,1.10767625485545
2025-10-01 19:00:00,-11.4217039683506,1.09607308855134
2025-10-01 20:00:00,-11.9958273903423,1.1299190269501
2025-10-01 21:00:00,-11.4886991349392,1.11655276047914
2025-10-01 22:00:00,-11.6968314433106,1.11573972940833
2025-10-01 23:00:00,-11.6743300837199,1.10334516461636
2025-10-02 00:00:00,-10.9015622282846,1.10389174958927
2025-10-02 01:00:00,-11.2323922524497,1.09163893772168
2025-10-02 02:00:00,-11.5416694687646,1.08234009540851
2025-10-02 03:00:00,-11.8184839014813,1.08008034590225
2025-10-02 04:00:00,-11.3292032284829,1.06802414605968
2025-10-02 05:00:00,-11.6723290211749,1.06906780115024
2025-10-02 06:00:00,-11.7486696470508,1.05827332606303
2025-10-02 07:00:00,-11.9767168794073,1.05803285273776
2025-10-02 08:00:00,-11.8532067967619,1.05867491710897
2025-10-02 09:00:00,-11.7427881830015,1.05145420670387
2025-10-02 10:00:00,-11.8271045334286,1.06084482780845
2025-10-02 11:00:00,-11.6808815679064,1.06695001920103
2025-10-02 12:00:00,-11.5713007579776,1.06825200508695
2025-10-02 13:00:00,-11.1483202398408,1.06689743500836
2025-10-02 14:00:00,-11.0427529880598,1.05442930912806
2025-10-02 15:00:00,-10.691551532705,1.04264389952307
2025-10-02 16:00:00,-10.5681991257155,1.03250038974318
2025-10-02 17:00:00,-11.458525353717,1.04532361401662
2025-10-02 18:00:00,-11.1557595706032,1.03411487434485
2025-10-02 19:00:00,-11.1487115103085,1.02407400571076
2025-10-02 20:00:00,-10.9920324463779,1.01235137073166
2025-10-02 21:00:00,-11.1731175928784,1.00688140240684
2025-10-02 22:00:00,-11.153307992712,0.997630351680675
2025-10-02 23:00:00,-11.4391604184045,0.995865947934782
2025-10-03 00:00:00,-11.4871663024228,0.985922648791279
2025-10-03 01:00:00,-11.8756156408484,0.985052302131439
2025-10-03 02:00:00,-11.7071074173705,0.974420578568519
2025-10-03 03:00:00,-12.0628155229452,0.985245951373012
2025-10-03 04:00:00,-11.6249316912194,0.974812625770113
2025-10-03 05:00:00,-11.8278476907444,0.977337925827562
2025-10-03 06:00:00,-12.3021152983259,1.00369482838139
2025-10-03 07:00:00,-12.133212687294,0.998637087786796
2025-10-03 08:00:00,-11.7169044894924,0.9882067398271
2025-10-03 09:00:00,-11.4762674810307,0.977460896545047
2025-10-03 10:00:00,-11.4514308008832,0.967457695789214
2025-10-03 11:00:00,-11.5465407382386,0.969983285916812
2025-10-03 12:00:00,-11.3744049885099,0.961361142259318
2025-10-03 13:00:00,-11.1096355152015,0.96001513961592
2025-10-03 14:00:00,-11.3163848745596,0.95681184438071
2025-10-03 15:00:00,-10.7007853003348,0.95112852049009
2025-10-03 16:00:00,-10.6138852796361,0.942922811626615
2025-10-03 17:00:00,-10.7864187412431,0.941512890145012
2025-10-03 18:00:00,-10.471279272265,0.972614496370532
2025-10-03 19:00:00,-11.0156472583783,0.965279467991693
2025-10-03 20:00:00,-11.1271368216724,0.955579418621968
2025-10-03 21:00:00,-11.1250591818944,0.945684083347576
2025-10-03 22:00:00,-11.374656471968,0.947246432125198
2025-10-03 23:00:00,-11.8349909574426,0.972056696786131
2025-10-04 00:00:00,-11.5841891631941,0.99734625933792
2025-10-04 01:00:00,-11.5718500368708,0.994018319719769
2025-10-04 02:00:00,-11.544264193331,0.993879243288271
2025-10-04 03:00:00,-11.4781834496977,0.987576019916613
2025-10-04 04:00:00,-11.669376337124,1.02173820770674
2025-10-04 05:00:00,-11.8768545895692,1.06304467101287
2025-10-04 06:00:00,-11.4867414934165,1.05075338010828
2025-10-04 07:00:00,-11.8089679181733,1.06665535541719
2025-10-04 08:00:00,-11.7810011030829,1.09145350991581
2025-10-04 09:00:00,-11.7220849717524,1.10326241845562
2025-10-04 10:00:00,-11.8726825295356,1.15217208003815
2025-10-04 11:00:00,-11.7542728046224,1.19569737635554
2025-10-04 12:00:00,-11.4279676827153,1.20183401452605
2025-10-04 13:00:00,-11.2926010744274,1.25237129601214
2025-10-04 14:00:00,-11.2637257857011,1.25927466940079
2025-10-04 15:00:00,-11.213009349739,1.28856335364017
2025-10-04 16:00:00,-11.0036516892784,1.28832664129714
2025-10-04 17:00:00,-11.1827912068474,1.28144396065272
2025-10-04 18:00:00,-11.698808281067,1.33809576264625
2025-10-04 19:00:00,-11.5629745523965,1.36318027254423
2025-10-04 20:00:00,-11.3835539516601,1.371053890486
2025-10-04 21:00:00,-11.5422041119773,1.41200399188774
2025-10-04 22:00:00,-11.1600417703383,1.40190674893748
2025-10-04 23:00:00,-11.535410011967,1.42949157517983
2025-10-05 00:00:00,-13.5449927624963,1.48333189580639
2025-10-05 01:00:00,-13.106820389811,1.46386444693411
2025-10-05 02:00:00,-13.1289993074382,1.45305559319226
2025-10-05 03:00:00,-11.4431963744809,1.68352737183399
2025-10-05 04:00:00,-11.9386745039934,1.66478178814455
2025-10-05 05:00:00,-11.5800379840941,1.71788137325251
2025-10-05 06:00:00,-12.1725164201282,1.70289096930672
2025-10-05 07:00:00,-12.4079301396805,1.68635698358394
2025-10-05 08:00:00,-12.318120709928,1.66793435681114
2025-10-05 09:00:00,-12.3165547569644,1.65114001257334
2025-10-05 10:00:00,-11.6745824858988,1.69681114441611
2025-10-05 11:00:00,-11.9115710613451,1.67689459982789
2025-10-05 12:00:00,-11.9544609748657,1.65874878592477
2025-10-05 13:00:00,-11.8119715852585,1.63625049650411
2025-10-05 14:00:00,-12.5730785586188,1.64014238843531
2025-10-05 15:00:00,-12.1181027099132,1.61799045948678
2025-10-05 16:00:00,-12.2651883318073,1.60200999208256
2025-10-05 17:00:00,-11.9047453974268,1.61227407130847
2025-10-05 18:00:00,-12.4523448601943,1.5952253903077
2025-10-05 19:00:00,-12.209169068338,1.5751034276287
2025-10-05 20:00:00,-12.0901689287326,1.55642695447214
2025-10-05 21:00:00,-12.1643381340802,1.53565129289099
2025-10-05 22:00:00,-12.4074330455678,1.51996338433643
2025-10-05 23:00:00,-12.2835574954691,1.50237164353255
2025-10-06 00:00:00,-10.9002178632469,1.49417003248974
2025-10-06 01:00:00,-10.4481301715417,1.50416973262822
2025-10-06 02:00:00,-11.0590857722839,1.49680996813651
2025-10-06 03:00:00,-10.9291344210727,1.47740554491115
2025-10-06 04:00:00,-11.3021664764367,1.49492040622991
2025-10-06 05:00:00,-11.3228645838823,1.4907905343141
2025-10-06 06:00:00,-11.2276488091138,1.47200609564017
2025-10-06 07:00:00,-11.3971544105383,1.46226672974489
2025-10-06 08:00:00,-11.1451661755376,1.44731956456124
2025-10-06 09:00:00,-11.2603668852107,1.44152037714204
2025-10-06 10:00:00,-11.6910023427771,1.50177440768276
2025-10-06 11:00:00,-11.3260687090509,1.50607246919369
2025-10-06 12:00:00,-10.6263990754887,1.48759083794814
2025-10-06 13:00:00,-10.4656256178086,1.47966869781845
2025-10-06 14:00:00,-10.5601325181051,1.46245078667798
2025-10-06 15:00:00,-10.2114126865698,1.44328950152939
2025-10-06 16:00:00,-10.5186755185655,1.43851392036718
2025-10-06 17:00:00,-11.0301649316548,1.43976497697598
2025-10-06 18:00:00,-10.658357136693,1.421626249424
2025-10-06 19:00:00,-10.7408467750557,1.41077008398049
2025-10-06 20:00:00,-10.9421740020764,1.41356973142248
2025-10-06 21:00:00,-10.9574240292871,1.41338422070687
2025-10-06 22:00:00,-10.6749089964116,1.39618478348217
2025-10-06 23:00:00,-10.990640386975,1.39382980933089
2025-10-07 00:00:00,-11.726734044853,1.42479907523837
2025-10-07 01:00:00,-11.5300907744037,1.40723983139129
2025-10-07 02:00:00,-11.222755764641,1.38964026325514
2025-10-07 03:00:00,-11.7630368165132,1.40333646921937
2025-10-07 04:00:00,-11.3522349790711,1.3871444704475
2025-10-07 05:00:00,-11.4188622065219,1.37638761030948
2025-10-07 06:00:00,-11.6820534213931,1.36987606454397
2025-10-07 07:00:00,-11.4976097750721,1.35238522523034
2025-10-07 08:00:00,-11.7093811102837,1.36677165546445
2025-10-07 09:00:00,-11.1530590967124,1.35218794059614
2025-10-07 10:00:00,-11.5849264683942,1.37120760227554
2025-10-07 11:00:00,-11.3542983693216,1.3657277819062
2025-10-07 12:00:00,-11.3157850003222,1.36399868947205
2025-10-07 13:00:00,-10.7936321495462,1.35165260868207
2025-10-07 14:00:00,-10.5108214131764,1.33987093689057
2025-10-07 15:00:00,-10.3909137363593,1.32277888620091
2025-10-07 16:00:00,-10.0897526961255,1.31917119171614
2025-10-07 17:00:00,-10.6191656730182,1.30261510977159
2025-10-07 18:00:00,-10.9611067574546,1.28945771442719
2025-10-07 19:00:00,-11.0078184025056,1.27892080965876
2025-10-07 20:00:00,-10.8314003235867,1.26290630235949
2025-10-07 21:00:00,-11.1055994823057,1.26426091805466
2025-10-07 22:00:00,-10.9381058504108,1.24994842433749
2025-10-07 23:00:00,-11.2123633135562,1.24493271028713
2025-10-08 00:00:00,-11.2721288305953,1.24179410652585
2025-10-08 01:00:00,-11.0607677550579,1.22897898726261
2025-10-08 02:00:00,-11.1305033305826,1.21414728189563
2025-10-08 03:00:00,-11.3500660111234,1.20424615008612
2025-10-08 04:00:00,-11.2171700010197,1.19433820652701
2025-10-08 05:00:00,-11.0444923115191,1.17967280964302
2025-10-08 06:00:00,-11.3576086516776,1.16915720221765
2025-10-08 07:00:00,-11.6134533617647,1.16755089675106
2025-10-08 08:00:00,-11.3092592723776,1.15599947194661
2025-10-08 09:00:00,-10.7262358531301,1.15886215140916
2025-10-08 10:00:00,-11.403600325638,1.18559562243625
2025-10-08 11:00:00,-11.0889969677853,1.17522363415759
2025-10-08 12:00:00,-10.9902575202933,1.1656726999893
2025-10-08 13:00:00,-10.6128611727534,1.15662612379422
2025-10-08 14:00:00,-10.4730207459336,1.144440826164
2025-10-08 15:00:00,-10.3630375850681,1.13074203006809
2025-10-08 16:00:00,-10.7013798383625,1.13133857676739
2025-10-08 17:00:00,-11.0902452177255,1.12707585908788
2025-10-08 18:00:00,-10.8547182655996,1.11363510276636
2025-10-08 19:00:00,-10.6841588395328,1.10031814727174
2025-10-08 20:00:00,-10.871943380242,1.09430728984104
2025-10-08 21:00:00,-10.7372875025894,1.08190552485876
2025-10-08 22:00:00,-11.3599953043566,1.13102809765627
2025-10-08 23:00:00,-11.5765843654773,1.15764358170277
2025-10-09 00:00:00,-11.4599989417831,1.14929885540067
2025-10-09 01:00:00,-11.3697292881933,1.13538296353963
2025-10-09 02:00:00,-11.6651612300029,1.1404354561879
2025-10-09 03:00:00,-11.3459870580602,1.12714131054984
2025-10-09 04:00:00,-11.4861397895876,1.13119704722109
2025-10-09 05:00:00,-11.4094283325426,1.12111881283329
2025-10-09 06:00:00,-11.7127095291095,1.12002804663609
2025-10-09 07:00:00,-11.9365974016584,1.12950032253986
2025-10-09 08:00:00,-11.5042054264761,1.11849025672457
2025-10-09 09:00:00,-11.0551936905203,1.11005142555954
2025-10-09 10:00:00,-11.6555320335835,1.14507792440477
2025-10-09 11:00:00,-11.0800845669422,1.13123584207266
2025-10-09 12:00:00,-11.0806796876527,1.12274899725288
2025-10-09 13:00:00,-10.5613368856888,1.10947845830846
2025-10-09 14:00:00,-10.5255859976294,1.09860156341823
2025-10-09 15:00:00,-10.2094694352404,1.09131435210072
2025-10-09 16:00:00,-10.7264699351224,1.09186571366789
2025-10-09 17:00:00,-10.6685312958886,1.0851560294895
2025-10-09 18:00:00,-10.9554310271236,1.07423415145175
2025-10-09 19:00:00,-10.9882611127617,1.06560454674905
2025-10-09 20:00:00,-11.12149360821,1.06390492721931
2025-10-09 21:00:00,-11.3047916641775,1.07656177816478
2025-10-09 22:00:00,-10.9555880441642,1.06411140825395
2025-10-09 23:00:00,-11.674125671575,1.11486629552872
2025-10-10 00:00:00,-11.5973963944999,1.11644196008385
2025-10-10 01:00:00,-11.6747739758846,1.11061333411447
2025-10-10 02:00:00,-11.5457067726669,1.10069724602349
2025-10-10 03:00:00,-11.2256666068034,1.09025130907437
2025-10-10 04:00:00,-11.1096940127746,1.07758359854433
2025-10-10 05:00:00,-11.4227420028995,1.07593924370482
2025-10-10 06:00:00,-11.4488123549904,1.06354972109883
2025-10-10 07:00:00,-11.6913915864983,1.06030108918087
2025-10-10 08:00:00,-11.3880484450955,1.04926172965923
2025-10-10 09:00:00,-11.6398120956961,1.05635996451828
2025-10-10 10:00:00,-11.2139835176907,1.04400827907554
2025-10-10 11:00:00,-11.4648350743024,1.06503147989694
2025-10-10 12:00:00,-11.3277031546095,1.06416466986546
2025-10-10 13:00:00,-11.1267792545298,1.08221606553171
2025-10-10 14:00:00,-10.4655192464117,1.08845055501499
2025-10-10 15:00:00,-10.1583103070159,1.08350377955705
2025-10-10 16:00:00,-9.99765872368421,1.08715498745329
2025-10-10 17:00:00,-10.5912547668894,1.07480708172272
2025-10-10 18:00:00,-10.913779747945,1.06343072069697
2025-10-10 19:00:00,-10.9728382791164,1.0545944709759
2025-10-10 20:00:00,-10.4020505357472,1.06228989358338
2025-10-10 21:00:00,-9.83552312274938,1.11717541189964
2025-10-10 22:00:00,-9.35983215153614,1.23184515378743
2025-10-10 23:00:00,-10.1339483525851,1.22433310895386
2025-10-11 00:00:00,-8.19876986608419,1.23686317973593
2025-10-11 01:00:00,-9.26658204110725,1.23468854819072
2025-10-11 02:00:00,-9.32595331078209,1.22051366436294
2025-10-11 03:00:00,-9.47047428608277,1.20909700372317
2025-10-11 04:00:00,-9.3827443965751,1.20118251301013
2025-10-11 05:00:00,-9.25019237636881,1.18671893951697
2025-10-11 06:00:00,-9.70180548160465,1.18824496242193
2025-10-11 07:00:00,-9.8831773725697,1.19194583044246
2025-10-11 08:00:00,-9.2872200537756,1.17756327520215
2025-10-11 09:00:00,-9.50476716069783,1.1749260814006
2025-10-11 10:00:00,-9.91087853715326,1.22547279679405
2025-10-11 11:00:00,-9.65979570961687,1.23933637405634
2025-10-11 12:00:00,-9.37796268013149,1.23506711145648
2025-10-11 13:00:00,-9.28379390838994,1.27066532463003
2025-10-11 14:00:00,-9.48720254818223,1.2925136513388
2025-10-11 15:00:00,-9.49047962874602,1.33756087692502
2025-10-11 16:00:00,-9.51600965290082,1.37597591370274
2025-10-11 17:00:00,-9.86905284886607,1.41464433914501
2025-10-11 18:00:00,-9.87420062296194,1.44314197210665
2025-10-11 19:00:00,-10.207799913179,1.56215176270834
2025-10-11 20:00:00,-9.22467995873438,1.54128176158356
2025-10-11 21:00:00,-9.70143050096592,1.60030222825737
2025-10-11 22:00:00,-9.0674659138828,1.57884700586302
2025-10-11 23:00:00,-9.66525087600771,1.61345027847859
2025-10-12 00:00:00,-11.4192494735838,1.72358724653454
2025-10-12 01:00:00,-10.3503493361289,1.72100731205829
2025-10-12 02:00:00,-10.5157038478427,1.7010592482093
2025-10-12 03:00:00,-10.4460264199783,1.67784305415737
2025-10-12 04:00:00,-9.81734352544532,1.67313453706343
2025-10-12 05:00:00,-10.4069372456796,1.66214508675205
2025-10-12 06:00:00,-10.8772230616828,1.65891524532
2025-10-12 07:00:00,-10.9365372517522,1.64717760499484
2025-10-12 08:00:00,-10.5185754279834,1.62561501565449
2025-10-12 09:00:00,-10.7310029293905,1.6203718068932
2025-10-12 10:00:00,-10.6535294971988,1.61101531278479
2025-10-12 11:00:00,-10.5598236019419,1.60822623955372
2025-10-12 12:00:00,-10.2900983698853,1.58998773788998
2025-10-12 13:00:00,-10.2548915538102,1.60750356049504
2025-10-12 14:00:00,-10.1550243337971,1.58898566022273
2025-10-12 15:00:00,-9.32384591732565,1.58697036990551
2025-10-12 16:00:00,-9.58422378405749,1.56635912078584
2025-10-12 17:00:00,-10.0156435183465,1.54615437817601
2025-10-12 18:00:00,-10.3842214618636,1.54010346098121
2025-10-12 19:00:00,-10.4599893287962,1.54072842967717
2025-10-12 20:00:00,-10.3518794736995,1.52998481022564
2025-10-12 21:00:00,-10.1256415668287,1.51145159421151
2025-10-12 22:00:00,-9.88188574390466,1.49171180091961
2025-10-12 23:00:00,-10.5629998064123,1.50966167038305
2025-10-13 00:00:00,-10.2354937617008,1.49017275075021
2025-10-13 01:00:00,-10.4662247741976,1.4711746022613
2025-10-13 02:00:00,-10.762348145334,1.46707460289669
2025-10-13 03:00:00,-10.7114604882119,1.45091910386891
2025-10-13 04:00:00,-10.4669741713599,1.43424877527323
2025-10-13 05:00:00,-10.592174277952,1.4233832825551
2025-10-13 06:00:00,-10.9283021289619,1.42120156727141
2025-10-13 07:00:00,-10.6652173144397,1.4027013340539
2025-10-13 08:00:00,-10.6289147165944,1.39254998583125
2025-10-13 09:00:00,-10.9620794858188,1.40988014101549
2025-10-13 10:00:00,-10.5468606482793,1.39330806770655
2025-10-13 11:00:00,-10.6287600294411,1.40301100485722
2025-10-13 12:00:00,-9.9026759903033,1.39258512866034
2025-10-13 13:00:00,-9.8998502756175,1.3877588411753
2025-10-13 14:00:00,-9.71732019073966,1.37321469977924
2025-10-13 15:00:00,-9.74374153075966,1.35782369633946
2025-10-13 16:00:00,-10.0845264099297,1.36006359705887
2025-10-13 17:00:00,-10.3399138016454,1.34779849734451
2025-10-13 18:00:00,-10.0506845042839,1.33193570948579
2025-10-13 19:00:00,-10.1568134721952,1.32047692683667
2025-10-13 20:00:00,-10.4620974816362,1.33085020344938
2025-10-13 21:00:00,-10.6252718881857,1.35092701331313
2025-10-13 22:00:00,-10.9088625344979,1.40487677567147
2025-10-13 23:00:00,-11.0582582284772,1.44210684352026
2025-10-14 00:00:00,-11.3181517592055,1.44683206490423
2025-10-14 01:00:00,-11.3977434618843,1.44366199828928
2025-10-14 02:00:00,-11.2170660188594,1.4309960809355
2025-10-14 03:00:00,-11.1408247790394,1.41572735643635
2025-10-14 04:00:00,-10.8344752774034,1.39838537549284
2025-10-14 05:00:00,-10.7718412179137,1.38053726451367
2025-10-14 06:00:00,-10.8087656853547,1.3633002893721
2025-10-14 07:00:00,-10.9287927991421,1.34591620215766
2025-10-14 08:00:00,-10.6444848336902,1.32936930776862
2025-10-14 09:00:00,-10.6742891701176,1.31241889621229
2025-10-14 10:00:00,-10.7515145430487,1.29872132511141
2025-10-14 11:00:00,-10.1886080028557,1.29175232868273
2025-10-14 12:00:00,-10.4820715551392,1.28030561387272
2025-10-14 13:00:00,-10.1580546119131,1.26616501045032
2025-10-14 14:00:00,-10.2499014739842,1.25028074668187
2025-10-14 15:00:00,-9.91074817325702,1.23694711354611
2025-10-14 16:00:00,-9.96103762393902,1.22168418303226
2025-10-14 17:00:00,-10.3954830071275,1.2067727817701
2025-10-14 18:00:00,-10.5326159363363,1.19275390305796
2025-10-14 19:00:00,-10.3641597884403,1.17810496093897
2025-10-14 20:00:00,-9.95767936793076,1.17837546146896
2025-10-14 21:00:00,-10.8049783009406,1.21330808136821
2025-10-14 22:00:00,-10.7501152181856,1.2086445916282
2025-10-14 23:00:00,-10.8211132188113,1.20062787942564
2025-10-15 00:00:00,-10.6375960708714,1.19322915276759
2025-10-15 01:00:00,-10.9236429443802,1.18899442539452
2025-10-15 02:00:00,-10.6688965425275,1.17444288138316
2025-10-15 03:00:00,-10.4967105741809,1.16157368028364
2025-10-15 04:00:00,-10.8661823150001,1.17872732884811
2025-10-15 05:00:00,-10.9279808562939,1.17967349539253
2025-10-15 06:00:00,-10.9830872918187,1.17088263472996
2025-10-15 07:00:00,-10.9427801975116,1.15956762941834
2025-10-15 08:00:00,-10.850809620391,1.15556779308816
2025-10-15 09:00:00,-10.8546202553253,1.15026467722626
2025-10-15 10:00:00,-10.7391384831918,1.14396982178422
2025-10-15 11:00:00,-10.8561369189602,1.16592407887936
2025-10-15 12:00:00,-10.2717305071037,1.15218496735986
2025-10-15 13:00:00,-9.96229714906482,1.14191239795579
2025-10-15 14:00:00,-10.229625389171,1.13394888151155
2025-10-15 15:00:00,-9.78788196542033,1.12113123485778
2025-10-15 16:00:00,-9.95586255930349,1.11119069112078
2025-10-15 17:00:00,-10.6957442901718,1.128863506732
2025-10-15 18:00:00,-10.3701981793291,1.11529491842464
2025-10-15 19:00:00,-10.4502953574907,1.11290099818394
2025-10-15 20:00:00,-10.4153845113117,1.10640388157432
2025-10-15 21:00:00,-9.81479175987696,1.10523245720883
2025-10-15 22:00:00,-10.2132478132413,1.10071326266731
2025-10-15 23:00:00,-10.454888089849,1.09393454800881
2025-10-16 00:00:00,-11.0052178355049,1.09811742914618
2025-10-16 01:00:00,-11.0671339466269,1.08731167310176
2025-10-16 02:00:00,-10.9549279457856,1.07511574169005
2025-10-16 03:00:00,-11.1909639976966,1.07318956171576
2025-10-16 04:00:00,-10.8914628387236,1.0624780418439
2025-10-16 05:00:00,-10.7093580862905,1.05021139928438
2025-10-16 06:00:00,-10.9615478861716,1.0390401587894
2025-10-16 07:00:00,-11.0513279908881,1.02809473741883
2025-10-16 08:00:00,-10.5945056402306,1.01979302504787
2025-10-16 09:00:00,-11.1003772877155,1.02948025023319
2025-10-16 10:00:00,-9.73731835555793,1.13470036750068
2025-10-16 11:00:00,-10.7468913345351,1.16453320423522
2025-10-16 12:00:00,-10.6459705991953,1.15372048838936
2025-10-16 13:00:00,-10.3559989654319,1.14789789947987
2025-10-16 14:00:00,-10.5969960506236,1.142979012581
2025-10-16 15:00:00,-9.77491790605362,1.1478901007644
2025-10-16 16:00:00,-9.83275830792676,1.13572467383185
2025-10-16 17:00:00,-10.0646700174997,1.129196895044
2025-10-16 18:00:00,-10.389512175622,1.11591148658551
2025-10-16 19:00:00,-10.4322867251506,1.10383612628501
2025-10-16 20:00:00,-10.2759499738455,1.09122267526057
2025-10-16 21:00:00,-10.2313078006707,1.07843297187592
2025-10-16 22:00:00,-10.3587178821342,1.06681999199222
2025-10-16 23:00:00,-10.8733555745714,1.07509968350402
2025-10-17 00:00:00,-10.0033920040836,1.06248403930521
2025-10-17 01:00:00,-10.7735844834012,1.09766368085209
2025-10-17 02:00:00,-10.3705154816812,1.08484789910721
2025-10-17 03:00:00,-10.6709680222684,1.09413965231244
2025-10-17 04:00:00,-10.7425995077324,1.1242385760658
2025-10-17 05:00:00,-10.8605330409732,1.15422445218819
2025-10-17 06:00:00,-10.9259272682408,1.16475399574417
2025-10-17 07:00:00,-10.1306343995433,1.16540163512156
2025-10-17 08:00:00,-10.0598132777193,1.15159409477674
2025-10-17 09:00:00,-10.0255897103082,1.13764396210868
2025-10-17 10:00:00,-9.80485836538098,1.12553553943611
2025-10-17 11:00:00,-9.65715189718984,1.11227533287982
2025-10-17 12:00:00,-9.52142154800437,1.10085720162348
2025-10-17 13:00:00,-9.9075395089903,1.13743608358735
2025-10-17 14:00:00,-9.48320980088909,1.12977378109075
2025-10-17 15:00:00,-9.28834328840692,1.11652713246943
2025-10-17 16:00:00,-9.59532344751559,1.11091995275817
2025-10-17 17:00:00,-9.88410991548771,1.09889193467108
2025-10-17 18:00:00,-10.0490093517156,1.09161506410061
2025-10-17 19:00:00,-10.2270340828181,1.1040659526236
2025-10-17 20:00:00,-10.2328550170977,1.11040656230584
2025-10-17 21:00:00,-10.1183383453559,1.10878184451176
2025-10-17 22:00:00,-10.3009065847773,1.12810770230738
2025-10-17 23:00:00,-10.3513080897767,1.13071035699245
2025-10-18 00:00:00,-10.7693695840616,1.15350010525906
2025-10-18 01:00:00,-10.8863156992045,1.15625653099147
2025-10-18 02:00:00,-10.7864097216299,1.15340772784971
2025-10-18 03:00:00,-10.4916221426913,1.13942107353111
2025-10-18 04:00:00,-10.7273565981753,1.16013776665601
2025-10-18 05:00:00,-10.7857386884913,1.16770377291149
2025-10-18 06:00:00,-11.0759697366079,1.18539609589983
2025-10-18 07:00:00,-11.2180679083863,1.20795170820032
2025-10-18 08:00:00,-10.3748263634097,1.19449264124083
2025-10-18 09:00:00,-10.7895809977146,1.21303403603327
2025-10-18 10:00:00,-10.7454437640347,1.22130761675379
2025-10-18 11:00:00,-10.8316815104783,1.26163586295842
2025-10-18 12:00:00,-10.4357662285361,1.25438276659963
2025-10-18 13:00:00,-10.5288694131494,1.32253703836267
2025-10-18 14:00:00,-10.4823236584117,1.32863396108741
2025-10-18 15:00:00,-10.3057745675936,1.34156052855023
2025-10-18 16:00:00,-10.7766098683969,1.43529763679156
2025-10-18 17:00:00,-10.5662620115075,1.42491919694756
2025-10-18 18:00:00,-10.8528994967071,1.46015186245054
2025-10-18 19:00:00,-10.9258993735382,1.51136993058561
2025-10-18 20:00:00,-10.7811432100678,1.53405160664058
2025-10-18 21:00:00,-10.4674429854572,1.52922217851681
2025-10-18 22:00:00,-10.6309156407809,1.55475485905664
2025-10-18 23:00:00,-11.0330934542565,1.6138690281096
2025-10-19 00:00:00,-12.8299825901108,1.66517914995918
2025-10-19 01:00:00,-12.1113790005837,1.64654068902268
2025-10-19 02:00:00,-12.3514029690072,1.64022790565354
2025-10-19 03:00:00,-12.4454931259623,1.63117841824512
2025-10-19 04:00:00,-11.6929106800882,1.61594748196888
2025-10-19 05:00:00,-12.1056214933999,1.60736102918552
2025-10-19 06:00:00,-12.2834926632846,1.59018066778226
2025-10-19 07:00:00,-12.3806959687257,1.57500027803432
2025-10-19 08:00:00,-12.299336264511,1.56646571402717
2025-10-19 09:00:00,-11.2431098409912,1.61130105104779
2025-10-19 10:00:00,-10.7630346218425,1.65852804308484
2025-10-19 11:00:00,-11.4217491538062,1.64036798621442
2025-10-19 12:00:00,-11.5246193901791,1.61882519953531
2025-10-19 13:00:00,-11.2389641361082,1.59826070993496
2025-10-19 14:00:00,-11.4945878243857,1.57874840717625
2025-10-19 15:00:00,-10.9992899899968,1.56364740239061
2025-10-19 16:00:00,-11.5263416472807,1.56198403687387
2025-10-19 17:00:00,-11.2989741495855,1.55438531005478
2025-10-19 18:00:00,-11.4003048649762,1.5349137431721
2025-10-19 19:00:00,-11.6321765671722,1.5198651765359
2025-10-19 20:00:00,-11.6937904018562,1.50408502684912
2025-10-19 21:00:00,-11.8590856460072,1.49932536070897
2025-10-19 22:00:00,-11.7256418701968,1.48259029200364
2025-10-19 23:00:00,-11.7984758100542,1.46523990747682
2025-10-20 00:00:00,-11.0558383312326,1.4474116325775
2025-10-20 01:00:00,-11.1405212381735,1.42858043046361
2025-10-20 02:00:00,-11.3831571238402,1.41734073202071
2025-10-20 03:00:00,-10.9864200401812,1.40754486253883
2025-10-20 04:00:00,-10.2834287834171,1.43590105619901
2025-10-20 05:00:00,-11.1121884473703,1.43085474917073
2025-10-20 06:00:00,-11.1192889998003,1.41360984775057
2025-10-20 07:00:00,-11.3189263171226,1.39606835919288
2025-10-20 08:00:00,-11.3997601317429,1.38912669770497
2025-10-20 09:00:00,-11.0810401587001,1.37214721409644
2025-10-20 10:00:00,-10.9913765627645,1.35455548503259
2025-10-20 11:00:00,-11.287455667623,1.36564686664099
2025-10-20 12:00:00,-11.1616285947112,1.35673454441182
2025-10-20 13:00:00,-10.869662538389,1.35561463120268
2025-10-20 14:00:00,-11.0863251841384,1.35358616219467
2025-10-20 15:00:00,-10.4280780869202,1.33863443700657
2025-10-20 16:00:00,-10.3989223721927,1.32153059291767
2025-10-20 17:00:00,-10.744817704635,1.30471929600311
2025-10-20 18:00:00,-10.645652270408,1.29091371557786
2025-10-20 19:00:00,-10.7874809699319,1.27705945078921
2025-10-20 20:00:00,-10.8892725183288,1.26542575345211
2025-10-20 21:00:00,-11.1682667781695,1.27432338108517
2025-10-20 22:00:00,-10.8058063290017,1.25829822690122
2025-10-20 23:00:00,-11.2810819338517,1.2661097965706
2025-10-21 00:00:00,-10.9705082390236,1.25559724797445
2025-10-21 01:00:00,-11.1728456340013,1.24526647648516
2025-10-21 02:00:00,-11.2352010110902,1.23873235775424
2025-10-21 03:00:00,-11.2507681027842,1.22925883503334
2025-10-21 04:00:00,-10.8247244239976,1.21399162302409
2025-10-21 05:00:00,-10.7963893174444,1.19907208757287
2025-10-21 06:00:00,-10.9185284948117,1.18434980740122
2025-10-21 07:00:00,-11.1627535005277,1.17371116711021
2025-10-21 08:00:00,-10.9896313832996,1.16162582508208
2025-10-21 09:00:00,-11.1915880382064,1.16121926918714
2025-10-21 10:00:00,-11.1024555099012,1.15650119546145
2025-10-21 11:00:00,-10.2595875083599,1.15950569633015
2025-10-21 12:00:00,-10.7538113117678,1.16431693114395
2025-10-21 13:00:00,-9.77482247380443,1.16804254342004
2025-10-21 14:00:00,-10.1357945829683,1.1538738325882
2025-10-21 15:00:00,-9.44234731284022,1.18400436187605
2025-10-21 16:00:00,-9.97299002215802,1.17044985535104
2025-10-21 17:00:00,-10.2877193318184,1.15771763979076
2025-10-21 18:00:00,-10.1404991429416,1.15522607760663
2025-10-21 19:00:00,-10.3608827842608,1.14191098380355
2025-10-21 20:00:00,-10.4818410608525,1.12979592056062
2025-10-21 21:00:00,-10.2202174017396,1.11914246746772
2025-10-21 22:00:00,-10.2111751924448,1.10660524601687
2025-10-21 23:00:00,-10.1035262344983,1.10644859413691
2025-10-22 00:00:00,-9.51633419321222,1.09362832067104
2025-10-22 01:00:00,-10.3226296329823,1.10288178742562
2025-10-22 02:00:00,-10.3083721892792,1.09522983189441
2025-10-22 03:00:00,-10.5945281292337,1.10694727541354
2025-10-22 04:00:00,-10.4378132833216,1.11338240047313
2025-10-22 05:00:00,-10.6811620753845,1.14433092834117
2025-10-22 06:00:00,-10.5004724188826,1.13412021041432
2025-10-22 07:00:00,-10.7517307959046,1.14808452273929
2025-10-22 08:00:00,-10.1701825020995,1.13432358900956
2025-10-22 09:00:00,-10.6610201872212,1.17236209278051
2025-10-22 10:00:00,-10.2790858035219,1.16352533806368
2025-10-22 11:00:00,-10.604536378732,1.22647637919469
2025-10-22 12:00:00,-9.66189703335391,1.21750278489042
2025-10-22 13:00:00,-9.57420732914296,1.21693579988883
2025-10-22 14:00:00,-9.35070119753653,1.20509213423351
2025-10-22 15:00:00,-9.27135590469764,1.19056973743147
2025-10-22 16:00:00,-9.59301154287085,1.18952881049389
2025-10-22 17:00:00,-10.0597522240596,1.18992813775555
2025-10-22 18:00:00,-9.86673697733066,1.17575936941203
2025-10-22 19:00:00,-9.92762464817191,1.17265647291982
2025-10-22 20:00:00,-10.4044319256876,1.22601334484762
2025-10-22 21:00:00,-9.96106782802449,1.21459741726943
2025-10-22 22:00:00,-9.96077925551925,1.21177661264052
2025-10-22 23:00:00,-10.0777503684857,1.20702999354027
2025-10-23 00:00:00,-11.0318000034469,1.22821679789268
2025-10-23 01:00:00,-10.8844913203275,1.21372029607877
2025-10-23 02:00:00,-10.618576297611,1.1991876228297
2025-10-23 03:00:00,-11.0775419132716,1.20679581661809
2025-10-23 04:00:00,-10.9873156138119,1.21009801992498
2025-10-23 05:00:00,-10.8039424852425,1.1978921989014
2025-10-23 06:00:00,-11.2292039644018,1.20809360247133
2025-10-23 07:00:00,-10.4069406540891,1.22265496427756
2025-10-23 08:00:00,-10.4947469281845,1.20821400580919
2025-10-23 09:00:00,-10.913240844712,1.21278834307793
2025-10-23 10:00:00,-10.825221148652,1.20673103967299
2025-10-23 11:00:00,-11.0260793694682,1.2409303791709
2025-10-23 12:00:00,-10.5133192932377,1.22611543686224
2025-10-23 13:00:00,-10.2525875573029,1.22433788192702
2025-10-23 14:00:00,-10.3457107870574,1.21358899867126
2025-10-23 15:00:00,-9.78007281008587,1.20225395720208
2025-10-23 16:00:00,-9.99009307978442,1.19062666023937
2025-10-23 17:00:00,-10.1877013497757,1.17626755274146
2025-10-23 18:00:00,-10.1668040716228,1.16266033645132
2025-10-23 19:00:00,-10.3008480275972,1.15239863627806
2025-10-23 20:00:00,-10.328528727951,1.14146793669771
2025-10-23 21:00:00,-10.453554112482,1.13813563803127
2025-10-23 22:00:00,-10.8227628619816,1.16861519858728
2025-10-23 23:00:00,-10.7287628459513,1.16177993256727
2025-10-24 00:00:00,-11.2025720766201,1.18121683408202
2025-10-24 01:00:00,-11.057855285512,1.16749935566554
2025-10-24 02:00:00,-11.2568707733331,1.17169266321912
2025-10-24 03:00:00,-11.1189442558834,1.15988233600756
2025-10-24 04:00:00,-11.1755101822771,1.16974316747278
2025-10-24 05:00:00,-10.6700918212802,1.15843240492424
2025-10-24 06:00:00,-11.0606977372892,1.15030109577527
2025-10-24 07:00:00,-11.5456938398172,1.17470055798765
2025-10-24 08:00:00,-10.8891188746993,1.16048402333046
2025-10-24 09:00:00,-11.0079503868022,1.15385968083704
2025-10-24 10:00:00,-10.867716087555,1.14330677475489
2025-10-24 11:00:00,-10.8848831779349,1.14623261154136
2025-10-24 12:00:00,-10.6331270439484,1.13425471296468
2025-10-24 13:00:00,-9.85820929937244,1.12567360112776
2025-10-24 14:00:00,-10.2993509026084,1.11548162080045
2025-10-24 15:00:00,-10.1618288998285,1.10338344430737
2025-10-24 16:00:00,-10.3240487477596,1.09765540638943
2025-10-24 17:00:00,-10.7947953476949,1.09716463259489
2025-10-24 18:00:00,-10.9459406892928,1.10024419591824
2025-10-24 19:00:00,-11.4247045960944,1.18576724343786
2025-10-24 20:00:00,-10.8568511459294,1.17535616380009
2025-10-24 21:00:00,-11.0762074813727,1.20633919413825
2025-10-24 22:00:00,-10.507548280202,1.19153555267721
2025-10-24 23:00:00,-11.2025733455737,1.2367887479515
2025-10-25 00:00:00,-12.112734500855,1.30320139754609
2025-10-25 01:00:00,-11.4976550579655,1.28847958036822
2025-10-25 02:00:00,-11.5963732758328,1.27979105502573
2025-10-25 03:00:00,-12.1531115215208,1.32566480996717
2025-10-25 04:00:00,-11.8636576296922,1.33285037680347
2025-10-25 05:00:00,-11.4861922167955,1.31673365452686
2025-10-25 06:00:00,-12.181294561289,1.36244449161522
2025-10-25 07:00:00,-12.0263980845607,1.35829278027661
2025-10-25 08:00:00,-11.4441528676005,1.34092055850507
2025-10-25 09:00:00,-11.657588770791,1.34061207946459
2025-10-25 10:00:00,-11.4626416191047,1.32869567302982
2025-10-25 11:00:00,-11.436755196016,1.32991776809107
2025-10-25 12:00:00,-11.8251921965034,1.38663680242564
2025-10-25 13:00:00,-10.9975280675545,1.37280768592708
2025-10-25 14:00:00,-11.4955907294411,1.4028519305964
2025-10-25 15:00:00,-11.3561960210201,1.42032904153201
2025-10-25 16:00:00,-11.4750339676809,1.45250668097309
2025-10-25 17:00:00,-11.5245679255333,1.4462346968766
2025-10-25 18:00:00,-11.7582687110324,1.4693797634626
2025-10-25 19:00:00,-11.3969128848218,1.45947924358675
2025-10-25 20:00:00,-11.7741124437941,1.51135493831087
2025-10-25 21:00:00,-11.5921276771858,1.51970732742216
2025-10-25 22:00:00,-11.5878481842029,1.53391539120111
2025-10-25 23:00:00,-11.8587045397534,1.56587582470925
2025-10-26 00:00:00,-13.3480255997183,1.58711192647113
2025-10-26 01:00:00,-12.850909583637,1.5677150491278
2025-10-26 02:00:00,-12.8843953834471,1.54922661907606
2025-10-26 03:00:00,-12.8706150914892,1.52921743844613
2025-10-26 04:00:00,-12.6179860393281,1.50901280773223
2025-10-26 05:00:00,-12.8312007418444,1.49576199890672
2025-10-26 06:00:00,-13.1246921732477,1.48532172764624
2025-10-26 07:00:00,-13.4037433900015,1.49026121776149
2025-10-26 08:00:00,-13.1489758600998,1.48268383726027
2025-10-26 09:00:00,-13.0237463151441,1.46923594260988
2025-10-26 10:00:00,-11.702529553565,1.55401176284766
2025-10-26 11:00:00,-12.2367857671383,1.53708697261732
2025-10-26 12:00:00,-11.8533972008,1.53334852237649
2025-10-26 13:00:00,-11.5619912983687,1.51710228532914
2025-10-26 14:00:00,-12.0178199327645,1.4971570586497
2025-10-26 15:00:00,-11.7971155301451,1.47890924782078
2025-10-26 16:00:00,-12.1155449721253,1.46496798656065
2025-10-26 17:00:00,-12.251477700918,1.4467339569436
2025-10-26 18:00:00,-12.6737186890917,1.44089667640008
2025-10-26 19:00:00,-12.2569766159445,1.42325304356645
2025-10-26 20:00:00,-12.6877379417328,1.43020579390559
2025-10-26 21:00:00,-12.2938295734695,1.41183044384108
2025-10-26 22:00:00,-11.913094669314,1.40407770700116
2025-10-26 23:00:00,-12.1334127827795,1.38693245147717
2025-10-27 00:00:00,-11.2611270552958,1.37929771679768
2025-10-27 01:00:00,-11.8381274051762,1.36254033213289
2025-10-27 02:00:00,-11.7516134109582,1.34667539331483
2025-10-27 03:00:00,-11.7917757948043,1.33049078472627
2025-10-27 04:00:00,-11.8571105097532,1.31648994281483
2025-10-27 05:00:00,-12.066178297272,1.30735184179106
2025-10-27 06:00:00,-12.254956528604,1.29519885525061
2025-10-27 07:00:00,-11.7349397332759,1.29642957939956
2025-10-27 08:00:00,-11.7175089590522,1.2800590682058
2025-10-27 09:00:00,-11.4536086252395,1.27650462217352
2025-10-27 10:00:00,-11.6933115866664,1.26158948613114
2025-10-27 11:00:00,-11.4719741928082,1.2462112514512
2025-10-27 12:00:00,-11.8356901940981,1.24762805652198
2025-10-27 13:00:00,-11.4023343968911,1.23561140483714
2025-10-27 14:00:00,-11.1867549768706,1.22577202736192
2025-10-27 15:00:00,-10.9676995180557,1.21284072847889
2025-10-27 16:00:00,-11.599746873292,1.22750937725847
2025-10-27 17:00:00,-11.6031844534661,1.21251289860873
2025-10-27 18:00:00,-11.6803837386929,1.19835869147465
2025-10-27 19:00:00,-11.5572001808147,1.1840105835615
2025-10-27 20:00:00,-11.3446678902965,1.1710109883137
2025-10-27 21:00:00,-11.7882231006651,1.17763914358708
2025-10-27 22:00:00,-11.3761331420087,1.16575127231359
2025-10-27 23:00:00,-11.8225699633671,1.16168372412228
2025-10-28 00:00:00,-11.440607550981,1.14857316298042
2025-10-28 01:00:00,-11.6891335717874,1.13667732915804
2025-10-28 02:00:00,-11.6867132634569,1.12448941618031
2025-10-28 03:00:00,-11.2645917085667,1.12537029029002
2025-10-28 04:00:00,-11.3731447725937,1.11313934119331
2025-10-28 05:00:00,-11.7345140038754,1.11310428038575
2025-10-28 06:00:00,-11.8441925909233,1.10228795005401
2025-10-28 07:00:00,-11.9526537479543,1.09456215477929
2025-10-28 08:00:00,-11.6370578192616,1.08224615657705
2025-10-28 09:00:00,-11.8324997039212,1.08161735197318
2025-10-28 10:00:00,-11.5012096776532,1.06891165860318
2025-10-28 11:00:00,-11.9303448290644,1.11472253735276
2025-10-28 12:00:00,-11.6446350542268,1.1106066526779
2025-10-28 13:00:00,-11.1830821469233,1.10574796082365
2025-10-28 14:00:00,-11.0284903320425,1.0928985991176
2025-10-28 15:00:00,-10.3764017228639,1.10123129477617
2025-10-28 16:00:00,-10.8060881444292,1.09123485854034
2025-10-28 17:00:00,-11.20890604397,1.07904479441091
2025-10-28 18:00:00,-11.4969420548936,1.07567252924435
2025-10-28 19:00:00,-11.1243455451471,1.06345517088308
2025-10-28 20:00:00,-10.5657636842919,1.07944526499204
2025-10-28 21:00:00,-10.7702694361324,1.06738473547362
2025-10-28 22:00:00,-10.9610454306235,1.05498875397788
2025-10-28 23:00:00,-11.3453744175628,1.0477260405601
2025-10-29 00:00:00,-11.311817791906,1.05557643825651
2025-10-29 01:00:00,-11.4633176903176,1.04905129446392
2025-10-29 02:00:00,-11.033765195103,1.04084572661546
2025-10-29 03:00:00,-11.4618934424344,1.04232491676152
2025-10-29 04:00:00,-11.681938819934,1.07466677645833
2025-10-29 05:00:00,-11.4133962840366,1.06598938008117
2025-10-29 06:00:00,-11.4835632223307,1.05683644516918
2025-10-29 07:00:00,-11.4914938252607,1.0471791845683
2025-10-29 08:00:00,-11.3652535908857,1.04149323228193
2025-10-29 09:00:00,-11.3726180872133,1.03560635613304
2025-10-29 10:00:00,-11.2230313265494,1.02730621280813
2025-10-29 11:00:00,-11.1770214403527,1.02780727738592
2025-10-29 12:00:00,-11.1769839019888,1.02990540812708
2025-10-29 13:00:00,-10.9207580586355,1.04058194057146
2025-10-29 14:00:00,-10.7149642257889,1.0284955841148
2025-10-29 15:00:00,-10.6498676496369,1.02249572036871
2025-10-29 16:00:00,-10.5009586436529,1.01088872644048
2025-10-29 17:00:00,-10.8855890228862,1.00144296354357
2025-10-29 18:00:00,-10.7513752712754,0.990677350626633
2025-10-29 19:00:00,-9.53417631841544,1.12512491441487
2025-10-29 20:00:00,-10.3834176164707,1.11393256699405
2025-10-29 21:00:00,-10.5909303141305,1.10135625898526
2025-10-29 22:00:00,-10.9287516357104,1.10148102634069
2025-10-29 23:00:00,-11.088401846676,1.09488507891022
2025-10-30 00:00:00,-9.85112089686139,1.08513757121627
2025-10-30 01:00:00,-10.3619910278288,1.0787461541555
2025-10-30 02:00:00,-10.6356218607794,1.08494578945962
2025-10-30 03:00:00,-10.6642858167916,1.08203762871908
2025-10-30 04:00:00,-10.6491342961211,1.0950830675336
2025-10-30 05:00:00,-9.42790317829637,1.16233328460281
2025-10-30 06:00:00,-10.1551120453983,1.15032281136775
2025-10-30 07:00:00,-10.3028372161463,1.13650491665949
2025-10-30 08:00:00,-10.2080288101176,1.1239544706215
2025-10-30 09:00:00,-10.4892976393952,1.12522859342411
2025-10-30 10:00:00,-10.3554340819355,1.11762553524897
2025-10-30 11:00:00,-10.3021203645358,1.1193451682402
2025-10-30 12:00:00,-10.6160412786125,1.16231398882233
2025-10-30 13:00:00,-9.47112244786078,1.15295657808005
2025-10-30 14:00:00,-9.63333940563662,1.1390439432161
2025-10-30 15:00:00,-9.82397765223911,1.14221540093322
2025-10-30 16:00:00,-9.90817655525531,1.14186476469952
2025-10-30 17:00:00,-10.4106336305302,1.1542498269714
2025-10-30 18:00:00,-9.89399317859697,1.14315633431523
2025-10-30 19:00:00,-10.0950159298979,1.1429676305863
2025-10-30 20:00:00,-9.92266554132364,1.13029479715443
2025-10-30 21:00:00,-10.0134038926429,1.12526714662922
2025-10-30 22:00:00,-10.1902149109579,1.13113380715024
2025-10-30 23:00:00,-10.4516560330051,1.14257924024154
2025-10-31 00:00:00,-10.3182352105797,1.13124124350207
2025-10-31 01:00:00,-10.398524505865,1.11833285925489
2025-10-31 02:00:00,-10.2361399220269,1.10513082806332
2025-10-31 03:00:00,-10.331888196834,1.09242968233705
2025-10-31 04:00:00,-10.0417103725048,1.07980812826654
2025-10-31 05:00:00,-10.0945994224874,1.06706654537034
2025-10-31 06:00:00,-10.8549959642872,1.09238538183382
2025-10-31 07:00:00,-10.9337703564603,1.09685476906412
2025-10-31 08:00:00,-10.5171545470451,1.08670956459471
2025-10-31 09:00:00,-10.2839722005008,1.07386117044497
2025-10-31 10:00:00,-10.3893564980671,1.07138106641921
2025-10-31 11:00:00,-10.3510665381689,1.07415529978165
2025-10-31 12:00:00,-10.003183525578,1.06164358455349
2025-10-31 13:00:00,-9.67567617177158,1.05284855570428
2025-10-31 14:00:00,-9.99371091757285,1.04963837613814
2025-10-31 15:00:00,-9.50278869973519,1.03846950753031
2025-10-31 16:00:00,-9.63205038465008,1.02873052502787
2025-10-31 17:00:00,-9.96423305995635,1.01779076402188
2025-10-31 18:00:00,-10.1511747273757,1.01156981874149
2025-10-31 19:00:00,-9.81498536167468,1.00037208417033
2025-10-31 20:00:00,-10.0415682693032,0.998049451883004
2025-10-31 21:00:00,-10.1753684983757,1.00160676260387
2025-10-31 22:00:00,-10.1388626068196,0.998509847341238
2025-10-31 23:00:00,-10.5929245213687,1.02743211761134
2025-11-01 00:00:00,-11.4280298437728,1.12451486612777
2025-11-01 01:00:00,-11.2366460674487,1.12667267940422
2025-11-01 02:00:00,-11.172281102542,1.13551347243944
2025-11-01 03:00:00,-10.952228486286,1.12626161308214
2025-11-01 04:00:00,-10.6657894320379,1.11689613797461
2025-11-01 05:00:00,-11.0132307005325,1.13786344521947
2025-11-01 06:00:00,-11.0921022542543,1.13649890014308
2025-11-01 07:00:00,-11.1660153997434,1.13882398304851
2025-11-01 08:00:00,-11.1806062684655,1.16328475195918
2025-11-01 09:00:00,-11.847183385138,1.31007110726651
2025-11-01 10:00:00,-11.1242358246331,1.30583848789738
2025-11-01 11:00:00,-10.9952208171719,1.32945829880304
2025-11-01 12:00:00,-11.2004808603184,1.3948176922909
2025-11-01 13:00:00,-10.6945242389288,1.42091982080304
2025-11-01 14:00:00,-10.8008302583355,1.44003830207389
2025-11-01 15:00:00,-10.6957182133183,1.47039155078146
2025-11-01 16:00:00,-10.1739334367797,1.45237549672324
2025-11-01 17:00:00,-11.0118110003163,1.50456212281817
2025-11-01 18:00:00,-11.0082524978445,1.51936439432392
2025-11-01 19:00:00,-11.4965723325289,1.65498507755849
2025-11-01 20:00:00,-11.5450435110754,1.7572950229749
2025-11-01 21:00:00,-11.2225891409996,1.79354988097675
2025-11-01 22:00:00,-10.5456173921171,1.77132885540066
2025-11-01 23:00:00,-11.1847710244228,1.83556708532337
2025-11-02 00:00:00,-13.2869118857377,1.89712765232695
2025-11-02 01:00:00,-12.7797731810132,1.87103561795067
2025-11-02 02:00:00,-12.6394047372521,1.84811706925643
2025-11-02 03:00:00,-12.112760975997,1.83732036204993
2025-11-02 04:00:00,-12.4981778839733,1.83141096230866
2025-11-02 05:00:00,-12.0088722950304,1.81641097086668
2025-11-02 06:00:00,-12.1342080317651,1.79517423297303
2025-11-02 07:00:00,-12.3144458593868,1.77064335126854
2025-11-02 08:00:00,-11.9354905670318,1.75505781802143
2025-11-02 09:00:00,-12.5440076396142,1.75000690621419
2025-11-02 10:00:00,-12.0491122282249,1.73051137795205
2025-11-02 11:00:00,-11.857552381128,1.70748473756816
2025-11-02 12:00:00,-12.1016399027086,1.69067759953097
2025-11-02 13:00:00,-11.9053703139293,1.67859349533876
2025-11-02 14:00:00,-11.8066811713469,1.65605510011984
2025-11-02 15:00:00,-11.6277653928711,1.63368235230987
2025-11-02 16:00:00,-11.5966122700973,1.61160049673857
2025-11-02 17:00:00,-12.1578331308022,1.59604542276531
2025-11-02 18:00:00,-12.1890080506941,1.576362758339
2025-11-02 19:00:00,-12.3106005749541,1.5700608958847
2025-11-02 20:00:00,-11.8899247554288,1.55037307710785
2025-11-02 21:00:00,-11.8912456928487,1.53013834785279
2025-11-02 22:00:00,-12.3320942286442,1.53798322922119
2025-11-02 23:00:00,-11.5876599956041,1.55200478422254
2025-11-03 00:00:00,-11.2532195759849,1.53637168776021
2025-11-03 01:00:00,-11.6528245381343,1.51641761128046
2025-11-03 02:00:00,-11.8107822747155,1.49639001004045
2025-11-03 03:00:00,-11.4520035192977,1.49829892464206
2025-11-03 04:00:00,-11.0908018945686,1.5036176524133
2025-11-03 05:00:00,-11.4722833692441,1.48403052330814
2025-11-03 06:00:00,-11.8531170375021,1.46452022911068
2025-11-03 07:00:00,-11.8940352119296,1.4458630351093
2025-11-03 08:00:00,-11.5244740358802,1.43363940163197
2025-11-03 09:00:00,-11.3364220954054,1.42973019309396
2025-11-03 10:00:00,-11.5625779133292,1.41120278806243
2025-11-03 11:00:00,-11.3342814281069,1.39486112009791
2025-11-03 12:00:00,-11.3424612551579,1.37698662823492
2025-11-03 13:00:00,-10.9416346594881,1.36022603917769
2025-11-03 14:00:00,-11.4551668210889,1.34889150919213
2025-11-03 15:00:00,-10.9525147208193,1.33746185171
2025-11-03 16:00:00,-10.2555500257806,1.39604930687376
2025-11-03 17:00:00,-11.1582313008975,1.3779753907246
2025-11-03 18:00:00,-11.1239558616254,1.3703174605816
2025-11-03 19:00:00,-11.0643818049702,1.35826841582248
2025-11-03 20:00:00,-11.3645416410977,1.34193243043528
2025-11-03 21:00:00,-11.1702563116844,1.32836545652826
2025-11-03 22:00:00,-11.2193194289001,1.31197940995542
2025-11-03 23:00:00,-11.3703143495934,1.29604767114421
2025-11-04 00:00:00,-10.4175541390419,1.28529024321655
2025-11-04 01:00:00,-10.4210714128194,1.27085106448269
2025-11-04 02:00:00,-10.4394083536558,1.25503425154145
2025-11-04 03:00:00,-10.6860843735002,1.24221150350227
2025-11-04 04:00:00,-10.365920264114,1.22693273439547
2025-11-04 05:00:00,-11.0249107888474,1.25844980735284
2025-11-04 06:00:00,-10.2769430357009,1.27342237492409
2025-11-04 07:00:00,-10.3562082102672,1.26119144784249
2025-11-04 08:00:00,-10.4438211318474,1.24638192402116
2025-11-04 09:00:00,-10.1771713566626,1.23864134814282
2025-11-04 10:00:00,-10.4059356130629,1.22615334096199
2025-11-04 11:00:00,-10.7118107845687,1.24331261677626
2025-11-04 12:00:00,-10.4564941904046,1.23129788109732
2025-11-04 13:00:00,-9.98352052799611,1.2182347962524
2025-11-04 14:00:00,-10.2525781006076,1.20997211341727
2025-11-04 15:00:00,-9.48332809852415,1.21307551992702
2025-11-04 16:00:00,-9.63715721585391,1.19824096114174
2025-11-04 17:00:00,-10.3307722757897,1.19159833448181
2025-11-04 18:00:00,-10.1103963963215,1.17921041631043
2025-11-04 19:00:00,-9.43901060914148,1.20796096884898
2025-11-04 20:00:00,-9.95898606528284,1.19520830518791
2025-11-04 21:00:00,-9.75558942302829,1.18622738595864
2025-11-04 22:00:00,-9.57950026126452,1.18480035639161
2025-11-04 23:00:00,-10.0084070126459,1.17028959711565
2025-11-05 00:00:00,-9.66368771288765,1.16376273068221
2025-11-05 01:00:00,-9.87458189322539,1.15088983855791
2025-11-05 02:00:00,-9.34605326189025,1.15777955906287
2025-11-05 03:00:00,-9.95858946362683,1.15577732464103
2025-11-05 04:00:00,-9.94848006004708,1.15265212633814
2025-11-05 05:00:00,-9.95685299451765,1.14471051009616
2025-11-05 06:00:00,-10.1514504729366,1.13767271685126
2025-11-05 07:00:00,-10.3003855408792,1.13602416710026
2025-11-05 08:00:00,-10.7489305860486,1.22310380913696
2025-11-05 09:00:00,-9.88287856491394,1.21027985027619
2025-11-05 10:00:00,-9.89424209896911,1.20349821324966
2025-11-05 11:00:00,-10.0406318711586,1.22374261277344
2025-11-05 12:00:00,-9.96009297649163,1.22943635594884
2025-11-05 13:00:00,-9.39304718602066,1.2206166832308
2025-11-05 14:00:00,-9.57766800346763,1.21507392597074
2025-11-05 15:00:00,-9.23039315554043,1.20121733531553
2025-11-05 16:00:00,-9.29123649871715,1.19205149022691
2025-11-05 17:00:00,-9.82445626227821,1.1953768975265
2025-11-05 18:00:00,-9.73061325991722,1.18408929707707
2025-11-05 19:00:00,-10.0208312519561,1.21367862396723
2025-11-05 20:00:00,-9.85823098735834,1.21305333939276
2025-11-05 21:00:00,-9.6185796733853,1.20232492483646
2025-11-05 22:00:00,-10.2769579053218,1.2862288669621
2025-11-05 23:00:00,-10.1911803172291,1.29529126516265
2025-11-06 00:00:00,-10.9354006010639,1.31850055440682
2025-11-06 01:00:00,-10.8053230363539,1.3062539466957
2025-11-06 02:00:00,-10.4105493766958,1.29045789414377
2025-11-06 03:00:00,-10.4973513384277,1.27519318815755
2025-11-06 04:00:00,-10.4257561238487,1.26367689008656
2025-11-06 05:00:00,-10.6746701069691,1.26458896337748
2025-11-06 06:00:00,-10.5476216728695,1.24873621352246
2025-11-06 07:00:00,-10.7568192626834,1.23991524992648
2025-11-06 08:00:00,-10.021614805122,1.23873750948833
2025-11-06 09:00:00,-10.8479318888383,1.27535428354524
2025-11-06 10:00:00,-10.6052461678038,1.26617412058995
2025-11-06 11:00:00,-10.3289557815013,1.25461504669652
2025-11-06 12:00:00,-10.8007389007125,1.30654415578892
2025-11-06 13:00:00,-9.78808069003562,1.29037647697849
2025-11-06 14:00:00,-10.0642427701394,1.2805865136759
2025-11-06 15:00:00,-9.49038393135734,1.26944865021623
2025-11-06 16:00:00,-9.77757471744303,1.2589085743656
2025-11-06 17:00:00,-9.76963965892152,1.2491976287835
2025-11-06 18:00:00,-10.1507172977843,1.23865465042332
2025-11-06 19:00:00,-9.6842627266674,1.23130766221752
2025-11-06 20:00:00,-10.2505878143509,1.24038771177471
2025-11-06 21:00:00,-10.1201012181879,1.22779523632741
2025-11-06 22:00:00,-10.0971840075808,1.21592807226026
2025-11-06 23:00:00,-10.3380026537828,1.20962826106679
2025-11-07 00:00:00,-10.5427203044606,1.20700769148469
2025-11-07 01:00:00,-10.5023523428311,1.19213451774838
2025-11-07 02:00:00,-9.9860456868323,1.19777114966557
2025-11-07 03:00:00,-10.557564817675,1.19232735974019
2025-11-07 04:00:00,-10.748467970137,1.20461241575039
2025-11-07 05:00:00,-10.3518635872496,1.19032419334333
2025-11-07 06:00:00,-10.8837621062077,1.19616151195839
2025-11-07 07:00:00,-10.9756547328442,1.19390905934156
2025-11-07 08:00:00,-10.6971865886173,1.1854422338245
2025-11-07 09:00:00,-10.9124606656051,1.19825310249975
2025-11-07 10:00:00,-10.3867997289007,1.18353072842366
2025-11-07 11:00:00,-10.2894464384228,1.17423132335072
2025-11-07 12:00:00,-10.2404573770477,1.1645771115923
2025-11-07 13:00:00,-9.70255677162316,1.15051075513488
2025-11-07 14:00:00,-10.0666392148827,1.14390983787552
2025-11-07 15:00:00,-9.18423532351114,1.16276741666619
2025-11-07 16:00:00,-9.66172191253007,1.15272970038338
2025-11-07 17:00:00,-10.0278397021931,1.13906390684039
2025-11-07 18:00:00,-9.8067598087528,1.13199422524777
2025-11-07 19:00:00,-10.3761436684232,1.15063037004329
2025-11-07 20:00:00,-10.1937350779047,1.13920898559194
2025-11-07 21:00:00,-10.1076679406261,1.12797066696004
2025-11-07 22:00:00,-10.3568903296018,1.13457637432032
2025-11-07 23:00:00,-10.350031212726,1.12468121416819
2025-11-08 00:00:00,-10.3959569920676,1.12435110361812
2025-11-08 01:00:00,-10.3012527933774,1.11101234940635
2025-11-08 02:00:00,-10.5841290725625,1.1117797851179
2025-11-08 03:00:00,-10.4781418484275,1.09962839610782
2025-11-08 04:00:00,-10.4616734282344,1.09866201495517
2025-11-08 05:00:00,-10.684940822665,1.11027877799924
2025-11-08 06:00:00,-11.1153881900279,1.1440909631705
2025-11-08 07:00:00,-10.7521838588443,1.13208817783319
2025-11-08 08:00:00,-10.4616101028282,1.12193620109939
2025-11-08 09:00:00,-10.6982361008745,1.13226137467201
2025-11-08 10:00:00,-10.6947114628439,1.14393958997383
2025-11-08 11:00:00,-10.7663093683571,1.18409245433409
2025-11-08 12:00:00,-10.3093706818579,1.17453253384593
2025-11-08 13:00:00,-9.9733169964731,1.17673915919529
2025-11-08 14:00:00,-10.5020231719041,1.21812946012572
2025-11-08 15:00:00,-10.0878819663716,1.21506275883347
2025-11-08 16:00:00,-10.2280364887691,1.23432055509602
2025-11-08 17:00:00,-10.2539866025915,1.22287675797994
2025-11-08 18:00:00,-10.6472663983856,1.25251874374487
2025-11-08 19:00:00,-10.5401189407691,1.26621329289945
2025-11-08 20:00:00,-10.041753299339,1.2505072598581
2025-11-08 21:00:00,-10.8579788805211,1.36233832326532
2025-11-08 22:00:00,-10.7760569789166,1.39817730604856
2025-11-08 23:00:00,-10.6350624046933,1.40066000986201
2025-11-09 00:00:00,-12.5592020027966,1.53059865454263
2025-11-09 01:00:00,-11.2509480810688,1.55616253779231
2025-11-09 02:00:00,-11.613058094041,1.54271101212033
2025-11-09 03:00:00,-11.6783682782527,1.52463659409119
2025-11-09 04:00:00,-11.3579215277242,1.50439956728654
2025-11-09 05:00:00,-11.4128936484877,1.48528830534911
2025-11-09 06:00:00,-11.6731435225719,1.46818939942094
2025-11-09 07:00:00,-12.1054201335529,1.47640139826833
2025-11-09 08:00:00,-11.7992922238138,1.4639998643136
2025-11-09 09:00:00,-11.9090170463854,1.46376191089066
2025-11-09 10:00:00,-11.4920812660741,1.44483150539058
2025-11-09 11:00:00,-11.2632686089401,1.42725890872858
2025-11-09 12:00:00,-11.4373943040443,1.42402434437142
2025-11-09 13:00:00,-10.9837372373304,1.41018342808535
2025-11-09 14:00:00,-11.2418882591124,1.40145532034399
2025-11-09 15:00:00,-10.2324353289419,1.42302587607185
2025-11-09 16:00:00,-10.9510765771418,1.42475453913504
2025-11-09 17:00:00,-11.2453680262738,1.40806943785286
2025-11-09 18:00:00,-11.2252339893905,1.39021431252136
2025-11-09 19:00:00,-10.7774513960413,1.37983530991113
2025-11-09 20:00:00,-10.9249225456663,1.36223569360992
2025-11-09 21:00:00,-10.9105135234351,1.34472755683721
2025-11-09 22:00:00,-11.0594033151088,1.32996215387246
2025-11-09 23:00:00,-10.7953163618534,1.32439915440003
2025-11-10 00:00:00,-10.8798467468664,1.30953644573533
2025-11-10 01:00:00,-10.6648683469064,1.3145148029641
2025-11-10 02:00:00,-11.0097409002575,1.29818429833628
2025-11-10 03:00:00,-11.2360538959665,1.28337314672332
2025-11-10 04:00:00,-11.1214906372221,1.26916855763302
2025-11-10 05:00:00,-11.1380401938925,1.25429661400997
2025-11-10 06:00:00,-11.3007208642075,1.23926708549252
2025-11-10 07:00:00,-11.569306440996,1.2333317699229
2025-11-10 08:00:00,-11.233293068426,1.21859295389174
2025-11-10 09:00:00,-11.2422567802558,1.20577322904796
2025-11-10 10:00:00,-11.1172969242985,1.19233203427357
2025-11-10 11:00:00,-11.3171293236245,1.20619049556879
2025-11-10 12:00:00,-11.4223080746239,1.22475313244892
2025-11-10 13:00:00,-11.2747398865015,1.2669647885428
2025-11-10 14:00:00,-10.6279658340066,1.25659658764564
2025-11-10 15:00:00,-10.0922738089312,1.25188445338703
2025-11-10 16:00:00,-10.3209766247964,1.23645778745332
2025-11-10 17:00:00,-11.0258347041827,1.23375418727894
2025-11-10 18:00:00,-10.9567157397956,1.21905275945901
2025-11-10 19:00:00,-10.750685911894,1.2039866943256
2025-11-10 20:00:00,-10.7030707663127,1.18929831476933
2025-11-10 21:00:00,-10.8355777399115,1.17971852386978
2025-11-10 22:00:00,-10.9031022454983,1.17097491132323
2025-11-10 23:00:00,-11.0014898665482,1.15937938806956
2025-11-11 00:00:00,-10.8529010566515,1.14648760600701
2025-11-11 01:00:00,-10.9278361778264,1.13284505708202
2025-11-11 02:00:00,-10.2138571728526,1.17804552093555
2025-11-11 03:00:00,-10.7358314447535,1.16364746744841
2025-11-11 04:00:00,-10.902559328685,1.15407637829752
2025-11-11 05:00:00,-11.0707919710746,1.14565412043936
2025-11-11 06:00:00,-11.0476660248526,1.13196924823026
2025-11-11 07:00:00,-11.0458226291303,1.11847567713132
2025-11-11 08:00:00,-10.787913262503,1.10577694927743
2025-11-11 09:00:00,-11.2907130827453,1.11674010108305
2025-11-11 10:00:00,-10.8269259165542,1.10411058797491
2025-11-11 11:00:00,-11.0515510966622,1.11399007045363
2025-11-11 12:00:00,-10.8815375807099,1.10548226229389
2025-11-11 13:00:00,-10.1739997519648,1.09332693855067
2025-11-11 14:00:00,-10.9285903812287,1.11862285849104
2025-11-11 15:00:00,-10.0289094383006,1.12018114335889
2025-11-11 16:00:00,-10.2837137674423,1.10914541955177
2025-11-11 17:00:00,-10.6647251423767,1.09702790677646
2025-11-11 18:00:00,-10.7680862983381,1.08581182221997
2025-11-11 19:00:00,-10.4800159798003,1.07360004814394
2025-11-11 20:00:00,-10.7669622913188,1.0719780745022
2025-11-11 21:00:00,-10.5671137536824,1.05949130661261
2025-11-11 22:00:00,-10.754570876539,1.05622330988551
2025-11-11 23:00:00,-10.9484735372423,1.05205907206859
2025-11-12 00:00:00,-10.7332885441584,1.04834106212926
2025-11-12 01:00:00,-10.8255670047917,1.03758114978903
2025-11-12 02:00:00,-10.7358834017713,1.02598127455821
2025-11-12 03:00:00,-10.9362174676381,1.02115119441284
2025-11-12 04:00:00,-11.1758697839909,1.05406524082153
2025-11-12 05:00:00,-11.0824186682755,1.05635440331117
2025-11-12 06:00:00,-11.5353857813465,1.09478473410712
2025-11-12 07:00:00,-11.4749186047439,1.10470783432666
2025-11-12 08:00:00,-10.9244563099995,1.09346921280645
2025-11-12 09:00:00,-10.6465584275435,1.08051862871524
2025-11-12 10:00:00,-10.4566894904724,1.06777146858015
2025-11-12 11:00:00,-10.7298188046637,1.08076954362555
2025-11-12 12:00:00,-10.623992528281,1.07676461627887
2025-11-12 13:00:00,-10.2273708440028,1.07222546714957
2025-11-12 14:00:00,-10.5230815493218,1.07541144843473
2025-11-12 15:00:00,-9.70717478451528,1.07487061178158
2025-11-12 16:00:00,-9.71790665598535,1.06320664902193
2025-11-12 17:00:00,-10.2506441059757,1.0518301880152
2025-11-12 18:00:00,-10.187734542469,1.04057892933101
2025-11-12 19:00:00,-10.2926156316787,1.03129780010511
2025-11-12 20:00:00,-10.5207442989669,1.033134196595
2025-11-12 21:00:00,-10.5835921307782,1.03554698038192
2025-11-12 22:00:00,-10.601647655963,1.0369618550096
2025-11-12 23:00:00,-10.5956420347043,1.02885052377917
2025-11-13 00:00:00,-11.0611654900171,1.03861411752736
2025-11-13 01:00:00,-10.8185039475432,1.02827021305522
2025-11-13 02:00:00,-10.6099081645541,1.01998137415218
2025-11-13 03:00:00,-11.0032294899975,1.01502593388002
2025-11-13 04:00:00,-10.2495768241112,1.02590125903393
2025-11-13 05:00:00,-10.8522634946992,1.02659979303224
2025-11-13 06:00:00,-10.8225611062758,1.01558074935271
2025-11-13 07:00:00,-10.9659011167871,1.00443577578989
2025-11-13 08:00:00,-10.9363612894084,0.997660330036118
2025-11-13 09:00:00,-10.9934504500979,0.991526495653623
2025-11-13 10:00:00,-10.1692854908106,1.01292497195767
2025-11-13 11:00:00,-10.4863771668866,1.00646042048052
2025-11-13 12:00:00,-10.8701991401488,1.02278660276631
2025-11-13 13:00:00,-10.5449008022612,1.02806106157839
2025-11-13 14:00:00,-10.4591719645694,1.0169720528411
2025-11-13 15:00:00,-9.72906629224632,1.02326513492457
2025-11-13 16:00:00,-9.88331971422277,1.01175292388379
2025-11-13 17:00:00,-10.3398220295301,1.00017796886677
2025-11-13 18:00:00,-10.5136195089351,0.989638480762464
2025-11-13 19:00:00,-10.137124770113,0.984304889627095
2025-11-13 20:00:00,-10.0623853558069,0.976661062259431
2025-11-13 21:00:00,-10.1065485852626,0.966408763468805
2025-11-13 22:00:00,-10.4066856163118,0.959986535146265
2025-11-13 23:00:00,-10.5615837203593,0.950476422769838
2025-11-14 00:00:00,-9.81415523019446,0.943047907720213
2025-11-14 01:00:00,-9.99783737216506,0.93470050990442
2025-11-14 02:00:00,-10.291705877174,0.927600726209841
2025-11-14 03:00:00,-10.5421158489363,0.925815181059219
2025-11-14 04:00:00,-10.3075050224657,0.918391251033556
2025-11-14 05:00:00,-9.39871945061891,0.975939572103868
2025-11-14 06:00:00,-10.2730026945745,0.971824686738898
2025-11-14 07:00:00,-9.97315826568235,0.975667977891839
2025-11-14 08:00:00,-9.83198779481391,0.968513969695357
2025-11-14 09:00:00,-10.0261544422174,0.957642739667808
2025-11-14 10:00:00,-9.91482164245561,0.94759805596581
2025-11-14 11:00:00,-10.1133365162294,0.947803732622686
2025-11-14 12:00:00,-9.85905830965289,0.937298871026742
2025-11-14 13:00:00,-9.28295305646264,0.929585794608609
2025-11-14 14:00:00,-9.74263534620226,0.923061370860305
2025-11-14 15:00:00,-9.29758579734337,0.917609693804095
2025-11-14 16:00:00,-9.50319606427544,0.908695488482653
2025-11-14 17:00:00,-10.1890832976742,0.915001756476726
2025-11-14 18:00:00,-10.061428294401,0.905522801778996
2025-11-14 19:00:00,-9.6928231841987,0.897840811262052
2025-11-14 20:00:00,-9.83351581157567,0.890077264080376
2025-11-14 21:00:00,-9.81581858729394,0.881378713396398
2025-11-14 22:00:00,-10.0864800836635,0.886469226155708
2025-11-14 23:00:00,-9.83260682037517,0.879150861681898
2025-11-15 00:00:00,-9.34684004735954,0.869787257661546
2025-11-15 01:00:00,-9.93074285594237,0.874184091268833
2025-11-15 02:00:00,-10.0250448755777,0.875813739461253
2025-11-15 03:00:00,-9.83569000860189,0.866681434752478
2025-11-15 04:00:00,-9.86359887867533,0.870647322371319
2025-11-15 05:00:00,-9.97731922796513,0.875626830580337
2025-11-15 06:00:00,-10.3643769745292,0.897678417658362
2025-11-15 07:00:00,-10.0028875185131,0.888071865722759
2025-11-15 08:00:00,-10.1666213976736,0.910571950635703
2025-11-15 09:00:00,-9.8805710576053,0.902566555008176
2025-11-15 10:00:00,-9.79530121747339,0.899469037974503
2025-11-15 11:00:00,-10.1179994562215,0.952141863703948
2025-11-15 12:00:00,-10.3408499975467,1.02532156337214
2025-11-15 13:00:00,-9.61749200688771,1.03218919613848
2025-11-15 14:00:00,-9.82834470406981,1.05317442849271
2025-11-15 15:00:00,-9.47952330414947,1.0539248119267
2025-11-15 16:00:00,-9.59362936628706,1.07165077693976
2025-11-15 17:00:00,-10.0414002230624,1.09787458066315
2025-11-15 18:00:00,-9.62476173569041,1.08529213457296
2025-11-15 19:00:00,-10.1336056517253,1.15384925253521
2025-11-15 20:00:00,-10.3530363679306,1.22956592530081
2025-11-15 21:00:00,-9.85776215475229,1.22715879231593
2025-11-15 22:00:00,-9.80450000854207,1.23452308881806
2025-11-15 23:00:00,-9.95443506310821,1.24425240703881
2025-11-16 00:00:00,-11.9796920204333,1.36612843481353
2025-11-16 01:00:00,-11.0939425537166,1.35604449473779
2025-11-16 02:00:00,-10.7922272069598,1.34244029666097
2025-11-16 03:00:00,-10.8963492173163,1.3253112560734
2025-11-16 04:00:00,-11.1747553597539,1.32953460499255
2025-11-16 05:00:00,-11.2590895581835,1.32482460287986
2025-11-16 06:00:00,-11.5404415594726,1.32646565620976
2025-11-16 07:00:00,-11.4828758985562,1.31647758845102
2025-11-16 08:00:00,-11.2079333497649,1.30449947183303
2025-11-16 09:00:00,-11.2339682836252,1.29621607811343
2025-11-16 10:00:00,-10.8248801205953,1.28012727657358
2025-11-16 11:00:00,-11.3033862825432,1.32227104447121
2025-11-16 12:00:00,-10.4580343460492,1.31546676847375
2025-11-16 13:00:00,-10.1812908175447,1.29930834227723
2025-11-16 14:00:00,-10.524777380715,1.28662243704342
2025-11-16 15:00:00,-11.0506005381548,1.34648054863649
2025-11-16 16:00:00,-10.1339773204423,1.34304917846014
2025-11-16 17:00:00,-10.6595967192959,1.32868192143195
2025-11-16 18:00:00,-10.6854736324494,1.31210029620986
2025-11-16 19:00:00,-10.202577421568,1.30669685536957
2025-11-16 20:00:00,-10.3477792183221,1.29012628468892
2025-11-16 21:00:00,-10.5531887052157,1.2773635702566
2025-11-16 22:00:00,-10.8524644782065,1.27931490403414
2025-11-16 23:00:00,-10.2269282758644,1.28957108787825
2025-11-17 00:00:00,-9.98400025869473,1.28008336701976
2025-11-17 01:00:00,-10.1774111591653,1.27323078117968
2025-11-17 02:00:00,-10.8072416447277,1.27141681159522
2025-11-17 03:00:00,-10.6521269390491,1.25596241226204
2025-11-17 04:00:00,-10.4716605364265,1.24025741418846
2025-11-17 05:00:00,-10.4371778004605,1.22512542282789
2025-11-17 06:00:00,-11.1582155308243,1.23910518688885
2025-11-17 07:00:00,-10.8614998904997,1.22388901843504
2025-11-17 08:00:00,-10.5609817688705,1.20880585108771
2025-11-17 09:00:00,-10.8381931845265,1.20398926208417
2025-11-17 10:00:00,-10.5685929315024,1.18925269615117
2025-11-17 11:00:00,-10.7988262053846,1.20304366132725
2025-11-17 12:00:00,-10.4841895431272,1.18953545796089
2025-11-17 13:00:00,-10.4300228384733,1.20514156770137
2025-11-17 14:00:00,-10.0324772151162,1.19469001958195
2025-11-17 15:00:00,-9.41049411075232,1.20415488697453
2025-11-17 16:00:00,-9.68985982019867,1.1893788308157
2025-11-17 17:00:00,-10.1054462201509,1.17500106526107
2025-11-17 18:00:00,-10.1599054389433,1.16133764657678
2025-11-17 19:00:00,-10.3716411694101,1.15383339672194
2025-11-17 20:00:00,-10.2326273910271,1.13990882131154
2025-11-17 21:00:00,-10.0891878387526,1.12640969817912
2025-11-17 22:00:00,-10.1993314637549,1.11410989843337
2025-11-17 23:00:00,-10.606183784968,1.1131972806781
2025-11-18 00:00:00,-10.2683913110791,1.10831237796644
2025-11-18 01:00:00,-10.0389548713736,1.10040951747984
2025-11-18 02:00:00,-10.2502266484276,1.08977319054135
2025-11-18 03:00:00,-9.92427141400648,1.0871768897317
2025-11-18 04:00:00,-9.59423984845228,1.0855587968299
2025-11-18 05:00:00,-9.97407743648647,1.07366065751624
2025-11-18 06:00:00,-10.2850228580679,1.06202288327725
2025-11-18 07:00:00,-10.4393690593282,1.05181919444506
2025-11-18 08:00:00,-10.1250615234226,1.0395664689558
2025-11-18 09:00:00,-10.1842791321374,1.02857162823628
2025-11-18 10:00:00,-9.97513190020372,1.01681824184277
2025-11-18 11:00:00,-10.1496387562698,1.01971240852593
2025-11-18 12:00:00,-10.0938058258082,1.01487089332584
2025-11-18 13:00:00,-9.45356838679352,1.0032951530763
2025-11-18 14:00:00,-10.0839871050493,1.02030796262946
2025-11-18 15:00:00,-9.33574784309698,1.01549118135225
2025-11-18 16:00:00,-9.25699543505326,1.00567964333888
2025-11-18 17:00:00,-9.93449104333937,1.00078929591629
2025-11-18 18:00:00,-9.90471408797394,0.989483808835538
2025-11-18 19:00:00,-9.99697718003779,0.9858983106535
2025-11-18 20:00:00,-9.81591204302458,0.974933392825062
2025-11-18 21:00:00,-9.90654649064436,0.969425851116578
2025-11-18 22:00:00,-10.1044544387823,0.974870131448791
2025-11-18 23:00:00,-10.1320817485542,0.968109592529809
2025-11-19 00:00:00,-10.1457954149788,0.971190148649939
2025-11-19 01:00:00,-9.8872833012656,0.964673390814129
2025-11-19 02:00:00,-10.0863575325245,0.956943129308874
2025-11-19 03:00:00,-10.1653720764596,0.948144017887792
2025-11-19 04:00:00,-10.0108612788697,0.940235007527732
2025-11-19 05:00:00,-10.1594756492517,0.937756453066293
2025-11-19 06:00:00,-10.1082264703773,0.927439266560956
2025-11-19 07:00:00,-10.3788442317895,0.925599005540883
2025-11-19 08:00:00,-10.0045947583847,0.915474611845241
2025-11-19 09:00:00,-10.2693353185226,0.919807965105589
2025-11-19 10:00:00,-10.4429693632329,0.942672900138993
2025-11-19 11:00:00,-10.2051183676517,0.948830265615843
2025-11-19 12:00:00,-10.2036427230415,0.963170810109377
2025-11-19 13:00:00,-9.66797421753841,0.961417638074074
2025-11-19 14:00:00,-9.97430861931337,0.973248268456602
2025-11-19 15:00:00,-9.4349344560345,0.962346238137306
2025-11-19 16:00:00,-9.14742654289969,0.953882020219095
2025-11-19 17:00:00,-9.83031595315375,0.953772528101321
2025-11-19 18:00:00,-9.73710736721087,0.943240569916719
2025-11-19 19:00:00,-9.65629958209307,0.934023584098192
2025-11-19 20:00:00,-9.87334072458994,0.937504169365357
2025-11-19 21:00:00,-9.69301037553599,0.928641190778624
2025-11-19 22:00:00,-9.38828034442003,0.920628440685917
2025-11-19 23:00:00,-9.96191252037232,0.928691233459871
2025-11-20 00:00:00,-10.0176397272247,0.918496099724679
2025-11-20 01:00:00,-10.3417684236607,0.911820317374792
2025-11-20 02:00:00,-10.149388269373,0.902358099999453
2025-11-20 03:00:00,-10.3589462542337,0.89580454571684
2025-11-20 04:00:00,-10.1172658875365,0.886540219327749
2025-11-20 05:00:00,-10.1114596144347,0.877275768976533
2025-11-20 06:00:00,-10.9813490815934,0.930957397925888
2025-11-20 07:00:00,-10.2721163479337,0.929197439894681
2025-11-20 08:00:00,-10.3869171504687,0.92945116086943
2025-11-20 09:00:00,-10.4162138878184,0.925593726089062
2025-11-20 10:00:00,-10.1243019942518,0.915560879034217
2025-11-20 11:00:00,-10.2659106589062,0.925614892215365
2025-11-20 12:00:00,-10.2505344977421,0.930206383904678
2025-11-20 13:00:00,-9.73281235661106,0.924390894299471
2025-11-20 14:00:00,-9.70924067516917,0.914317008630188
2025-11-20 15:00:00,-9.37687844568667,0.905074841680698
2025-11-20 16:00:00,-9.44148245003307,0.895454129359584
2025-11-20 17:00:00,-9.87627018038998,0.887306953184215
2025-11-20 18:00:00,-9.77483911198988,0.878590201847988
2025-11-20 19:00:00,-9.59578197466036,0.87046141874416
2025-11-20 20:00:00,-9.71443763992456,0.861878871705218
2025-11-20 21:00:00,-9.69944162470581,0.853003097821385
2025-11-20 22:00:00,-9.70264279521536,0.844276438446458
2025-11-20 23:00:00,-9.97033338879077,0.838591207083145
2025-11-21 00:00:00,-9.75377178256413,0.830756956623961
2025-11-21 01:00:00,-10.1676452005124,0.824980353868812
2025-11-21 02:00:00,-10.1888998583345,0.81778876696732
2025-11-21 03:00:00,-9.76609659012105,0.825423608505138
2025-11-21 04:00:00,-9.97194221780661,0.820875622432081
2025-11-21 05:00:00,-9.8779545296846,0.813075482140283
2025-11-21 06:00:00,-10.3056988802869,0.809978118135224
2025-11-21 07:00:00,-10.5802945345118,0.814927335621336
2025-11-21 08:00:00,-9.1133262512305,0.924569652446781
2025-11-21 09:00:00,-9.82838243795021,0.917124663192997
2025-11-21 10:00:00,-9.72789684517991,0.90814907647712
2025-11-21 11:00:00,-9.63818155869348,0.898298744470914
2025-11-21 12:00:00,-9.7208559235745,0.890041148779798
2025-11-21 13:00:00,-8.5484997464541,0.94352616857966
2025-11-21 14:00:00,-9.30684660400297,0.934108741377319
2025-11-21 15:00:00,-8.75988624868908,0.951488564276525
2025-11-21 16:00:00,-9.28041211357452,0.943816925878627
2025-11-21 17:00:00,-9.38752606481096,0.94067086791604
2025-11-21 18:00:00,-9.61336244405121,0.930274414159951
2025-11-21 19:00:00,-9.44629433006744,0.921971434159087
2025-11-21 20:00:00,-9.68813739608067,0.915120326265809
2025-11-21 21:00:00,-9.42675765165198,0.90788493993545
2025-11-21 22:00:00,-9.83923034568342,0.911379216707761
2025-11-21 23:00:00,-9.77050871337445,0.901495087780814
2025-11-22 00:00:00,-8.92773402847561,0.896115402015078
2025-11-22 01:00:00,-9.36074617011593,0.899525270627982
2025-11-22 02:00:00,-9.50089481929214,0.908125991017922
2025-11-22 03:00:00,-9.55572549601433,0.913117980982312
2025-11-22 04:00:00,-9.58479077366177,0.941167512469481
2025-11-22 05:00:00,-9.65937198957575,0.965386367948836
2025-11-22 06:00:00,-9.8206513570211,0.984096746502801
2025-11-22 07:00:00,-9.56885941265861,0.977443446085714
2025-11-22 08:00:00,-10.2000001930509,1.1133974189441
2025-11-22 09:00:00,-9.52123257157316,1.10366759834129
2025-11-22 10:00:00,-9.40621402948751,1.10841443624791
2025-11-22 11:00:00,-9.27492582491205,1.11801589796617
2025-11-22 12:00:00,-9.21837741402791,1.12678222737271
2025-11-22 13:00:00,-8.87727500996032,1.13842721591747
2025-11-22 14:00:00,-9.21886281300459,1.16598375769801
2025-11-22 15:00:00,-9.15932823260112,1.19975042320264
2025-11-22 16:00:00,-9.32543810549623,1.25361180748244
2025-11-22 17:00:00,-9.37620446627436,1.25888190292084
2025-11-22 18:00:00,-9.68871220085816,1.31256307967539
2025-11-22 19:00:00,-9.7962717337881,1.38928048544438
2025-11-22 20:00:00,-9.61865027662679,1.42502525736382
2025-11-22 21:00:00,-9.31571466564382,1.43123304315559
2025-11-22 22:00:00,-9.67087869050012,1.50905062986492
2025-11-22 23:00:00,-9.21757568192394,1.49342143019496
2025-11-23 00:00:00,-11.1558093298446,1.49976087200804
2025-11-23 01:00:00,-10.9775708453028,1.48001672523306
2025-11-23 02:00:00,-10.7965089906477,1.46058313781723
2025-11-23 03:00:00,-10.6863112654101,1.44299682090193
2025-11-23 04:00:00,-10.6831178388891,1.42586098587
2025-11-23 05:00:00,-10.9846404954065,1.42021083231945
2025-11-23 06:00:00,-11.0669190733616,1.40385146117641
2025-11-23 07:00:00,-11.1862968939283,1.39150622878067
2025-11-23 08:00:00,-10.6577648278158,1.37548109820093
2025-11-23 09:00:00,-10.9423162781474,1.36675090532535
2025-11-23 10:00:00,-10.8671357111458,1.35403853181384
2025-11-23 11:00:00,-10.6811824651466,1.34075038128531
2025-11-23 12:00:00,-10.6899270468016,1.33174379146705
2025-11-23 13:00:00,-10.1840066096431,1.31607596453537
2025-11-23 14:00:00,-10.2686422093744,1.29951103275189
2025-11-23 15:00:00,-10.1683702238821,1.28507015208577
2025-11-23 16:00:00,-10.5301630971009,1.29416112953422
2025-11-23 17:00:00,-10.3879170483904,1.27997520936834
2025-11-23 18:00:00,-10.6317545017174,1.26894653214955
2025-11-23 19:00:00,-10.3509810405714,1.25312109971608
2025-11-23 20:00:00,-10.3618485336324,1.23807949222543
2025-11-23 21:00:00,-10.4055376209103,1.22482415584172
2025-11-23 22:00:00,-10.5940135209393,1.22015316422922
2025-11-23 23:00:00,-10.7293100075644,1.21103419452865
2025-11-24 00:00:00,-10.7685312456598,1.19639838724527
2025-11-24 01:00:00,-10.6014554073988,1.19188497254571
2025-11-24 02:00:00,-10.6688631985384,1.17844441367834
2025-11-24 03:00:00,-10.5694270660795,1.17249638141807
2025-11-24 04:00:00,-10.4982449439127,1.15940964815958
2025-11-24 05:00:00,-10.3400666565209,1.15768271633293
2025-11-24 06:00:00,-10.5616620653805,1.14966727775943
2025-11-24 07:00:00,-10.8838875143346,1.13577027255549
2025-11-24 08:00:00,-10.7583412810723,1.12208423489053
2025-11-24 09:00:00,-10.9822547720341,1.11341948391758
2025-11-24 10:00:00,-10.365110659616,1.11777153558576
2025-11-24 11:00:00,-10.6704839350001,1.11274621750058
2025-11-24 12:00:00,-10.5387274038957,1.09960225726192
2025-11-24 13:00:00,-10.2491177784575,1.08889810658584
2025-11-24 14:00:00,-10.4219504665939,1.07689081139732
2025-11-24 15:00:00,-9.67300091078487,1.0927054536548
2025-11-24 16:00:00,-10.0282734978444,1.08009709088379
2025-11-24 17:00:00,-10.5532367238654,1.06900210766735
2025-11-24 18:00:00,-10.3301474310822,1.06250158196915
2025-11-24 19:00:00,-10.594224166236,1.05643383601423
2025-11-24 20:00:00,-10.4688111652436,1.04410982584466
2025-11-24 21:00:00,-10.6370024164863,1.03922268574401
2025-11-24 22:00:00,-11.0019654990847,1.0620271775293
2025-11-24 23:00:00,-10.8755315862001,1.05228455753272
2025-11-25 00:00:00,-10.2397778469746,1.04424479883311
2025-11-25 01:00:00,-10.6249560580927,1.04635202012526
2025-11-25 02:00:00,-10.4017263633182,1.03467442386063
2025-11-25 03:00:00,-10.6358523713437,1.03532714366161
2025-11-25 04:00:00,-10.2862238206104,1.02461331222076
2025-11-25 05:00:00,-10.3072154157218,1.01561003887359
2025-11-25 06:00:00,-10.8461789780408,1.03401843436016
2025-11-25 07:00:00,-10.9424788909285,1.04240686752088
2025-11-25 08:00:00,-10.397335065165,1.03063905294676
2025-11-25 09:00:00,-10.5471458151339,1.03176157697597
2025-11-25 10:00:00,-10.2159150761193,1.02014120412668
2025-11-25 11:00:00,-10.345829251164,1.03065701952002
2025-11-25 12:00:00,-10.5113619357205,1.05556674425736
2025-11-25 13:00:00,-9.77405039312622,1.04492098499839
2025-11-25 14:00:00,-9.95663029006221,1.0388308320402
2025-11-25 15:00:00,-9.38690166757963,1.03050452935704
2025-11-25 16:00:00,-9.59646562808202,1.02174886373945
2025-11-25 17:00:00,-10.1475281269806,1.02078121124305
2025-11-25 18:00:00,-9.8650307880171,1.01046460605352
2025-11-25 19:00:00,-10.0207521282349,1.00698825413286
2025-11-25 20:00:00,-9.67443521708874,0.997654883313291
2025-11-25 21:00:00,-10.0727828848414,1.00503151715928
2025-11-25 22:00:00,-10.1456349674478,1.00614751851141
2025-11-25 23:00:00,-9.80887621815069,0.998215672102972
2025-11-26 00:00:00,-10.4993979657141,0.998481616081434
2025-11-26 01:00:00,-10.7289136013487,0.991270923776336
2025-11-26 02:00:00,-10.5995323482824,0.980329462401085
2025-11-26 03:00:00,-10.7854937282641,0.975710413143788
2025-11-26 04:00:00,-10.3490957805321,0.965120365892742
2025-11-26 05:00:00,-10.5645589739878,0.959680593269904
2025-11-26 06:00:00,-11.084388501676,0.976005813179908
2025-11-26 07:00:00,-10.8281313721776,0.965267997505537
2025-11-26 08:00:00,-10.9848099939027,0.983992372639529
2025-11-26 09:00:00,-10.9710842049909,0.989708026274307
2025-11-26 10:00:00,-10.6723890121645,0.982524168784907
2025-11-26 11:00:00,-10.5847321293931,0.985154421778571
2025-11-26 12:00:00,-10.6872104178733,1.00087002803575
2025-11-26 13:00:00,-10.13537474164,0.996435083800105
2025-11-26 14:00:00,-10.2783801011846,0.99235115081896
2025-11-26 15:00:00,-9.62320876301614,0.987193565574981
2025-11-26 16:00:00,-9.96137950977678,0.984616511911624
2025-11-26 17:00:00,-10.3568837809804,0.97874424342482
2025-11-26 18:00:00,-9.75292920097096,0.993398623252352
2025-11-26 19:00:00,-9.94854487651517,0.98245680995856
2025-11-26 20:00:00,-10.2879193904506,0.983513513743194
2025-11-26 21:00:00,-10.0330736765666,0.972453237593537
2025-11-26 22:00:00,-10.2874322119004,0.972590887190782
2025-11-26 23:00:00,-10.6622905658743,0.985308795384003
2025-11-27 00:00:00,-10.7883878951831,0.98323949891648
2025-11-27 01:00:00,-10.9489373138008,0.97815945824129
2025-11-27 02:00:00,-10.501623660367,0.971893869518744
2025-11-27 03:00:00,-10.4613819916652,0.963100478965245
2025-11-27 04:00:00,-10.5544963073188,0.955883096964999
2025-11-27 05:00:00,-10.8954159982412,0.963157799950666
2025-11-27 06:00:00,-10.7474734066175,0.952647895378147
2025-11-27 07:00:00,-11.0524785538349,0.952842198648738
2025-11-27 08:00:00,-11.1399704175781,0.971322962433446
2025-11-27 09:00:00,-11.066955831781,0.973955163072936
2025-11-27 10:00:00,-10.6134663278153,0.96301090414295
2025-11-27 11:00:00,-10.4717588799288,0.955578003673276
2025-11-27 12:00:00,-10.9953560663586,1.00943232151933
2025-11-27 13:00:00,-10.1993650993823,0.999589589192851
2025-11-27 14:00:00,-10.2543122908937,0.989931872555747
2025-11-27 15:00:00,-10.2167913275718,0.988394854311536
2025-11-27 16:00:00,-10.256789518152,0.986403689859441
2025-11-27 17:00:00,-10.3025535049183,0.975296366052856
2025-11-27 18:00:00,-10.6939879137804,0.983351843962762
2025-11-27 19:00:00,-10.5517634036796,0.979617132040728
2025-11-27 20:00:00,-10.7705967319625,0.999539977903582
2025-11-27 21:00:00,-10.7257546139103,1.00861261256629
2025-11-27 22:00:00,-10.9234506884535,1.04227774452033
2025-11-27 23:00:00,-10.5852806910293,1.03081214205383
2025-11-28 00:00:00,-11.3130675278602,1.03648518403262
2025-11-28 01:00:00,-11.6272117896126,1.04377213100314
2025-11-28 02:00:00,-11.285603196563,1.03173340263319
2025-11-28 03:00:00,-11.2406035254696,1.02015628190008
2025-11-28 04:00:00,-11.4274702432761,1.03317416507158
2025-11-28 05:00:00,-11.5086216529748,1.03872636625963
2025-11-28 06:00:00,-11.5024077505224,1.03031894911928
2025-11-28 07:00:00,-11.6397839704563,1.02992441053787
2025-11-28 08:00:00,-11.0715245682069,1.01887509415609
2025-11-28 09:00:00,-10.9150455454215,1.00839327407317
2025-11-28 10:00:00,-11.1753770249068,1.00792468702841
2025-11-28 11:00:00,-10.9658355934056,0.999104897626422
2025-11-28 12:00:00,-10.7514840517183,0.987745328543749
2025-11-28 13:00:00,-11.1483613168581,1.0574688226761
2025-11-28 14:00:00,-10.3714367228663,1.06395952076148
2025-11-28 15:00:00,-10.0525401182595,1.05772307270382
2025-11-28 16:00:00,-10.3532938770751,1.04694549500541
2025-11-28 17:00:00,-10.355118540035,1.04676609465099
2025-11-28 18:00:00,-10.6557118165878,1.03469189228137
2025-11-28 19:00:00,-10.5541341352589,1.0229846146138
2025-11-28 20:00:00,-10.9164232509163,1.02495297891414
2025-11-28 21:00:00,-11.117269500598,1.0359561290853
2025-11-28 22:00:00,-10.9022163962015,1.02661805218377
2025-11-28 23:00:00,-11.2840350525919,1.03955705963454
2025-11-29 00:00:00,-11.1743599607822,1.04245313924657
2025-11-29 01:00:00,-11.3838279774887,1.04311383795205
2025-11-29 02:00:00,-11.5141203066842,1.05558100000168
2025-11-29 03:00:00,-11.0727163307401,1.04382244641168
2025-11-29 04:00:00,-11.7469694525652,1.13806037807434
2025-11-29 05:00:00,-11.5353381846447,1.14527317236524
2025-11-29 06:00:00,-11.7421534867638,1.16359658047523
2025-11-29 07:00:00,-11.0956144995674,1.15365946265149
2025-11-29 08:00:00,-11.2447232536426,1.1575502780752
2025-11-29 09:00:00,-11.3031258994772,1.15719301468264
2025-11-29 10:00:00,-11.3489069462413,1.16858084440616
2025-11-29 11:00:00,-11.1752745676162,1.17497143140795
2025-11-29 12:00:00,-11.2530192803818,1.1974789858117
2025-11-29 13:00:00,-10.6859237522342,1.19470289335077
2025-11-29 14:00:00,-11.3416903671599,1.26239730865791
2025-11-29 15:00:00,-11.4779025851672,1.35722798915771
2025-11-29 16:00:00,-10.6805412814035,1.34044536476258
2025-11-29 17:00:00,-11.0381475052618,1.33890299600093
2025-11-29 18:00:00,-10.780336736808,1.32198495237458
2025-11-29 19:00:00,-10.8092715257678,1.31437018883057
2025-11-29 20:00:00,-11.0430700430951,1.32696174439494
2025-11-29 21:00:00,-10.9788854302805,1.32691666058487
2025-11-29 22:00:00,-11.2595047057896,1.36285149347489
2025-11-29 23:00:00,-11.0688296574467,1.35225472179088
2025-11-30 00:00:00,-12.4427795104714,1.35999279812836
2025-11-30 01:00:00,-12.6522102344174,1.36051567259078
2025-11-30 02:00:00,-12.5898733302411,1.35568549013302
2025-11-30 03:00:00,-12.3922790477685,1.33964685292058
2025-11-30 04:00:00,-11.577708777654,1.34421445765576
2025-11-30 05:00:00,-12.7280580878026,1.4218897028653
2025-11-30 06:00:00,-12.6374354881998,1.41018469178242
2025-11-30 07:00:00,-12.4043812234146,1.392048368319
2025-11-30 08:00:00,-12.1600072908081,1.37494456374475
2025-11-30 09:00:00,-11.5392890091447,1.38659917097453
2025-11-30 10:00:00,-11.8019841017777,1.36926091191194
2025-11-30 11:00:00,-11.8994656511619,1.35726533859214
2025-11-30 12:00:00,-12.1102955354595,1.35859326786431
2025-11-30 13:00:00,-11.2586715147034,1.34450450616483
2025-11-30 14:00:00,-11.3276680124885,1.32945232607922
2025-11-30 15:00:00,-11.4138219040044,1.31506857019537
2025-11-30 16:00:00,-11.5505084667077,1.30279861631424
2025-11-30 17:00:00,-11.8115148542912,1.28688262247079
2025-11-30 18:00:00,-11.8371268368029,1.27108701879792
2025-11-30 19:00:00,-11.9119785011929,1.26242555084772
2025-11-30 20:00:00,-11.9640682851359,1.25534987456726
2025-11-30 21:00:00,-11.724372706138,1.23983478710979
2025-11-30 22:00:00,-11.6429514102348,1.22451752347142
2025-11-30 23:00:00,-12.0380599401,1.22056499226016
2025-12-01 00:00:00,-11.2828619298555,1.22319216828117
2025-12-01 01:00:00,-10.9132727658514,1.28075430535355
2025-12-01 02:00:00,-11.6153105203809,1.26591872368548
2025-12-01 03:00:00,-11.1671757099416,1.29582173333695
2025-12-01 04:00:00,-11.1741295416691,1.28747678930728
2025-12-01 05:00:00,-11.4555482125864,1.27188524179708
2025-12-01 06:00:00,-11.5352300150778,1.26432080179109
2025-12-01 07:00:00,-11.7104259125586,1.25022855495192
2025-12-01 08:00:00,-11.7612537368019,1.23535403053274
2025-12-01 09:00:00,-11.5730802808566,1.22378847635804
2025-12-01 10:00:00,-11.5511937840413,1.20879370600498
2025-12-01 11:00:00,-12.0415830239844,1.23560468013273
2025-12-01 12:00:00,-11.5249514949017,1.22095563483541
2025-12-01 13:00:00,-10.1860217082421,1.29730389473826
2025-12-01 14:00:00,-11.1393814299163,1.28531442566154
2025-12-01 15:00:00,-10.8557079461969,1.2733674079892
2025-12-01 16:00:00,-10.292619847961,1.31688067132606
2025-12-01 17:00:00,-10.7306260607087,1.32100055970197
2025-12-01 18:00:00,-10.935484601648,1.31573551539103
2025-12-01 19:00:00,-10.7881201909066,1.31845889703983
2025-12-01 20:00:00,-10.9455458607655,1.30654105117999
2025-12-01 21:00:00,-11.096219672001,1.29081217680258
2025-12-01 22:00:00,-10.8180814970446,1.29523585821635
2025-12-01 23:00:00,-11.0882361802499,1.28358848217355
2025-12-02 00:00:00,-9.4064066061052,1.26992665976384
2025-12-02 01:00:00,-10.3757496008354,1.28811247200554
2025-12-02 02:00:00,-10.2376196066112,1.2742129070302
2025-12-02 03:00:00,-10.3523780828959,1.26592789882562
2025-12-02 04:00:00,-9.72489060976817,1.25481605388474
2025-12-02 05:00:00,-10.5922674662516,1.31105514369677
2025-12-02 06:00:00,-10.8346387237892,1.33009879951526
2025-12-02 07:00:00,-10.7635717390311,1.33161942535926
2025-12-02 08:00:00,-10.7691040525462,1.36244643376166
2025-12-02 09:00:00,-10.0735909224933,1.34633664192566
2025-12-02 10:00:00,-10.1638228176022,1.34079807450391
2025-12-02 11:00:00,-10.1531396882317,1.34395955952019
2025-12-02 12:00:00,-10.0452592068132,1.33858173237498
2025-12-02 13:00:00,-9.86827690235851,1.35399513179792
2025-12-02 14:00:00,-10.0792240255194,1.36263778103573
2025-12-02 15:00:00,-9.29328292942156,1.34809446322678
2025-12-02 16:00:00,-9.23230147114241,1.33083966360308
2025-12-02 17:00:00,-9.66530444551301,1.31510707058265
2025-12-02 18:00:00,-9.71370807082493,1.29878123501282
2025-12-02 19:00:00,-10.1948721319628,1.33055837001831
2025-12-02 20:00:00,-10.1361854894225,1.33389506500436
2025-12-02 21:00:00,-9.55236707650749,1.31856068339842
2025-12-02 22:00:00,-10.1112465190526,1.34762022053573
2025-12-02 23:00:00,-9.9680059477105,1.33296054506958
2025-12-03 00:00:00,-10.8653304607122,1.35067578724453
2025-12-03 01:00:00,-10.4742998072312,1.33752441226581
2025-12-03 02:00:00,-10.5871604691094,1.32232431431227
2025-12-03 03:00:00,-10.1005250165143,1.32822964937271
2025-12-03 04:00:00,-10.9095409844907,1.37407607410277
2025-12-03 05:00:00,-10.5009310022567,1.3565523412698
2025-12-03 06:00:00,-10.6550039385787,1.33982533408337
2025-12-03 07:00:00,-10.5304267995491,1.32389479909759
2025-12-03 08:00:00,-10.436382788637,1.30745214142643
2025-12-03 09:00:00,-10.8230154835321,1.31153080306281
2025-12-03 10:00:00,-10.6886843117752,1.30238485782089
2025-12-03 11:00:00,-10.4910850826102,1.29288920013489
2025-12-03 12:00:00,-10.544772980562,1.29259060877153
2025-12-03 13:00:00,-10.318014544714,1.30265431886479
2025-12-03 14:00:00,-10.6523131284051,1.32268862819376
2025-12-03 15:00:00,-9.233019395936,1.37051099407761
2025-12-03 16:00:00,-9.72239101993471,1.35615307530405
2025-12-03 17:00:00,-10.1433228639055,1.33953992711711
2025-12-03 18:00:00,-10.1271044059797,1.32247833628438
2025-12-03 19:00:00,-9.86627587612056,1.30842113554809
2025-12-03 20:00:00,-10.4673602386,1.32461239394805
2025-12-03 21:00:00,-10.5184083438357,1.32625426078442
2025-12-03 22:00:00,-10.3765850058695,1.31560259177331
2025-12-03 23:00:00,-10.3746767174668,1.30098371079439
2025-12-04 00:00:00,-10.1690407114185,1.28577934139219
2025-12-04 01:00:00,-10.2999469416585,1.26960207481405
2025-12-04 02:00:00,-10.0992875220735,1.25646312778273
2025-12-04 03:00:00,-10.3753100126688,1.24309142214177
2025-12-04 04:00:00,-10.4430850925308,1.23944897404683
2025-12-04 05:00:00,-11.1449475814051,1.31932686568528
2025-12-04 06:00:00,-10.6470427488413,1.30254967621906
2025-12-04 07:00:00,-10.7400052717197,1.29352297172241
2025-12-04 08:00:00,-10.7178592399966,1.29694227815489
2025-12-04 09:00:00,-10.3565827369957,1.28053616108887
2025-12-04 10:00:00,-10.3305441348984,1.26907897193383
2025-12-04 11:00:00,-10.6809590386842,1.31026070432892
2025-12-04 12:00:00,-10.2568952674595,1.29671875398076
2025-12-04 13:00:00,-10.2578215270147,1.330757159377
2025-12-04 14:00:00,-10.1512119678617,1.31968318993057
2025-12-04 15:00:00,-9.60740343405351,1.30327550987478
2025-12-04 16:00:00,-9.402168932127,1.28890006276896
2025-12-04 17:00:00,-10.1527227479942,1.28648068553599
2025-12-04 18:00:00,-10.2715417172668,1.27815793162502
2025-12-04 19:00:00,-9.90999645219351,1.26210029027183
2025-12-04 20:00:00,-9.56358096902651,1.25303837284616
2025-12-04 21:00:00,-10.4887020635529,1.3160474038953
2025-12-04 22:00:00,-10.2116762457786,1.30500786500713
2025-12-04 23:00:00,-10.373843544138,1.3014124960959
2025-12-05 00:00:00,-11.1202548799009,1.34526920829237
2025-12-05 01:00:00,-10.7718716819784,1.32805021656927
2025-12-05 02:00:00,-10.8361297347841,1.31829393608667
2025-12-05 03:00:00,-10.9176436514855,1.30947822558885
2025-12-05 04:00:00,-10.6998227742664,1.2985160939596
2025-12-05 05:00:00,-10.7145055513903,1.28768893423813
2025-12-05 06:00:00,-11.1244185640172,1.29457883373566
2025-12-05 07:00:00,-11.2347375429234,1.29816184342011
2025-12-05 08:00:00,-10.8331004956629,1.2858804148153
2025-12-05 09:00:00,-11.3214249082265,1.33630279057838
2025-12-05 10:00:00,-10.2296925877495,1.33777895847493
2025-12-05 11:00:00,-10.5972226819909,1.34782161316466
2025-12-05 12:00:00,-10.2696317135247,1.33070319927252
2025-12-05 13:00:00,-10.3170905798736,1.34819807382591
2025-12-05 14:00:00,-10.1365715702487,1.33098057883398
2025-12-05 15:00:00,-9.85641994774882,1.31408329389876
2025-12-05 16:00:00,-9.83947880035203,1.29763295752293
2025-12-05 17:00:00,-9.88380774220306,1.28799556530577
2025-12-05 18:00:00,-10.2454715786389,1.27464368950459
2025-12-05 19:00:00,-10.2191960173854,1.26061344246128
2025-12-05 20:00:00,-10.3377847643073,1.25242071426938
2025-12-05 21:00:00,-10.4142142515162,1.24824754345804
2025-12-05 22:00:00,-10.6894259284002,1.26834731225365
2025-12-05 23:00:00,-10.4863227492967,1.25391354048623
2025-12-06 00:00:00,-11.0902196617937,1.2689673121277
2025-12-06 01:00:00,-11.1844193904163,1.26136446602732
2025-12-06 02:00:00,-11.2987644849092,1.26603967593227
2025-12-06 03:00:00,-11.615909845848,1.29935262453547
2025-12-06 04:00:00,-10.8317369312145,1.28305162801891
2025-12-06 05:00:00,-11.2355071264814,1.30143929434457
2025-12-06 06:00:00,-11.6964013938469,1.34019366143869
2025-12-06 07:00:00,-11.696817549827,1.35576261833985
2025-12-06 08:00:00,-11.3914441384623,1.36072799528009
2025-12-06 09:00:00,-11.039929295086,1.34542146493832
2025-12-06 10:00:00,-11.0482690603108,1.3436358158193
2025-12-06 11:00:00,-11.3399828684108,1.39983866023458
2025-12-06 12:00:00,-11.2233130129355,1.42123179258233
2025-12-06 13:00:00,-11.4974299596507,1.58316152374862
2025-12-06 14:00:00,-11.208747555902,1.59550299222158
2025-12-06 15:00:00,-10.2414077349977,1.5753492814619
2025-12-06 16:00:00,-10.2604197946865,1.55823845344029
2025-12-06 17:00:00,-11.3306683287147,1.63325251194886
2025-12-06 18:00:00,-10.9642200067844,1.61734474422777
2025-12-06 19:00:00,-11.0730137643928,1.63566788640691
2025-12-06 20:00:00,-10.6585873419033,1.61565519080344
2025-12-06 21:00:00,-11.1250727946533,1.66181419579839
2025-12-06 22:00:00,-11.2191922248404,1.6946189603608
2025-12-06 23:00:00,-11.0336103420264,1.68407949460703
2025-12-07 00:00:00,-12.1967088417314,1.66585811859483
2025-12-07 01:00:00,-12.0916975502813,1.64371182614554
2025-12-07 02:00:00,-12.3433027711503,1.63143518646035
2025-12-07 03:00:00,-12.2187142733409,1.60954461108945
2025-12-07 04:00:00,-12.3097139618151,1.6041189008002
2025-12-07 05:00:00,-12.2995541808779,1.58936218949208
2025-12-07 06:00:00,-12.6389438866419,1.58729408936107
2025-12-07 07:00:00,-12.4402808952388,1.56696451761134
2025-12-07 08:00:00,-12.0802227892615,1.54602687773691
2025-12-07 09:00:00,-12.0749492048395,1.5260815480911
2025-12-07 10:00:00,-11.7520866535236,1.50828273541947
2025-12-07 11:00:00,-11.7539452929083,1.48969311932115
2025-12-07 12:00:00,-12.0907006914416,1.4934483765085
2025-12-07 13:00:00,-11.3138954339246,1.47470014755464
2025-12-07 14:00:00,-11.2155109866574,1.46256968622438
2025-12-07 15:00:00,-10.5885002672699,1.48786343719327
2025-12-07 16:00:00,-10.5722284885747,1.49502539525617
2025-12-07 17:00:00,-11.3072582995751,1.4760121104082
2025-12-07 18:00:00,-11.0205694813401,1.49338478762678
2025-12-07 19:00:00,-11.4504977744809,1.47455348823326
2025-12-07 20:00:00,-11.573894110026,1.45557615664475
2025-12-07 21:00:00,-11.8693689696084,1.44958937736
2025-12-07 22:00:00,-10.9641835764596,1.48376578379011
2025-12-07 23:00:00,-10.930428685251,1.49858614576674
2025-12-08 00:00:00,-9.9841150075609,1.48022303280385
2025-12-08 01:00:00,-10.60888174224,1.46301192890638
2025-12-08 02:00:00,-10.2915341969443,1.45569584827789
2025-12-08 03:00:00,-10.9581177084332,1.45588515747193
2025-12-08 04:00:00,-10.7159124310804,1.43912570356911
2025-12-08 05:00:00,-11.0303305635413,1.4436135739002
2025-12-08 06:00:00,-11.1182749748525,1.43203243412294
2025-12-08 07:00:00,-11.2323117521776,1.42621349644497
2025-12-08 08:00:00,-10.7908098617921,1.40813763753498
2025-12-08 09:00:00,-11.0212209160231,1.40764019105812
2025-12-08 10:00:00,-11.1190419941012,1.41943399349113
2025-12-08 11:00:00,-10.8940755772352,1.41892421766902
2025-12-08 12:00:00,-10.8997930364583,1.42731786091301
2025-12-08 13:00:00,-10.6657347595335,1.44985145189106
2025-12-08 14:00:00,-10.5662206791673,1.43807939302423
2025-12-08 15:00:00,-9.52409406654838,1.45229563477051
2025-12-08 16:00:00,-9.64839336934606,1.43472453648506
2025-12-08 17:00:00,-10.2579061661982,1.41754599933672
2025-12-08 18:00:00,-10.5204020227055,1.40486955084585
2025-12-08 19:00:00,-10.1936303041864,1.38720824547752
2025-12-08 20:00:00,-10.3974392883645,1.37612489981826
2025-12-08 21:00:00,-10.4106302390492,1.36346121557459
2025-12-08 22:00:00,-10.4815746348906,1.35420922629689
2025-12-08 23:00:00,-10.7567757490299,1.3529913684233
2025-12-09 00:00:00,-10.9489683421308,1.36072171139616
2025-12-09 01:00:00,-10.9200571154882,1.34569302050488
2025-12-09 02:00:00,-10.7463233612536,1.32878223690665
2025-12-09 03:00:00,-10.9378842042264,1.31949583084492
2025-12-09 04:00:00,-10.5784419405376,1.30286584536028
2025-12-09 05:00:00,-10.5449774995228,1.28651231950828
2025-12-09 06:00:00,-10.8999203955264,1.27614789520851
2025-12-09 07:00:00,-10.9516147119832,1.26281764532059
2025-12-09 08:00:00,-10.9959733437616,1.26488355991498
2025-12-09 09:00:00,-11.2047847411206,1.28158132776047
2025-12-09 10:00:00,-10.9725295546909,1.27772000038339
2025-12-09 11:00:00,-10.4789147907715,1.26198699119016
2025-12-09 12:00:00,-10.9341060585273,1.30032638007339
2025-12-09 13:00:00,-10.3431081837491,1.29343810779695
2025-12-09 14:00:00,-10.4104148003497,1.28322741455434
2025-12-09 15:00:00,-10.2631486397432,1.27633924809187
2025-12-09 16:00:00,-9.41980539833657,1.29770824747553
2025-12-09 17:00:00,-10.127061676757,1.28220576065527
2025-12-09 18:00:00,-10.2140497360223,1.26606412240487
2025-12-09 19:00:00,-10.259359881655,1.25202813688556
2025-12-09 20:00:00,-10.5130603465692,1.25151520627286
2025-12-09 21:00:00,-9.99504595609393,1.24146655414437
2025-12-09 22:00:00,-10.067814434638,1.22605122022473
2025-12-09 23:00:00,-10.5446534715745,1.22338828695744
2025-12-10 00:00:00,-10.6331350780026,1.21863934711793
2025-12-10 01:00:00,-10.5181111562766,1.20444825439853
2025-12-10 02:00:00,-10.7471040727389,1.19687179515378
2025-12-10 03:00:00,-10.7490636382859,1.18403961446402
2025-12-10 04:00:00,-10.9750651844576,1.20549243612567
2025-12-10 05:00:00,-10.8823138095221,1.20081513162353
2025-12-10 06:00:00,-11.369037508305,1.2330460078468
2025-12-10 07:00:00,-11.3884404901214,1.24530184125001
2025-12-10 08:00:00,-11.0170543316568,1.24189547736521
2025-12-10 09:00:00,-11.0564165397877,1.24825737593536
2025-12-10 10:00:00,-10.748959679599,1.23791432109634
2025-12-10 11:00:00,-10.3141799177091,1.22258365020312
2025-12-10 12:00:00,-10.6904449264136,1.2432903380305
2025-12-10 13:00:00,-10.2345912212815,1.23981166829163
2025-12-10 14:00:00,-10.7291313786591,1.27256879364549
2025-12-10 15:00:00,-10.6849457519049,1.30617072453967
2025-12-10 16:00:00,-10.2020082450124,1.29148260807777
2025-12-10 17:00:00,-10.4595298204063,1.28037068617536
2025-12-10 18:00:00,-10.7245215140639,1.28693323167723
2025-12-10 19:00:00,-9.84513656472275,1.28950461765929
2025-12-10 20:00:00,-9.53832373136832,1.29271540349729
2025-12-10 21:00:00,-9.36741804919461,1.30009862447038
2025-12-10 22:00:00,-10.0245978641418,1.29110792373129
2025-12-10 23:00:00,-10.1195914918785,1.2748497070675
2025-12-11 00:00:00,-10.4394704523309,1.28475308698574
2025-12-11 01:00:00,-10.4566089396668,1.26933651835026
2025-12-11 02:00:00,-10.3906821130698,1.254155815839
2025-12-11 03:00:00,-10.7462123474191,1.25817968528154
2025-12-11 04:00:00,-10.3089337691993,1.24281895846277
2025-12-11 05:00:00,-10.6198773400632,1.24858966086217
2025-12-11 06:00:00,-10.8704065850283,1.2510339835052
2025-12-11 07:00:00,-10.7335293564716,1.2387680578605
2025-12-11 08:00:00,-11.1589515870248,1.30809589432863
2025-12-11 09:00:00,-10.7112429538854,1.29642502707136
2025-12-11 10:00:00,-10.6528786341382,1.29861714264666
2025-12-11 11:00:00,-10.6003390841304,1.31239289561453
2025-12-11 12:00:00,-10.9128231901478,1.37854459678442
2025-12-11 13:00:00,-10.1583914821338,1.37376974505382
2025-12-11 14:00:00,-10.5496793878613,1.40612283611759
2025-12-11 15:00:00,-9.48778186918926,1.39930475398219
2025-12-11 16:00:00,-9.56972144301086,1.38177362564593
2025-12-11 17:00:00,-10.0160127882917,1.36659197238155
2025-12-11 18:00:00,-10.5297771464508,1.38607625988057
2025-12-11 19:00:00,-9.7048021832799,1.37936632356434
2025-12-11 20:00:00,-9.85945148397127,1.36334792206187
2025-12-11 21:00:00,-9.89603801628768,1.34779148053247
2025-12-11 22:00:00,-9.62349538939706,1.33359154959199
2025-12-11 23:00:00,-9.98975488534206,1.31925264493873
2025-12-12 00:00:00,-10.7649335755947,1.32829303653058
2025-12-12 01:00:00,-10.4505944012191,1.31705180884827
2025-12-12 02:00:00,-10.7036591378083,1.305378836751
2025-12-12 03:00:00,-10.5822945075347,1.28906312607921
2025-12-12 04:00:00,-10.6388192454278,1.28047305480326
2025-12-12 05:00:00,-11.1597087474927,1.31601556776807
2025-12-12 06:00:00,-10.9047862029435,1.29966631815269
2025-12-12 07:00:00,-11.2702846498147,1.31313973853942
2025-12-12 08:00:00,-10.8419411803252,1.29973776338525
2025-12-12 09:00:00,-11.1243726856905,1.31720047082143
2025-12-12 10:00:00,-10.6317888356303,1.30075711910972
2025-12-12 11:00:00,-10.9536479335424,1.33853211570195
2025-12-12 12:00:00,-10.9736999633703,1.362944292072
2025-12-12 13:00:00,-10.3325768207367,1.35597154261845
2025-12-12 14:00:00,-10.6376705749031,1.36741822604884
2025-12-12 15:00:00,-10.0983887182371,1.35054550269282
2025-12-12 16:00:00,-9.4911507861486,1.35198481409223
2025-12-12 17:00:00,-10.0245729004669,1.33464945498985
2025-12-12 18:00:00,-10.0887629696241,1.3180808561024
2025-12-12 19:00:00,-10.1714724361935,1.30298467307698
2025-12-12 20:00:00,-10.3799893601174,1.29670099909462
2025-12-12 21:00:00,-10.3335077434274,1.28503341866972
2025-12-12 22:00:00,-10.756992497202,1.31518497594809
2025-12-12 23:00:00,-11.1076610366627,1.35412042521173
2025-12-13 00:00:00,-11.5456273507202,1.41263406697009
2025-12-13 01:00:00,-11.975831863769,1.49462574582233
2025-12-13 02:00:00,-11.3665040632272,1.48184728105009
2025-12-13 03:00:00,-11.6649669752303,1.52006837675036
2025-12-13 04:00:00,-11.4775634676536,1.54456369530583
2025-12-13 05:00:00,-11.6254333190577,1.58784767421027
2025-12-13 06:00:00,-11.9758789552053,1.6530860148127
2025-12-13 07:00:00,-12.0305138671661,1.7043005275919
2025-12-13 08:00:00,-12.0042589764227,1.78897994764792
2025-12-13 09:00:00,-11.2368152219976,1.76695435221674
2025-12-13 10:00:00,-11.5200373839151,1.81623748084946
2025-12-13 11:00:00,-11.3991733752975,1.8514280332786
2025-12-13 12:00:00,-11.2510701958354,1.87023295033859
2025-12-13 13:00:00,-10.7942019173085,1.8811346791627
2025-12-13 14:00:00,-11.0591515580698,1.90517604234559
2025-12-13 15:00:00,-10.4107692232303,1.88091041091542
2025-12-13 16:00:00,-11.165666019087,1.98479812167911
2025-12-13 17:00:00,-11.4144534960499,2.01537384433789
2025-12-13 18:00:00,-11.3027484481887,2.02431074535284
2025-12-13 19:00:00,-11.4032551688783,2.07558979692194
2025-12-13 20:00:00,-11.3348282101703,2.10698680500396
2025-12-13 21:00:00,-11.3920607500298,2.15652238076526
2025-12-13 22:00:00,-11.1007656415111,2.1557624077931
2025-12-13 23:00:00,-11.1400691611297,2.15441758726981
2025-12-14 00:00:00,-13.8966245874503,2.21105315167504
2025-12-14 01:00:00,-12.7076796382989,2.2319794736817
2025-12-14 02:00:00,-12.8172817037191,2.2006876597873
2025-12-14 03:00:00,-13.1280285208547,2.17130828492148
2025-12-14 04:00:00,-13.9732317620914,2.27562110600926
2025-12-14 05:00:00,-12.8466727603303,2.26354237121733
2025-12-14 06:00:00,-13.3440982375937,2.24005977137393
2025-12-14 07:00:00,-13.3533525371394,2.20940269537934
2025-12-14 08:00:00,-13.1348288972786,2.17904175102422
2025-12-14 09:00:00,-13.0759877408704,2.14835212127526
2025-12-14 10:00:00,-13.155937901586,2.12604285273494
2025-12-14 11:00:00,-12.1437834064342,2.14099030627692
2025-12-14 12:00:00,-11.7104323516371,2.16810674648269
2025-12-14 13:00:00,-11.7952000806805,2.13875934443831
2025-12-14 14:00:00,-12.3775945461616,2.10938141189023
2025-12-14 15:00:00,-11.8452135305485,2.09836505421599
2025-12-14 16:00:00,-12.1677045429368,2.0686259299769
2025-12-14 17:00:00,-12.0161895011199,2.0757158204152
2025-12-14 18:00:00,-12.0954253306511,2.06254429309173
2025-12-14 19:00:00,-12.2368795726755,2.03545060311004
2025-12-14 20:00:00,-12.2927565754295,2.00867004831747
2025-12-14 21:00:00,-12.1850837698699,1.98679602001908
2025-12-14 22:00:00,-12.4252004449248,1.95887371465245
2025-12-14 23:00:00,-12.1576773160434,1.9561319976592
2025-12-15 00:00:00,-10.8602782572459,1.93618062621078
2025-12-15 01:00:00,-11.4006003498263,1.90903544032788
2025-12-15 02:00:00,-11.2463597010446,1.88964662259702
2025-12-15 03:00:00,-11.195482304856,1.87337992840994
2025-12-15 04:00:00,-11.5692004803815,1.85763914405554
2025-12-15 05:00:00,-11.4750694559942,1.83180295283532
2025-12-15 06:00:00,-11.8617018565947,1.81239150061001
2025-12-15 07:00:00,-11.8158210947501,1.78756252776282
2025-12-15 08:00:00,-11.9369579584308,1.78120278339622
2025-12-15 09:00:00,-11.8395185810588,1.76139038782989
2025-12-15 10:00:00,-11.8402137926164,1.75021876942435
2025-12-15 11:00:00,-11.3292449801031,1.72629189832416
2025-12-15 12:00:00,-11.4513665459235,1.71109284094891
2025-12-15 13:00:00,-10.9802412948028,1.68905086888181
2025-12-15 14:00:00,-11.1813202808361,1.66839921682722
2025-12-15 15:00:00,-10.1624044500445,1.70585259197888
2025-12-15 16:00:00,-10.1555976330979,1.70473607875155
2025-12-15 17:00:00,-10.8640697983568,1.68196092522515
2025-12-15 18:00:00,-10.9108563974018,1.66407717819078
2025-12-15 19:00:00,-10.7377866182841,1.65014318009627
2025-12-15 20:00:00,-10.71901517293,1.63420633015729
2025-12-15 21:00:00,-10.8378533882705,1.61299805478459
2025-12-15 22:00:00,-11.0334451309306,1.5916647637331
2025-12-15 23:00:00,-11.3862180332193,1.57490675703736
2025-12-16 00:00:00,-10.3183868083974,1.55398699441688
2025-12-16 01:00:00,-10.8963470339391,1.5520173669199
2025-12-16 02:00:00,-10.6164651173862,1.53131375920205
2025-12-16 03:00:00,-10.7952782626062,1.51674488688604
2025-12-16 04:00:00,-10.8265610641797,1.51496935341078
2025-12-16 05:00:00,-10.4471555658106,1.49566821676302
2025-12-16 06:00:00,-11.1207452500139,1.51011410308518
2025-12-16 07:00:00,-10.9961632037867,1.49413796873599
2025-12-16 08:00:00,-10.5526594739195,1.47440707267502
2025-12-16 09:00:00,-10.6713034099636,1.46030990281605
2025-12-16 10:00:00,-11.4188185776568,1.56134873859513
2025-12-16 11:00:00,-10.1104286405515,1.55918751432456
2025-12-16 12:00:00,-10.4994667774908,1.56083645824808
2025-12-16 13:00:00,-10.129706599888,1.54958039908555
2025-12-16 14:00:00,-9.8505441348404,1.53315660583597
2025-12-16 15:00:00,-9.80036967982217,1.51346352121344
2025-12-16 16:00:00,-9.93955800836767,1.49689838607175
2025-12-16 17:00:00,-10.5522359683945,1.49560358821417
2025-12-16 18:00:00,-10.5300442188171,1.48152820786594
2025-12-16 19:00:00,-10.2757749691854,1.46313635671872
2025-12-16 20:00:00,-10.4481522188925,1.45855152695398
2025-12-16 21:00:00,-10.4278935216661,1.44977490843833
2025-12-16 22:00:00,-10.8301064909122,1.48741484209787
2025-12-16 23:00:00,-10.7646261322213,1.48210381937424
2025-12-17 00:00:00,-11.367190801585,1.4939541204723
2025-12-17 01:00:00,-11.3568956243713,1.48051176079791
2025-12-17 02:00:00,-10.9450675256507,1.46227040718059
2025-12-17 03:00:00,-11.2441500288726,1.45278196831586
2025-12-17 04:00:00,-11.1498610730535,1.44397384089662
2025-12-17 05:00:00,-11.0073301462854,1.42617295589419
2025-12-17 06:00:00,-11.0699709357821,1.40769811572038
2025-12-17 07:00:00,-11.667664666432,1.43179450875542
2025-12-17 08:00:00,-10.8319961381022,1.41880534553459
2025-12-17 09:00:00,-11.2346977883549,1.41992083798109
2025-12-17 10:00:00,-11.02517919881,1.40450838997639
2025-12-17 11:00:00,-10.5823750568207,1.38677709911386
2025-12-17 12:00:00,-10.9622216010135,1.39456065797623
2025-12-17 13:00:00,-10.4948648112179,1.38232772785346
2025-12-17 14:00:00,-10.4964733810626,1.36488122120942
2025-12-17 15:00:00,-9.24076980808839,1.45687695388878
2025-12-17 16:00:00,-9.53910877512763,1.44845785685251
2025-12-17 17:00:00,-10.2131290153727,1.43008448954746
2025-12-17 18:00:00,-10.4485933978296,1.41145260373276
2025-12-17 19:00:00,-10.2955348187019,1.39487353239925
2025-12-17 20:00:00,-10.1920165968336,1.38043374901397
2025-12-17 21:00:00,-10.2352254466137,1.3632706339923
2025-12-17 22:00:00,-10.812479969858,1.37223040619727
2025-12-17 23:00:00,-11.001469589622,1.36674866266007
2025-12-18 00:00:00,-9.88147519169733,1.35102137205918
2025-12-18 01:00:00,-10.6397015921348,1.39087567989506
2025-12-18 02:00:00,-10.3975002157038,1.38138766882092
2025-12-18 03:00:00,-10.1676218551275,1.36426684300001
2025-12-18 04:00:00,-10.3245565426355,1.37784698877087
2025-12-18 05:00:00,-10.5490642885193,1.4015357637833
2025-12-18 06:00:00,-10.6514870313851,1.40642493966673
2025-12-18 07:00:00,-10.8915809606276,1.43701192746902
2025-12-18 08:00:00,-10.5637606393455,1.44198227426153
2025-12-18 09:00:00,-10.6065635073798,1.45840011542553
2025-12-18 10:00:00,-10.0811797860937,1.44071296687617
2025-12-18 11:00:00,-10.7042035634802,1.55117147897277
2025-12-18 12:00:00,-10.5899241520601,1.59277725743475
2025-12-18 13:00:00,-9.72050726748081,1.578889900646
2025-12-18 14:00:00,-9.37807589156449,1.55929906643647
2025-12-18 15:00:00,-8.88447029127113,1.54682601565541
2025-12-18 16:00:00,-9.12189965348241,1.52690887177438
2025-12-18 17:00:00,-10.0968626847029,1.55284873361291
2025-12-18 18:00:00,-9.12683024333451,1.57623669788948
2025-12-18 19:00:00,-9.51171538266952,1.56091374767498
2025-12-18 20:00:00,-9.33393678893422,1.54096888161026
2025-12-18 21:00:00,-9.7074328538837,1.53616253916314
2025-12-18 22:00:00,-9.57002428163236,1.51675864732535
2025-12-18 23:00:00,-10.0018566309103,1.51792374896403
2025-12-19 00:00:00,-10.6206813430452,1.55777693511006
2025-12-19 01:00:00,-10.5618762823081,1.54625432198579
2025-12-19 02:00:00,-10.2168895386823,1.52574395826501
2025-12-19 03:00:00,-10.3211832001578,1.51037327465298
2025-12-19 04:00:00,-9.51559867477528,1.51180709437449
2025-12-19 05:00:00,-10.1966880828183,1.51379399510849
2025-12-19 06:00:00,-10.4627463536657,1.50351131014083
2025-12-19 07:00:00,-10.4551477366987,1.48781434571592
2025-12-19 08:00:00,-10.0828848486508,1.46832569395642
2025-12-19 09:00:00,-10.0945440197766,1.45062866963853
2025-12-19 10:00:00,-10.8690220018886,1.54421447154425
2025-12-19 11:00:00,-10.0858788483033,1.5243920815146
2025-12-19 12:00:00,-10.1824212605893,1.52766848969143
2025-12-19 13:00:00,-9.63623441589709,1.51309016396541
2025-12-19 14:00:00,-10.1936804894009,1.54031827752485
2025-12-19 15:00:00,-9.10393220794157,1.53999519008959
2025-12-19 16:00:00,-9.3970516650896,1.52363648805049
2025-12-19 17:00:00,-9.94159541629901,1.51343028040776
2025-12-19 18:00:00,-9.50179818220722,1.50229219782699
2025-12-19 19:00:00,-9.89492003416162,1.49999358273037
2025-12-19 20:00:00,-9.89553319666736,1.48754667054473
2025-12-19 21:00:00,-9.80005762156214,1.47167878627071
2025-12-19 22:00:00,-10.5958713381566,1.56792591924972
2025-12-19 23:00:00,-10.3640095204179,1.5611446517514
2025-12-20 00:00:00,-10.9946886615706,1.60294761562553
2025-12-20 01:00:00,-11.0391806630039,1.60462336762772
2025-12-20 02:00:00,-11.2993243609187,1.65044061368046
2025-12-20 03:00:00,-10.9939044127526,1.64011453821329
2025-12-20 04:00:00,-11.2433529897853,1.70777620735125
2025-12-20 05:00:00,-11.0367191332626,1.71321947803214
2025-12-20 06:00:00,-11.1282626686029,1.71686666013857
2025-12-20 07:00:00,-11.4294852373386,1.75877399881527
2025-12-20 08:00:00,-11.3558766351093,1.8064316804239
2025-12-20 09:00:00,-11.2079916578803,1.82440198301049
2025-12-20 10:00:00,-11.4873143964882,1.92384703699565
2025-12-20 11:00:00,-11.0848102296207,1.95082746622488
2025-12-20 12:00:00,-10.8543390284096,1.96444984029464
2025-12-20 13:00:00,-10.743831100312,2.03359338319601
2025-12-20 14:00:00,-10.4175056788166,2.01511788967339
2025-12-20 15:00:00,-10.8190736345194,2.11068228942532
2025-12-20 16:00:00,-10.466131144721,2.10776948163931
2025-12-20 17:00:00,-11.6447163077989,2.31938111017013
2025-12-20 18:00:00,-11.2486214652573,2.3423209378759
2025-12-20 19:00:00,-11.0392120500503,2.37330996930971
2025-12-20 20:00:00,-11.3617733852674,2.489415754299
2025-12-20 21:00:00,-11.4218046905875,2.59633549606616
2025-12-20 22:00:00,-10.8055794642192,2.58344721940085
2025-12-20 23:00:00,-11.2087299424113,2.64731191459676
2025-12-21 00:00:00,-13.9235811117061,2.68951785225833
2025-12-21 01:00:00,-13.1873768680951,2.65181750135182
2025-12-21 02:00:00,-12.6796427816915,2.62450546897152
2025-12-21 03:00:00,-12.9695535860967,2.58680699133381
2025-12-21 04:00:00,-12.7202980476167,2.54892185633297
2025-12-21 05:00:00,-13.2366506478077,2.53629289276258
2025-12-21 06:00:00,-13.194373159746,2.49951484542039
2025-12-21 07:00:00,-13.4792708787664,2.47820957481993
2025-12-21 08:00:00,-13.1360291859109,2.44406398037639
2025-12-21 09:00:00,-12.3953617674085,2.44223766871847
2025-12-21 10:00:00,-12.1700920781017,2.42626513585002
2025-12-21 11:00:00,-12.1970447349989,2.39401921933985
2025-12-21 12:00:00,-12.8892501859451,2.39053084475082
2025-12-21 13:00:00,-11.8942188154138,2.3707320895774
2025-12-21 14:00:00,-12.0066406560588,2.34256796244799
2025-12-21 15:00:00,-11.7937605644461,2.3164880186822
2025-12-21 16:00:00,-11.9875590705565,2.28325512951491
2025-12-21 17:00:00,-12.4180607404986,2.25033218910333
2025-12-21 18:00:00,-12.6057530095774,2.21832984550699
2025-12-21 19:00:00,-12.1496491199092,2.199206308723
2025-12-21 20:00:00,-12.2551082666243,2.16821813180687
2025-12-21 21:00:00,-12.7109567584116,2.15286704198782
2025-12-21 22:00:00,-12.4898921346091,2.12206860469466
2025-12-21 23:00:00,-12.3761045763896,2.09634347241767
2025-12-22 00:00:00,-11.2531645314943,2.08393792296391
2025-12-22 01:00:00,-11.1545992641011,2.10100036975844
2025-12-22 02:00:00,-11.3587660364139,2.08343119953181
2025-12-22 03:00:00,-11.6221069428919,2.05753833173139
2025-12-22 04:00:00,-11.5166910523265,2.03172243763078
2025-12-22 05:00:00,-11.8702701723142,2.00480877393854
2025-12-22 06:00:00,-12.1938209274747,1.97913751689725
2025-12-22 07:00:00,-12.0922125273325,1.95168211394988
2025-12-22 08:00:00,-11.7332906690413,1.92769373576748
2025-12-22 09:00:00,-11.3560939925262,1.92759624036025
2025-12-22 10:00:00,-11.6434181265538,1.90068799178517
2025-12-22 11:00:00,-11.9074237717318,1.88754878324136
2025-12-22 12:00:00,-11.5431254109908,1.86256159258867
2025-12-22 13:00:00,-11.4049111333089,1.84265570060715
2025-12-22 14:00:00,-11.3698059418507,1.8179235594869
2025-12-22 15:00:00,-10.8958538417357,1.80495900691376
2025-12-22 16:00:00,-10.7265043859416,1.79773020368229
2025-12-22 17:00:00,-11.3150995616717,1.77369397222337
2025-12-22 18:00:00,-11.5694853495597,1.74931201200113
2025-12-22 19:00:00,-11.4481567065941,1.72572963936838
2025-12-22 20:00:00,-11.1824993328898,1.71174107296177
2025-12-22 21:00:00,-11.3699408267564,1.68836221233877
2025-12-22 22:00:00,-11.468746503844,1.66553241823888
2025-12-22 23:00:00,-11.4492763651923,1.64583696103922
2025-12-23 00:00:00,-10.621964381486,1.62703476031424
2025-12-23 01:00:00,-11.0847121208476,1.61526237175088
2025-12-23 02:00:00,-11.1763737000992,1.60390657177365
2025-12-23 03:00:00,-10.8369476259264,1.58390424342596
2025-12-23 04:00:00,-10.9076139286075,1.57140617949098
2025-12-23 05:00:00,-10.9663186962473,1.55591587754922
2025-12-23 06:00:00,-10.828607932101,1.53670837915208
2025-12-23 07:00:00,-10.8214502130993,1.51695634479493
2025-12-23 08:00:00,-11.1862121356903,1.52606021681768
2025-12-23 09:00:00,-11.2064709541767,1.51927203855902
2025-12-23 10:00:00,-11.019675411438,1.50616860022482
2025-12-23 11:00:00,-11.3608094154727,1.55925598913591
2025-12-23 12:00:00,-10.8058743337523,1.54031346393428
2025-12-23 13:00:00,-10.3070093196716,1.5231528932289
2025-12-23 14:00:00,-10.4796767461005,1.50695209414255
2025-12-23 15:00:00,-10.0139267399734,1.48853503923986
2025-12-23 16:00:00,-10.1636209985096,1.47098863392107
2025-12-23 17:00:00,-10.5284292698538,1.45302545638403
2025-12-23 18:00:00,-10.3675436693419,1.4357218700919
2025-12-23 19:00:00,-10.5712980909945,1.42479075939601
2025-12-23 20:00:00,-10.5052467265671,1.40792924139636
2025-12-23 21:00:00,-10.2532375651141,1.39048272193971
2025-12-23 22:00:00,-10.8848694094876,1.41761077885603
2025-12-23 23:00:00,-10.6112708265285,1.39918153780971
2025-12-24 00:00:00,-11.2232465940824,1.40872334633308
2025-12-24 01:00:00,-11.4122098967696,1.40166068414409
2025-12-24 02:00:00,-11.4676196521302,1.39954131633492
2025-12-24 03:00:00,-11.1563366153755,1.38140617194149
2025-12-24 04:00:00,-11.2144855976407,1.37905433086761
2025-12-24 05:00:00,-11.2997863450501,1.37468358739453
2025-12-24 06:00:00,-11.2879442004948,1.35868903510526
2025-12-24 07:00:00,-11.6208317462525,1.36543293796317
2025-12-24 08:00:00,-11.1641453133267,1.34902569229794
2025-12-24 09:00:00,-11.0065425276374,1.33195501698271
2025-12-24 10:00:00,-11.3432583682213,1.34779334276849
2025-12-24 11:00:00,-11.0234363433829,1.33720217200724
2025-12-24 12:00:00,-11.3261584928115,1.37009671912429
2025-12-24 13:00:00,-10.8117167324429,1.3700206066509
2025-12-24 14:00:00,-10.9279364650766,1.36694914088494
2025-12-24 15:00:00,-9.98977269967393,1.36779334755002
2025-12-24 16:00:00,-10.1521419134338,1.35026474926512
2025-12-24 17:00:00,-10.4746832307791,1.33321083503636
2025-12-24 18:00:00,-11.182911134956,1.35848062798503
2025-12-24 19:00:00,-11.4238910312716,1.401959556568
2025-12-24 20:00:00,-11.4360170532756,1.43301403527005
2025-12-24 21:00:00,-11.4763917253195,1.47289471024676
2025-12-24 22:00:00,-11.3862422119291,1.49506764720179
2025-12-24 23:00:00,-11.1634807881243,1.48333892753204
2025-12-25 00:00:00,-11.7765604011868,1.48649490316206
2025-12-25 01:00:00,-11.6001496087446,1.46689484972093
2025-12-25 02:00:00,-11.6882115840309,1.45339190868496
2025-12-25 03:00:00,-11.8431744449142,1.4448738439313
2025-12-25 04:00:00,-11.6796408151633,1.43567656150384
2025-12-25 05:00:00,-12.0435794901175,1.46125147660497
2025-12-25 06:00:00,-12.3136780868976,1.48185818894906
2025-12-25 07:00:00,-12.4532260978182,1.5084930428603
2025-12-25 08:00:00,-12.3466230266275,1.54367245011886
2025-12-25 09:00:00,-11.2597356983582,1.54303837567244
2025-12-25 10:00:00,-12.0203071767283,1.59974523973662
2025-12-25 11:00:00,-11.4791058744117,1.58111851930144
2025-12-25 12:00:00,-11.7307501106919,1.60156801145646
2025-12-25 13:00:00,-11.5676879673347,1.63687098298766
2025-12-25 14:00:00,-11.4078811475493,1.62315064692385
2025-12-25 15:00:00,-11.1693375497442,1.61232907808622
2025-12-25 16:00:00,-10.4972200914763,1.60399638676481
2025-12-25 17:00:00,-11.2516345152074,1.59324692975541
2025-12-25 18:00:00,-11.4235699315639,1.58047878639106
2025-12-25 19:00:00,-11.6716859326007,1.59896009911548
2025-12-25 20:00:00,-11.6972777579294,1.60913410153982
2025-12-25 21:00:00,-11.110072756347,1.5877452180835
2025-12-25 22:00:00,-11.7188404802417,1.63191428189038
2025-12-25 23:00:00,-10.9837674295592,1.6228899662924
2025-12-26 00:00:00,-11.4677349734636,1.60129932281071
2025-12-26 01:00:00,-11.5621475549616,1.5841722443171
2025-12-26 02:00:00,-12.323335027799,1.60504123727942
2025-12-26 03:00:00,-10.9522210790215,1.71694322192011
2025-12-26 04:00:00,-11.4342065197312,1.69425052381662
2025-12-26 05:00:00,-11.61797167382,1.67115989245047
2025-12-26 06:00:00,-12.1335360254378,1.65784397423559
2025-12-26 07:00:00,-12.2384972302153,1.64052481116102
2025-12-26 08:00:00,-11.2183619931504,1.66434136611783
2025-12-26 09:00:00,-11.8923006733176,1.65486892980868
2025-12-26 10:00:00,-11.9807904923632,1.64235652203841
2025-12-26 11:00:00,-11.4612501302295,1.62163003497876
2025-12-26 12:00:00,-12.1051777044073,1.65850706446129
2025-12-26 13:00:00,-11.6543718705754,1.65373126516547
2025-12-26 14:00:00,-11.6066541097621,1.63469301761578
2025-12-26 15:00:00,-10.5181054355155,1.6656144319223
2025-12-26 16:00:00,-10.8375965530683,1.64321823397697
2025-12-26 17:00:00,-11.188070164003,1.62330666850356
2025-12-26 18:00:00,-11.4799117353327,1.60220997606843
2025-12-26 19:00:00,-11.5624549598355,1.58481242693226
2025-12-26 20:00:00,-12.1173170766206,1.62234115581637
2025-12-26 21:00:00,-11.764237526192,1.60474109799263
2025-12-26 22:00:00,-11.7260105761996,1.59140974960282
2025-12-26 23:00:00,-11.7541054850348,1.57315372308114
2025-12-27 00:00:00,-11.6454925748086,1.62431461062729
2025-12-27 01:00:00,-11.9532532627149,1.65158551425096
2025-12-27 02:00:00,-12.0246052633531,1.68399326818198
2025-12-27 03:00:00,-12.0361319208589,1.70682785525211
2025-12-27 04:00:00,-11.9240234815178,1.74308131072467
2025-12-27 05:00:00,-12.3649241724689,1.86070678882252
2025-12-27 06:00:00,-12.484283069923,1.92779265526361
2025-12-27 07:00:00,-12.0126555380238,1.91771706561689
2025-12-27 08:00:00,-11.3393888812064,1.89169229569756
2025-12-27 09:00:00,-12.0664951720196,1.97794952208664
2025-12-27 10:00:00,-11.7632133272582,1.98297243719694
2025-12-27 11:00:00,-11.3065229059098,1.96713230628507
2025-12-27 12:00:00,-12.0308069850974,2.10855921367309
2025-12-27 13:00:00,-11.5695389756767,2.16202354927788
2025-12-27 14:00:00,-11.4803271051313,2.17151509452592
2025-12-27 15:00:00,-11.3996365462393,2.20803622843217
2025-12-27 16:00:00,-11.9468410870685,2.36556272785507
2025-12-27 17:00:00,-11.8626292361966,2.38287760273262
2025-12-27 18:00:00,-11.9437010639695,2.42846000159785
2025-12-27 19:00:00,-11.8231865404611,2.46857927630379
2025-12-27 20:00:00,-11.8706650497594,2.52498951744511
2025-12-27 21:00:00,-12.1514597425239,2.64946582939396
2025-12-27 22:00:00,-12.0080619441084,2.71112390158022
2025-12-27 23:00:00,-11.0520036488038,2.67245956364036
2025-12-28 00:00:00,-13.7070074685138,2.65952998392566
2025-12-28 01:00:00,-13.2379389265461,2.63112763251333
2025-12-28 02:00:00,-13.6540827106782,2.60556792201047
2025-12-28 03:00:00,-13.6272020018138,2.56887021469646
2025-12-28 04:00:00,-13.6227996092118,2.5438457565465
2025-12-28 05:00:00,-13.6358436786306,2.51406374185908
2025-12-28 06:00:00,-13.5022369957315,2.47754025040584
2025-12-28 07:00:00,-13.8350379570486,2.45297507272976
2025-12-28 08:00:00,-13.6685893136532,2.42438415678686
2025-12-28 09:00:00,-13.4113386291623,2.38897959229024
2025-12-28 10:00:00,-13.4213540932037,2.35845951097658
2025-12-28 11:00:00,-12.9677096938561,2.32587133373325
2025-12-28 12:00:00,-13.2233597610575,2.30215935844527
2025-12-28 13:00:00,-13.128327606818,2.29351534820234
2025-12-28 14:00:00,-13.0830151346887,2.26203193497464
2025-12-28 15:00:00,-12.8322938394376,2.23076550271493
2025-12-28 16:00:00,-12.9188057897669,2.20435525670655
2025-12-28 17:00:00,-13.1537867600443,2.17357897696929
2025-12-28 18:00:00,-13.2905430237584,2.14701325489226
2025-12-28 19:00:00,-12.9019077304286,2.1177315825838
2025-12-28 20:00:00,-12.6704890570265,2.09271419894164
2025-12-28 21:00:00,-12.912264660639,2.06490136804497
2025-12-28 22:00:00,-13.1765335922501,2.04626266786047
2025-12-28 23:00:00,-12.6295757016297,2.04359028309604
2025-12-29 00:00:00,-12.7678160580564,2.01464821307764
2025-12-29 01:00:00,-12.7399618176984,2.00179171730192
2025-12-29 02:00:00,-12.6918568693749,1.98654799273207
2025-12-29 03:00:00,-12.2766949692043,2.02895840330521
2025-12-29 04:00:00,-12.0772468777382,2.04648545075746
2025-12-29 05:00:00,-12.5707153902919,2.02045749267435
2025-12-29 06:00:00,-12.9190392386416,1.99482579935788
2025-12-29 07:00:00,-12.9349459874044,1.97480297001961
2025-12-29 08:00:00,-12.7041323868619,1.95658058247022
2025-12-29 09:00:00,-12.3715272489367,1.97034856512392
2025-12-29 10:00:00,-11.7979646677598,2.04858337990364
2025-12-29 11:00:00,-12.4050089242192,2.01952317545273
2025-12-29 12:00:00,-12.8057290683696,1.99492602070821
2025-12-29 13:00:00,-11.4195746357319,2.07936711819686
2025-12-29 14:00:00,-12.3232137757874,2.05025836849187
2025-12-29 15:00:00,-11.5259922762603,2.098734776197
2025-12-29 16:00:00,-11.9125382325271,2.07436394650949
2025-12-29 17:00:00,-12.4205619422162,2.0487097942952
2025-12-29 18:00:00,-12.3820223539892,2.03308948437021
2025-12-29 19:00:00,-12.2481168834118,2.01749882275916
2025-12-29 20:00:00,-12.3300946197935,1.99419099778515
2025-12-29 21:00:00,-12.4187706586475,1.96796902874565
2025-12-29 22:00:00,-12.7581348266171,1.94363088472698
2025-12-29 23:00:00,-12.4961525098101,1.93064511397133
2025-12-30 00:00:00,-10.6519923625134,1.90409361846933
2025-12-30 01:00:00,-11.5613028046417,1.92427371069003
2025-12-30 02:00:00,-11.5421107436914,1.91358076570605
2025-12-30 03:00:00,-11.1011600493727,1.88805766878115
2025-12-30 04:00:00,-11.003634086394,1.86441569199212
2025-12-30 05:00:00,-11.4177037255824,1.86857073255765
2025-12-30 06:00:00,-11.7064736860847,1.86909590385566
2025-12-30 07:00:00,-11.8961694046616,1.88038803664977
2025-12-30 08:00:00,-11.5916106355165,1.87377844050632
2025-12-30 09:00:00,-10.9192979536201,1.85282009373846
2025-12-30 10:00:00,-11.2111299066555,1.8465087178803
2025-12-30 11:00:00,-10.9834841525065,1.82670201932678
2025-12-30 12:00:00,-11.088690355263,1.82112026114076
2025-12-30 13:00:00,-10.8928798253049,1.82859275226112
2025-12-30 14:00:00,-11.1946850428693,1.84120646947112
2025-12-30 15:00:00,-10.0164410492167,1.84279929497899
2025-12-30 16:00:00,-10.5414174771871,1.83428828621003
2025-12-30 17:00:00,-10.5844008239769,1.80978963572225
2025-12-30 18:00:00,-10.6577308062464,1.78479365145013
2025-12-30 19:00:00,-11.0757244838459,1.79360560346369
2025-12-30 20:00:00,-10.7880342789854,1.77007828177372
2025-12-30 21:00:00,-10.9611530534913,1.76409649745341
2025-12-30 22:00:00,-11.253997637276,1.78479720247255
2025-12-30 23:00:00,-11.2918082976971,1.78022387070216
2025-12-31 00:00:00,-11.9602592803853,1.7928394545707
2025-12-31 01:00:00,-12.0693759000359,1.78591044568535
2025-12-31 02:00:00,-11.1917525401389,1.78481593583377
2025-12-31 03:00:00,-11.7141327462134,1.77247087865566
2025-12-31 04:00:00,-11.5351246660786,1.75147971360827
2025-12-31 05:00:00,-11.7775320031379,1.74459740599849
2025-12-31 06:00:00,-12.1755222739692,1.75221748336064
2025-12-31 07:00:00,-12.3957096182261,1.77038348578635
2025-12-31 08:00:00,-12.0191786712311,1.76146915961307
2025-12-31 09:00:00,-11.7477667521356,1.74048471921728
2025-12-31 10:00:00,-11.9680401965174,1.75552721360979
2025-12-31 11:00:00,-11.5535749118282,1.73766653704056
2025-12-31 12:00:00,-11.6151237989939,1.73638642549827
2025-12-31 13:00:00,-11.2018962603085,1.72738814103886
2025-12-31 14:00:00,-11.3781279490592,1.71775811867444
2025-12-31 15:00:00,-10.6941625049769,1.69769611354288
2025-12-31 16:00:00,-10.831828730857,1.67680090644344
2025-12-31 17:00:00,-10.9341521342742,1.65637278649073
2025-12-31 18:00:00,-11.1603895372623,1.63510918655234
2025-12-31 19:00:00,-11.1429842041008,1.61496818680309
2025-12-31 20:00:00,-11.5779495422993,1.6305539935687
2025-12-31 21:00:00,-11.1408222590532,1.60852727994495
2025-12-31 22:00:00,-11.9815716249518,1.69955092426303
2025-12-31 23:00:00,-11.5958090053097,1.67963788659779
